video_id,semantic_cluster_id,semantic_cluster_size,semantic_cluster_label,cluster_top_terms
BTJGr78-zyw,7,197,the_to_you,the to you
tJH_gXK_WBM,4,1086,que_shorts_el,que shorts el
8WaOsUdfi6c,2,74,this_financial_financial_audit,this financial financial audit
uIcth4jt5yQ,2,74,this_financial_financial_audit,this financial financial audit
TIqrd6dCa8o,4,1086,que_shorts_el,que shorts el
kwEtOyaFhCA,4,1086,que_shorts_el,que shorts el
k8j-6Xvw_G4,4,1086,que_shorts_el,que shorts el
TNiqq4Uy7aY,7,197,the_to_you,the to you
PQZ2-kl18nY,2,74,this_financial_financial_audit,this financial financial audit
ImG1BgHsqHk,7,197,the_to_you,the to you
Xq7pk4z4rlk,4,1086,que_shorts_el,que shorts el
4m_M1Wpnr2Q,4,1086,que_shorts_el,que shorts el
rvVGTI7PFUQ,0,302,de_la_ia,de la ia
0idqiLonGYI,4,1086,que_shorts_el,que shorts el
7S3LvDMxrxQ,4,1086,que_shorts_el,que shorts el
tT-5AciMHc8,4,1086,que_shorts_el,que shorts el
5gvtrtQdrkI,7,197,the_to_you,the to you
hkTEFNz-CeU,4,1086,que_shorts_el,que shorts el
T_LWKGJDKgo,2,74,this_financial_financial_audit,this financial financial audit
XfGEMCb6BQU,4,1086,que_shorts_el,que shorts el
B3hwrASGkpY,4,1086,que_shorts_el,que shorts el
TkDWgKCjdtU,4,1086,que_shorts_el,que shorts el
f5QmO_3rK00,7,197,the_to_you,the to you
uZo3hzCUNsM,4,1086,que_shorts_el,que shorts el
vmRbevilfpU,0,302,de_la_ia,de la ia
Yikyh4ymps0,4,1086,que_shorts_el,que shorts el
Vsa4DmH9_6c,4,1086,que_shorts_el,que shorts el
KcA4MloW4PA,7,197,the_to_you,the to you
c5Jej6WbEpM,0,302,de_la_ia,de la ia
3SFlwYVEubU,0,302,de_la_ia,de la ia
Aen53ytTYqc,4,1086,que_shorts_el,que shorts el
qI1r3TGu5s8,4,1086,que_shorts_el,que shorts el
kKkiGPUnIds,4,1086,que_shorts_el,que shorts el
NlFAfAqX1zE,4,1086,que_shorts_el,que shorts el
qgzwtKsXCMo,4,1086,que_shorts_el,que shorts el
MjWI_rWQL68,2,74,this_financial_financial_audit,this financial financial audit
2woILE2Fhgc,4,1086,que_shorts_el,que shorts el
NdU6UdUKaYc,7,197,the_to_you,the to you
8_dh-IB9jZ8,4,1086,que_shorts_el,que shorts el
Su0aCV35IFM,7,197,the_to_you,the to you
P1DSZNhApJA,5,147,no_se_el,no se el
FCaTFLdtsco,7,197,the_to_you,the to you
WOTUpoI2LQA,4,1086,que_shorts_el,que shorts el
4LFP-oTXUN8,4,1086,que_shorts_el,que shorts el
5V-qwSnDOJs,0,302,de_la_ia,de la ia
P4ggqnvOO5c,4,1086,que_shorts_el,que shorts el
X3kCgMfoCDY,4,1086,que_shorts_el,que shorts el
-0tv5_bKAaQ,4,1086,que_shorts_el,que shorts el
Cr7oGnSzmb4,4,1086,que_shorts_el,que shorts el
0X0pDsglgno,0,302,de_la_ia,de la ia
7F4pY8Td9QQ,4,1086,que_shorts_el,que shorts el
pUlUgkaTQZg,2,74,this_financial_financial_audit,this financial financial audit
BYGtKMpJGpg,4,1086,que_shorts_el,que shorts el
ksn5yrsC3Wg,7,197,the_to_you,the to you
QPWScf-86po,4,1086,que_shorts_el,que shorts el
WfDMkPf1JQs,4,1086,que_shorts_el,que shorts el
AvxFr8lBnVI,4,1086,que_shorts_el,que shorts el
PSi75u9Lvek,4,1086,que_shorts_el,que shorts el
dl4Dw-RlPv4,4,1086,que_shorts_el,que shorts el
9g8Bz0ugi1I,4,1086,que_shorts_el,que shorts el
SFvm5X9E9hI,7,197,the_to_you,the to you
qrmEmu7nDFc,7,197,the_to_you,the to you
N9GiuDJVJuc,4,1086,que_shorts_el,que shorts el
oZteZj3IPCs,4,1086,que_shorts_el,que shorts el
IEJALLQFmDs,4,1086,que_shorts_el,que shorts el
dqazxW8R5BY,4,1086,que_shorts_el,que shorts el
B_hpiBpMQoI,4,1086,que_shorts_el,que shorts el
B9ocddyGfo8,2,74,this_financial_financial_audit,this financial financial audit
3fh7-hAq5xM,4,1086,que_shorts_el,que shorts el
wIfSyH9wFjs,0,302,de_la_ia,de la ia
GBAXKF4myuk,4,1086,que_shorts_el,que shorts el
5LJ1cxjQhyE,4,1086,que_shorts_el,que shorts el
n2T6AOoUkOM,2,74,this_financial_financial_audit,this financial financial audit
jLFG_FZKbks,4,1086,que_shorts_el,que shorts el
1djBIY7HO0k,2,74,this_financial_financial_audit,this financial financial audit
OS1R8XpI7b4,4,1086,que_shorts_el,que shorts el
N0Inna0vbM0,4,1086,que_shorts_el,que shorts el
XsY6iChNzf0,4,1086,que_shorts_el,que shorts el
EPBKIT19kg0,4,1086,que_shorts_el,que shorts el
YeLi2cRhXSU,4,1086,que_shorts_el,que shorts el
0QQ_jxbZbv0,5,147,no_se_el,no se el
BkKfKRzpwxg,4,1086,que_shorts_el,que shorts el
n-gYFcVx-8Y,4,1086,que_shorts_el,que shorts el
SRq2k75uLVo,4,1086,que_shorts_el,que shorts el
vgwG6e9TFcw,4,1086,que_shorts_el,que shorts el
OjbxCNnJcEU,4,1086,que_shorts_el,que shorts el
0y8vRPcSvbw,2,74,this_financial_financial_audit,this financial financial audit
Hk-ARbCTKzM,4,1086,que_shorts_el,que shorts el
HI5_RnjEGNg,4,1086,que_shorts_el,que shorts el
Qc11sIp3nR8,2,74,this_financial_financial_audit,this financial financial audit
UncqiOQc4rI,4,1086,que_shorts_el,que shorts el
ZVzRMrLmQCc,7,197,the_to_you,the to you
MVFd0qFB9TE,4,1086,que_shorts_el,que shorts el
jwkXWZKLpFk,4,1086,que_shorts_el,que shorts el
PoHZWjU54jY,7,197,the_to_you,the to you
ifa-F8OY0KY,4,1086,que_shorts_el,que shorts el
wmeUOPjA_qc,2,74,this_financial_financial_audit,this financial financial audit
lSFO6ygKqoM,4,1086,que_shorts_el,que shorts el
9iKWeo8sWh4,4,1086,que_shorts_el,que shorts el
m-nnyNZ0TQ0,7,197,the_to_you,the to you
fRjAMALJ0r0,4,1086,que_shorts_el,que shorts el
l4v4m3CgwSQ,4,1086,que_shorts_el,que shorts el
g3qdSCk9TNw,7,197,the_to_you,the to you
lGbrQJO3E_4,2,74,this_financial_financial_audit,this financial financial audit
owFZVWRoRTM,2,74,this_financial_financial_audit,this financial financial audit
QHE2QO8peRA,4,1086,que_shorts_el,que shorts el
yIZSL7ZtlYs,0,302,de_la_ia,de la ia
1_H80JEZ2ko,4,1086,que_shorts_el,que shorts el
_LRfzYRul0Y,4,1086,que_shorts_el,que shorts el
N5iBaZ5gnfE,2,74,this_financial_financial_audit,this financial financial audit
mCc1oPC5f-8,4,1086,que_shorts_el,que shorts el
J9FHkmw-l9w,0,302,de_la_ia,de la ia
iBpxQpktHN4,4,1086,que_shorts_el,que shorts el
YAA0iXJ9gCQ,2,74,this_financial_financial_audit,this financial financial audit
etURVlpA5mA,4,1086,que_shorts_el,que shorts el
SVTPv4sI_Jc,7,197,the_to_you,the to you
ZyC3GRY5e1M,7,197,the_to_you,the to you
WgcdDVIUXcI,4,1086,que_shorts_el,que shorts el
dNNyCZwEa6k,7,197,the_to_you,the to you
PnpHwhTWw0c,7,197,the_to_you,the to you
gztlPinApRE,0,302,de_la_ia,de la ia
BVCcjqYlfXg,4,1086,que_shorts_el,que shorts el
xaN83gVwJ60,4,1086,que_shorts_el,que shorts el
9Gr2QjvSQ-I,4,1086,que_shorts_el,que shorts el
wWNSkQKqie8,4,1086,que_shorts_el,que shorts el
g4Gb6viwsnQ,4,1086,que_shorts_el,que shorts el
SzG_O-In1vg,4,1086,que_shorts_el,que shorts el
qscktzcDfPM,4,1086,que_shorts_el,que shorts el
z7Qp9Q_Br88,4,1086,que_shorts_el,que shorts el
IM4NXjEW8vA,4,1086,que_shorts_el,que shorts el
IMM5cm6xrXQ,4,1086,que_shorts_el,que shorts el
daTs4wtAbmM,4,1086,que_shorts_el,que shorts el
Bj6MqL4pkXo,4,1086,que_shorts_el,que shorts el
AtSQBfBK6HE,7,197,the_to_you,the to you
Pf8xz9q12Cs,7,197,the_to_you,the to you
9uEU6bWB6_4,7,197,the_to_you,the to you
v_1Dhh8G84c,4,1086,que_shorts_el,que shorts el
zoWYkJ4RTN0,4,1086,que_shorts_el,que shorts el
a9T6IRpz31E,2,74,this_financial_financial_audit,this financial financial audit
8Vq_Vm8Pe9Y,0,302,de_la_ia,de la ia
Czf68kDF_7Y,2,74,this_financial_financial_audit,this financial financial audit
WpQ0qbUFLXc,7,197,the_to_you,the to you
JDPom9Tnjc4,7,197,the_to_you,the to you
4yDM3ZFcQm4,7,197,the_to_you,the to you
pwcrn5bdr9c,5,147,no_se_el,no se el
VozHMHyKtG8,4,1086,que_shorts_el,que shorts el
tXRno9MAa-I,4,1086,que_shorts_el,que shorts el
mPHNIsDsJio,2,74,this_financial_financial_audit,this financial financial audit
pG99B0ui06s,4,1086,que_shorts_el,que shorts el
vKG-QwpcF3k,7,197,the_to_you,the to you
A2O_CSDImRs,7,197,the_to_you,the to you
XmTywJQA2fs,4,1086,que_shorts_el,que shorts el
u_f8bJkfg68,4,1086,que_shorts_el,que shorts el
ArA_8v8LTfY,4,1086,que_shorts_el,que shorts el
MK36lyttVLU,2,74,this_financial_financial_audit,this financial financial audit
W65cfPslnzo,4,1086,que_shorts_el,que shorts el
V6VQ54eTok0,4,1086,que_shorts_el,que shorts el
s6XPoPYDn-Y,2,74,this_financial_financial_audit,this financial financial audit
4t3ID7mJo-8,4,1086,que_shorts_el,que shorts el
tkLxg6h07aE,2,74,this_financial_financial_audit,this financial financial audit
OrI86PV-aPg,4,1086,que_shorts_el,que shorts el
t5VenR2zC2o,4,1086,que_shorts_el,que shorts el
dl0-TveDDGA,4,1086,que_shorts_el,que shorts el
ENkAEIMcDis,0,302,de_la_ia,de la ia
RvCT57c2Fdc,4,1086,que_shorts_el,que shorts el
TmkbUF0V0hM,2,74,this_financial_financial_audit,this financial financial audit
r8avNn7cKuY,7,197,the_to_you,the to you
5LBnQ2OhJCQ,5,147,no_se_el,no se el
GREaEG_0Xcw,4,1086,que_shorts_el,que shorts el
07T7V-Szcx0,4,1086,que_shorts_el,que shorts el
T32B8W5B3XY,4,1086,que_shorts_el,que shorts el
fKuIJ_z2Y6A,7,197,the_to_you,the to you
ERWIJPTNZVM,4,1086,que_shorts_el,que shorts el
OEtIq4tR1rA,4,1086,que_shorts_el,que shorts el
YVgdX2fTKWg,7,197,the_to_you,the to you
U5l0Z8T4tCk,4,1086,que_shorts_el,que shorts el
7Y7Iv5XAXwI,4,1086,que_shorts_el,que shorts el
8NoYT5bpGOI,7,197,the_to_you,the to you
1mHrzCe7Gkc,4,1086,que_shorts_el,que shorts el
e-fi6z80CoA,4,1086,que_shorts_el,que shorts el
9ZkFpNoq8-g,7,197,the_to_you,the to you
vEllJ_ltr18,4,1086,que_shorts_el,que shorts el
FMdrD_jcYgE,7,197,the_to_you,the to you
DYkyYUjOZTk,4,1086,que_shorts_el,que shorts el
yipK0StLn9k,0,302,de_la_ia,de la ia
jKTNMlUEdgU,4,1086,que_shorts_el,que shorts el
GIpW82nODbE,2,74,this_financial_financial_audit,this financial financial audit
c6EqXrf-yqk,7,197,the_to_you,the to you
fhaODAC3PBk,0,302,de_la_ia,de la ia
PDLLR1NwC2o,4,1086,que_shorts_el,que shorts el
OGQFzTqTT6o,4,1086,que_shorts_el,que shorts el
66gMxbNKaYA,0,302,de_la_ia,de la ia
mpZK1dqX6aA,4,1086,que_shorts_el,que shorts el
vp4XgAoKrUQ,4,1086,que_shorts_el,que shorts el
8u7HqZJQHDM,2,74,this_financial_financial_audit,this financial financial audit
imAjmQy8p8c,4,1086,que_shorts_el,que shorts el
nKjkNG951j0,4,1086,que_shorts_el,que shorts el
Z_JYEX2bgb0,5,147,no_se_el,no se el
4at2bVIhLgc,7,197,the_to_you,the to you
2_kyhUXyOlQ,4,1086,que_shorts_el,que shorts el
PGBt4pOj4Vc,4,1086,que_shorts_el,que shorts el
N-zjDtQOwxc,5,147,no_se_el,no se el
BdUzhVM5w1U,4,1086,que_shorts_el,que shorts el
KGHb_XF0Z8M,4,1086,que_shorts_el,que shorts el
ucN2hf0CgI8,4,1086,que_shorts_el,que shorts el
msYTFQ4OIu8,2,74,this_financial_financial_audit,this financial financial audit
G-2pLhMxPMU,7,197,the_to_you,the to you
w88x3_HNPxg,2,74,this_financial_financial_audit,this financial financial audit
LLj-ledF9PI,7,197,the_to_you,the to you
GlOQIsLX2rA,4,1086,que_shorts_el,que shorts el
eBbqRceO2qY,4,1086,que_shorts_el,que shorts el
ja_XWS1tBOc,4,1086,que_shorts_el,que shorts el
UPbaPjDGQIE,7,197,the_to_you,the to you
gd3iHglylrY,4,1086,que_shorts_el,que shorts el
4bXNYw_dTeY,0,302,de_la_ia,de la ia
-f4f9HVbOzw,4,1086,que_shorts_el,que shorts el
gV-VoaHsy-c,5,147,no_se_el,no se el
fuxYQrqkfns,4,1086,que_shorts_el,que shorts el
5wuHYQMnYhA,7,197,the_to_you,the to you
W41XcEogOB0,4,1086,que_shorts_el,que shorts el
3era1_feC3U,4,1086,que_shorts_el,que shorts el
ayCQvz-p7Sc,4,1086,que_shorts_el,que shorts el
AJsAV4ZqwTc,0,302,de_la_ia,de la ia
aZVcAlzBIp4,4,1086,que_shorts_el,que shorts el
Yo4aGwiAUBk,0,302,de_la_ia,de la ia
eOI7WQIEX1Y,4,1086,que_shorts_el,que shorts el
4xS5ctymXBs,0,302,de_la_ia,de la ia
gdjCR9h1yGc,7,197,the_to_you,the to you
uGwDuvSqgYI,4,1086,que_shorts_el,que shorts el
df8m5VhKqhM,4,1086,que_shorts_el,que shorts el
4s9LuOSR3Q4,7,197,the_to_you,the to you
HRxULulg_hM,4,1086,que_shorts_el,que shorts el
KGeCwEOLPGE,4,1086,que_shorts_el,que shorts el
BAORYfrrBzc,4,1086,que_shorts_el,que shorts el
WeliLUboy3M,2,74,this_financial_financial_audit,this financial financial audit
kB_PJC80JhY,5,147,no_se_el,no se el
0pPuQw4fQaI,7,197,the_to_you,the to you
dU5sDKcwN9E,7,197,the_to_you,the to you
ioMFcAvfkO4,4,1086,que_shorts_el,que shorts el
uTBQ0E07n88,4,1086,que_shorts_el,que shorts el
39czcByvq7c,4,1086,que_shorts_el,que shorts el
OQf2Ba-Lp_4,4,1086,que_shorts_el,que shorts el
wTZfT81oTrs,4,1086,que_shorts_el,que shorts el
SiQ3bMsRXHs,0,302,de_la_ia,de la ia
lDyiY5vjqaw,4,1086,que_shorts_el,que shorts el
DJFZGH0vKho,4,1086,que_shorts_el,que shorts el
8QsAx7s9PmQ,4,1086,que_shorts_el,que shorts el
reCJ5EuvukI,4,1086,que_shorts_el,que shorts el
UEYBrtzl3wg,4,1086,que_shorts_el,que shorts el
IrGd4xIhTN0,7,197,the_to_you,the to you
r4R_Hlw7sbo,4,1086,que_shorts_el,que shorts el
ABoKfabPQyY,7,197,the_to_you,the to you
8TvJvfKz8Fo,5,147,no_se_el,no se el
Omkh1QFFiBM,4,1086,que_shorts_el,que shorts el
GXeBi91SkIw,7,197,the_to_you,the to you
75QtulYanTE,7,197,the_to_you,the to you
8spOcDezHrw,4,1086,que_shorts_el,que shorts el
Vj0kvWvBGxg,4,1086,que_shorts_el,que shorts el
g6Cq3m3gq1g,5,147,no_se_el,no se el
31t_CBePs34,4,1086,que_shorts_el,que shorts el
ktkpd9A8MD8,4,1086,que_shorts_el,que shorts el
QBLH2Q3K_aE,4,1086,que_shorts_el,que shorts el
ExlWYbISs6I,7,197,the_to_you,the to you
jAaw0vn7eLs,7,197,the_to_you,the to you
FYMdllTCrc0,7,197,the_to_you,the to you
up__2flbXw4,4,1086,que_shorts_el,que shorts el
roUppNywDks,2,74,this_financial_financial_audit,this financial financial audit
2r0m4TsyIxs,4,1086,que_shorts_el,que shorts el
suqYhItddAc,4,1086,que_shorts_el,que shorts el
Lqq78q17jDY,0,302,de_la_ia,de la ia
zfNPPFcYi-A,4,1086,que_shorts_el,que shorts el
rfRFwXnk660,4,1086,que_shorts_el,que shorts el
XmME99qXdmM,4,1086,que_shorts_el,que shorts el
p6Ejmhwb8Sc,4,1086,que_shorts_el,que shorts el
fpmYvXCzO1c,4,1086,que_shorts_el,que shorts el
wDUtigax8Lg,4,1086,que_shorts_el,que shorts el
YFc40YFhMvk,7,197,the_to_you,the to you
-7R_yASwE4w,4,1086,que_shorts_el,que shorts el
0kHJZFOuMWc,4,1086,que_shorts_el,que shorts el
fwUWAoSeg2g,4,1086,que_shorts_el,que shorts el
tpay1lEGZ7g,5,147,no_se_el,no se el
gsRLocZ2QYg,7,197,the_to_you,the to you
Bcag49Fk3zA,2,74,this_financial_financial_audit,this financial financial audit
nP9uFj-_dgA,4,1086,que_shorts_el,que shorts el
Y9HJ_U3TdXk,4,1086,que_shorts_el,que shorts el
nByAk8IonBk,4,1086,que_shorts_el,que shorts el
pcAJLeGAtwc,4,1086,que_shorts_el,que shorts el
GIGLcNgNOP4,5,147,no_se_el,no se el
N7UtnNPSYYI,4,1086,que_shorts_el,que shorts el
nHH771Vtkxw,4,1086,que_shorts_el,que shorts el
Fz9FjKAZ1uw,4,1086,que_shorts_el,que shorts el
_WrHMsTYlOU,4,1086,que_shorts_el,que shorts el
XiPhamWTPcU,4,1086,que_shorts_el,que shorts el
3yj9rCGNqjU,4,1086,que_shorts_el,que shorts el
kijJaXVri7Q,4,1086,que_shorts_el,que shorts el
UM9dcnJXX0k,4,1086,que_shorts_el,que shorts el
rIi3YI0zmNI,2,74,this_financial_financial_audit,this financial financial audit
5rTrRNntFTA,4,1086,que_shorts_el,que shorts el
gpnRn3UuFOc,4,1086,que_shorts_el,que shorts el
4UhvmwlxRLM,4,1086,que_shorts_el,que shorts el
ZzrrUfFTu_8,0,302,de_la_ia,de la ia
7w_UJew1aDs,4,1086,que_shorts_el,que shorts el
5YKhtb3DNNo,4,1086,que_shorts_el,que shorts el
HB20PBw3C-0,4,1086,que_shorts_el,que shorts el
-peAopWmtxU,5,147,no_se_el,no se el
kBctc9rV__4,0,302,de_la_ia,de la ia
eRD2C7w9r6Y,4,1086,que_shorts_el,que shorts el
mK3xENFCGnI,4,1086,que_shorts_el,que shorts el
yHYYyV2Pdmk,4,1086,que_shorts_el,que shorts el
VCFDGjCcWZs,4,1086,que_shorts_el,que shorts el
t9PF8V132Y4,7,197,the_to_you,the to you
tbvteFr4SPQ,4,1086,que_shorts_el,que shorts el
SZ8r5VKtGes,0,302,de_la_ia,de la ia
rHDw0XcyZ1I,4,1086,que_shorts_el,que shorts el
vCMOT7RkU5Q,0,302,de_la_ia,de la ia
pXI3xinu4bc,4,1086,que_shorts_el,que shorts el
-1Fhry-Mqks,7,197,the_to_you,the to you
vxjrgy16ljc,4,1086,que_shorts_el,que shorts el
kWIBe2hzd4M,4,1086,que_shorts_el,que shorts el
0HSNPIttevk,7,197,the_to_you,the to you
K9S3YgFZN9Y,4,1086,que_shorts_el,que shorts el
3PZ3d4eNWrc,4,1086,que_shorts_el,que shorts el
EJBfmLrc-iw,4,1086,que_shorts_el,que shorts el
JjwHFerSu4M,4,1086,que_shorts_el,que shorts el
r79B-_e2v-s,4,1086,que_shorts_el,que shorts el
if955Z_s4Ts,4,1086,que_shorts_el,que shorts el
1-B-IJh_fsU,4,1086,que_shorts_el,que shorts el
lEhOg8oVpjU,4,1086,que_shorts_el,que shorts el
WSi_IaIn9wE,4,1086,que_shorts_el,que shorts el
6dt3fd17_d0,4,1086,que_shorts_el,que shorts el
S0WQP5GeTZs,7,197,the_to_you,the to you
B68QDB2YfZY,7,197,the_to_you,the to you
TG39Ow5fepA,2,74,this_financial_financial_audit,this financial financial audit
RniYUmKs93U,4,1086,que_shorts_el,que shorts el
LLK879SXq_w,4,1086,que_shorts_el,que shorts el
OTt76d3wPiQ,4,1086,que_shorts_el,que shorts el
cZWh4DCZsQg,4,1086,que_shorts_el,que shorts el
Nn2eXwch-K0,4,1086,que_shorts_el,que shorts el
er7v-GJj_V0,5,147,no_se_el,no se el
vTXoE7BLv9s,4,1086,que_shorts_el,que shorts el
ydRguU_cH8Y,4,1086,que_shorts_el,que shorts el
lXVyuiseTsQ,4,1086,que_shorts_el,que shorts el
54IzxU24YT0,4,1086,que_shorts_el,que shorts el
zkmezdV88JA,4,1086,que_shorts_el,que shorts el
jRLXiOUYpqE,4,1086,que_shorts_el,que shorts el
ndkH5fZSIvs,4,1086,que_shorts_el,que shorts el
OHuPtXHcJYM,4,1086,que_shorts_el,que shorts el
wgADj9n8XMs,4,1086,que_shorts_el,que shorts el
rJgtb2s7Oz8,4,1086,que_shorts_el,que shorts el
KXpgCNB6Dcs,0,302,de_la_ia,de la ia
fGOSfk8mfPY,4,1086,que_shorts_el,que shorts el
Hw7PE5a3DGo,4,1086,que_shorts_el,que shorts el
OwbaFLtBpkQ,4,1086,que_shorts_el,que shorts el
dFFcJBHuRcQ,7,197,the_to_you,the to you
zvBx0ylgPOE,4,1086,que_shorts_el,que shorts el
wng1spgJCoU,7,197,the_to_you,the to you
SAtFZPtbMpI,4,1086,que_shorts_el,que shorts el
YPboGQjMxNY,4,1086,que_shorts_el,que shorts el
FZbMPtLRr00,7,197,the_to_you,the to you
HCctOxW-iWQ,5,147,no_se_el,no se el
5-ASQ44GpNI,0,302,de_la_ia,de la ia
Rij6WQMuxcw,7,197,the_to_you,the to you
yIUDe9YH0ac,4,1086,que_shorts_el,que shorts el
oYl0cu8wos0,4,1086,que_shorts_el,que shorts el
GDex3WIPF7c,7,197,the_to_you,the to you
2ZV29QhLfjw,4,1086,que_shorts_el,que shorts el
3fsJFUvA6Ts,7,197,the_to_you,the to you
SWyHoj5CRqs,4,1086,que_shorts_el,que shorts el
vNXFk8iGHk8,4,1086,que_shorts_el,que shorts el
7JMlkwMz58I,0,302,de_la_ia,de la ia
oOCN30ulVyo,4,1086,que_shorts_el,que shorts el
kH_bSvf7EVA,4,1086,que_shorts_el,que shorts el
VgH5rhALEfU,4,1086,que_shorts_el,que shorts el
IG4Sqs3G1fA,4,1086,que_shorts_el,que shorts el
mtAmAX-y2vI,4,1086,que_shorts_el,que shorts el
JWOErbTL9N4,4,1086,que_shorts_el,que shorts el
0D14LJGiBkg,4,1086,que_shorts_el,que shorts el
U2Dte2isigQ,4,1086,que_shorts_el,que shorts el
BOmc_wliaRg,4,1086,que_shorts_el,que shorts el
xjcVnFd-4YA,4,1086,que_shorts_el,que shorts el
-CTY5XDxt8E,7,197,the_to_you,the to you
J7ieKmP96Hc,7,197,the_to_you,the to you
io_Ysi-LFWE,4,1086,que_shorts_el,que shorts el
iK6HT02LYX4,7,197,the_to_you,the to you
rJx6qKcbxrs,4,1086,que_shorts_el,que shorts el
TbKxcL_CH3Y,0,302,de_la_ia,de la ia
u5HPVyEpyNI,0,302,de_la_ia,de la ia
NUQcYZADgLw,4,1086,que_shorts_el,que shorts el
kTlm_3HwRFg,4,1086,que_shorts_el,que shorts el
764wuV71sO0,4,1086,que_shorts_el,que shorts el
YhNUPGphSM8,0,302,de_la_ia,de la ia
iLMYNLHll1E,0,302,de_la_ia,de la ia
PeFJWx_WIXA,4,1086,que_shorts_el,que shorts el
MqpQhyjFZQU,4,1086,que_shorts_el,que shorts el
BqtCN12mmu4,4,1086,que_shorts_el,que shorts el
wy3a_xJI3so,4,1086,que_shorts_el,que shorts el
4Y94xhZcF0U,0,302,de_la_ia,de la ia
nm0rAOWyGtE,4,1086,que_shorts_el,que shorts el
sKME5er1OKc,4,1086,que_shorts_el,que shorts el
D4fkiQfzw_I,4,1086,que_shorts_el,que shorts el
x-SEoMFBPQQ,4,1086,que_shorts_el,que shorts el
TfojYStTlZE,4,1086,que_shorts_el,que shorts el
UUzxEVhRQgQ,4,1086,que_shorts_el,que shorts el
Y_FN-dx8J2M,1,49,dijo_esto_dijo_esto_shorts,dijo esto dijo esto shorts
DSRfs1qKWR0,4,1086,que_shorts_el,que shorts el
gEUMAljLr78,4,1086,que_shorts_el,que shorts el
l-6x9PLzHkw,4,1086,que_shorts_el,que shorts el
U0f47Nt9g-Q,4,1086,que_shorts_el,que shorts el
rc-xQnupse0,0,302,de_la_ia,de la ia
iRach9lpIlg,4,1086,que_shorts_el,que shorts el
2pao0845DQQ,5,147,no_se_el,no se el
5EWqr_Y2uH0,2,74,this_financial_financial_audit,this financial financial audit
zxQJIBt9CBI,4,1086,que_shorts_el,que shorts el
z4h2OSxmQr8,4,1086,que_shorts_el,que shorts el
KIL81oKLZTc,4,1086,que_shorts_el,que shorts el
YGwqvGyl9f8,4,1086,que_shorts_el,que shorts el
1baBzd1XPkU,4,1086,que_shorts_el,que shorts el
F1gM7N-WXdU,7,197,the_to_you,the to you
yy_J5fdELm0,4,1086,que_shorts_el,que shorts el
LFgVx1UUrOg,4,1086,que_shorts_el,que shorts el
gzjXoJoWgjs,7,197,the_to_you,the to you
IKQKPQP0HNE,5,147,no_se_el,no se el
TET8fTKH1e8,0,302,de_la_ia,de la ia
98VQpHj17Ws,4,1086,que_shorts_el,que shorts el
4Zi41MRVP0g,0,302,de_la_ia,de la ia
pcnkzTIQXPU,4,1086,que_shorts_el,que shorts el
B_yUECWfVFg,4,1086,que_shorts_el,que shorts el
8wjPN6Bvi-k,4,1086,que_shorts_el,que shorts el
p7K3xfViWCE,4,1086,que_shorts_el,que shorts el
1uxvXO8XY9M,2,74,this_financial_financial_audit,this financial financial audit
bfENsVP77VQ,7,197,the_to_you,the to you
Y254oB1QNOE,7,197,the_to_you,the to you
gpfhjHmbmIE,4,1086,que_shorts_el,que shorts el
6WqWhSmCbXk,4,1086,que_shorts_el,que shorts el
MOrBFf1DVvs,2,74,this_financial_financial_audit,this financial financial audit
3LnNwS6rqk8,0,302,de_la_ia,de la ia
8--Bq5oEsZ8,4,1086,que_shorts_el,que shorts el
R-klQGp_308,4,1086,que_shorts_el,que shorts el
HgfDVxIHlv8,4,1086,que_shorts_el,que shorts el
n8bdMyQzV0U,0,302,de_la_ia,de la ia
N-zh9aImMwA,4,1086,que_shorts_el,que shorts el
FGFaysGrKng,4,1086,que_shorts_el,que shorts el
QfUb5MEAOXA,4,1086,que_shorts_el,que shorts el
0DB_Qj43O6Q,5,147,no_se_el,no se el
GwXyadIbJ_A,4,1086,que_shorts_el,que shorts el
EGTF9mGda4U,4,1086,que_shorts_el,que shorts el
4xGGV_ExIyM,4,1086,que_shorts_el,que shorts el
0Z1lChyi2W4,2,74,this_financial_financial_audit,this financial financial audit
0t118SCf-2w,4,1086,que_shorts_el,que shorts el
0ynBLEz-2Wk,5,147,no_se_el,no se el
QUBjCcBXy3o,4,1086,que_shorts_el,que shorts el
IldLswg2yAM,4,1086,que_shorts_el,que shorts el
nJ0oh5u6YbM,4,1086,que_shorts_el,que shorts el
dhbt8y_LXQY,4,1086,que_shorts_el,que shorts el
oRVJREzko-M,4,1086,que_shorts_el,que shorts el
gPmmDEGCQLg,4,1086,que_shorts_el,que shorts el
Cp3DxMyEBIM,4,1086,que_shorts_el,que shorts el
8fIRAhGGRgA,7,197,the_to_you,the to you
1PIbKMyFMAY,4,1086,que_shorts_el,que shorts el
48hHo2WcAQI,4,1086,que_shorts_el,que shorts el
SSs7i4DW19g,4,1086,que_shorts_el,que shorts el
BflRX7z7SHs,4,1086,que_shorts_el,que shorts el
5a0Ickv5Rjo,0,302,de_la_ia,de la ia
__4yBF4LLLU,7,197,the_to_you,the to you
tVpky2riji0,4,1086,que_shorts_el,que shorts el
IaBf1jTYaIw,7,197,the_to_you,the to you
CFBEih785-I,7,197,the_to_you,the to you
81RBVN6P9cM,2,74,this_financial_financial_audit,this financial financial audit
m1ddx427bHI,4,1086,que_shorts_el,que shorts el
wJl8aMWZp3A,4,1086,que_shorts_el,que shorts el
yE8fJOgv7Pc,4,1086,que_shorts_el,que shorts el
HP4DI0WEiFw,4,1086,que_shorts_el,que shorts el
VjqsnOrW3AM,7,197,the_to_you,the to you
ZD538bXPQ50,4,1086,que_shorts_el,que shorts el
TyGoMtXLLBU,4,1086,que_shorts_el,que shorts el
5tW7CPAVii0,2,74,this_financial_financial_audit,this financial financial audit
iaYdIU5n6vw,4,1086,que_shorts_el,que shorts el
yCIVUZmGyZ8,4,1086,que_shorts_el,que shorts el
sjbKZ4CY1Ow,7,197,the_to_you,the to you
_OGwq1_pxCE,4,1086,que_shorts_el,que shorts el
9oVPXnEkegY,4,1086,que_shorts_el,que shorts el
ZAmCJoz4c4w,7,197,the_to_you,the to you
WhjPhyarsFI,7,197,the_to_you,the to you
_2djt63K6Lg,0,302,de_la_ia,de la ia
5OPXXtUC3x0,4,1086,que_shorts_el,que shorts el
EM5vv6_MQLY,4,1086,que_shorts_el,que shorts el
bsqWl-u1aQQ,4,1086,que_shorts_el,que shorts el
2mOqRPcWgMM,2,74,this_financial_financial_audit,this financial financial audit
-uSQcEfnKp0,4,1086,que_shorts_el,que shorts el
T7_l896OH20,4,1086,que_shorts_el,que shorts el
3eAU7XU51vw,4,1086,que_shorts_el,que shorts el
mZ64zRivrJw,5,147,no_se_el,no se el
XXZ2wOom1l0,4,1086,que_shorts_el,que shorts el
cL8lb0QX3QU,0,302,de_la_ia,de la ia
fr78adfAnuA,7,197,the_to_you,the to you
aI1my7tsEnI,0,302,de_la_ia,de la ia
IJJbQTVdAtE,7,197,the_to_you,the to you
KdmRWazuBRU,4,1086,que_shorts_el,que shorts el
SsMdZMkYKO4,4,1086,que_shorts_el,que shorts el
mKRwWZlOQlk,4,1086,que_shorts_el,que shorts el
UgfrzicHc80,4,1086,que_shorts_el,que shorts el
jytAQWCc_TI,2,74,this_financial_financial_audit,this financial financial audit
0QtQXR__SpY,4,1086,que_shorts_el,que shorts el
33HT7CnI79k,7,197,the_to_you,the to you
giDzcuRAg6g,4,1086,que_shorts_el,que shorts el
-txFIHA4ez8,4,1086,que_shorts_el,que shorts el
UsS6bOYnnOI,7,197,the_to_you,the to you
Ycdklm6W1_o,7,197,the_to_you,the to you
0dlCWrqFoeM,4,1086,que_shorts_el,que shorts el
QIKiQjEMUjY,4,1086,que_shorts_el,que shorts el
_O-il5eIVDo,4,1086,que_shorts_el,que shorts el
na5Enw8P18A,4,1086,que_shorts_el,que shorts el
DmcKWMeNWaQ,5,147,no_se_el,no se el
DNOr88umKsw,5,147,no_se_el,no se el
GmTuhpMe1oM,4,1086,que_shorts_el,que shorts el
wEb6ULf3TzU,4,1086,que_shorts_el,que shorts el
LNKCHWOW7aI,4,1086,que_shorts_el,que shorts el
DGL86zYmHBc,7,197,the_to_you,the to you
BJ6ybiIMdbY,4,1086,que_shorts_el,que shorts el
6jI9H3lyil4,4,1086,que_shorts_el,que shorts el
XfY_L8MLOsU,7,197,the_to_you,the to you
AzNb2nQrM7U,4,1086,que_shorts_el,que shorts el
k7aOM--Ycts,4,1086,que_shorts_el,que shorts el
4UVhim1TnMY,4,1086,que_shorts_el,que shorts el
dMdxruMF21Y,4,1086,que_shorts_el,que shorts el
VjcXNeQ8A_0,0,302,de_la_ia,de la ia
snM0UfZxakc,2,74,this_financial_financial_audit,this financial financial audit
bw5wSyyH-bg,2,74,this_financial_financial_audit,this financial financial audit
LKxIrZFhONI,4,1086,que_shorts_el,que shorts el
dqqbLS57ZWk,0,302,de_la_ia,de la ia
RdybN9A5CH8,4,1086,que_shorts_el,que shorts el
Y1Q2le4JrAI,2,74,this_financial_financial_audit,this financial financial audit
z1aIT-fzbhY,4,1086,que_shorts_el,que shorts el
jFZPpkVszCg,4,1086,que_shorts_el,que shorts el
Z50QkVZcP1k,4,1086,que_shorts_el,que shorts el
Or4oXjKPXrE,4,1086,que_shorts_el,que shorts el
CBxCE4fVpt4,4,1086,que_shorts_el,que shorts el
KUvWaj4IFZg,4,1086,que_shorts_el,que shorts el
Rvy2kXZpBtM,0,302,de_la_ia,de la ia
nVHr2D6tnA4,4,1086,que_shorts_el,que shorts el
ExJhkzR21ls,4,1086,que_shorts_el,que shorts el
oZdFmKbycx8,4,1086,que_shorts_el,que shorts el
VH1-eMZk-Ms,0,302,de_la_ia,de la ia
_jxLMMcKmRQ,0,302,de_la_ia,de la ia
LAjjk7ivtFM,4,1086,que_shorts_el,que shorts el
a1aFhMw2wQE,4,1086,que_shorts_el,que shorts el
m2QTVLiXizo,4,1086,que_shorts_el,que shorts el
8nwaOxXIj0g,4,1086,que_shorts_el,que shorts el
aRLwX_dN8AQ,7,197,the_to_you,the to you
p5zWy46yWxU,7,197,the_to_you,the to you
_9bYQ2tvc_s,4,1086,que_shorts_el,que shorts el
XoDfpxBy8Ag,4,1086,que_shorts_el,que shorts el
-pNi4dh7VFo,0,302,de_la_ia,de la ia
Fo1L69HFO0c,4,1086,que_shorts_el,que shorts el
4nQnhjimB4Y,7,197,the_to_you,the to you
tUmd3tWCDKs,2,74,this_financial_financial_audit,this financial financial audit
bWihh-tcMoY,0,302,de_la_ia,de la ia
dbAz9kzA7yU,4,1086,que_shorts_el,que shorts el
WsK8Ht_a9J4,0,302,de_la_ia,de la ia
iad41oFviv8,4,1086,que_shorts_el,que shorts el
KLYwFWIhPWI,4,1086,que_shorts_el,que shorts el
UXjB6q1dTRE,4,1086,que_shorts_el,que shorts el
INj5n4ISAi0,4,1086,que_shorts_el,que shorts el
Mjin58WQTUI,7,197,the_to_you,the to you
8OjVlmrtW4M,0,302,de_la_ia,de la ia
_WaudpvolTs,4,1086,que_shorts_el,que shorts el
uAFufHQ706o,0,302,de_la_ia,de la ia
9rRvmcDpWwA,7,197,the_to_you,the to you
Re9uBHP_Aqo,2,74,this_financial_financial_audit,this financial financial audit
oJI4o2LgAzY,4,1086,que_shorts_el,que shorts el
IXKysHFKvrk,4,1086,que_shorts_el,que shorts el
t6GzhyGTKCo,4,1086,que_shorts_el,que shorts el
0xt5-FTpASM,4,1086,que_shorts_el,que shorts el
dlGfZ3KjzwI,4,1086,que_shorts_el,que shorts el
2gFNJ6_ogzg,4,1086,que_shorts_el,que shorts el
WpOXR1f8rKQ,4,1086,que_shorts_el,que shorts el
0EqJD2o-Mnk,7,197,the_to_you,the to you
9OkSBuY8kGU,5,147,no_se_el,no se el
3OUrr_2UCYs,7,197,the_to_you,the to you
mDh52QTqR0o,4,1086,que_shorts_el,que shorts el
x2r3FTy9HHE,7,197,the_to_you,the to you
wgtGulLPwE8,4,1086,que_shorts_el,que shorts el
Cql6TAdpPDU,0,302,de_la_ia,de la ia
l0ajkWIuraE,0,302,de_la_ia,de la ia
NlW_R21cBXs,4,1086,que_shorts_el,que shorts el
e1sm34QQ5Q0,4,1086,que_shorts_el,que shorts el
g7ANmC6IYog,4,1086,que_shorts_el,que shorts el
RWGr8LwG3TY,0,302,de_la_ia,de la ia
CPJhzRv9y_8,7,197,the_to_you,the to you
crrTHKN_R58,4,1086,que_shorts_el,que shorts el
1VSBgPn28zA,4,1086,que_shorts_el,que shorts el
oCsFEpxTxlI,4,1086,que_shorts_el,que shorts el
hXPy19kPego,4,1086,que_shorts_el,que shorts el
rRw7sYwfSVI,4,1086,que_shorts_el,que shorts el
uSjcVPbJayU,0,302,de_la_ia,de la ia
69AWec8qjjo,4,1086,que_shorts_el,que shorts el
ImmxcdpyBUE,4,1086,que_shorts_el,que shorts el
6sARbvvnHxw,4,1086,que_shorts_el,que shorts el
_7wkQHhLLaU,4,1086,que_shorts_el,que shorts el
2JhSWzxzLXA,4,1086,que_shorts_el,que shorts el
S9qeKnsIUJM,1,49,dijo_esto_dijo_esto_shorts,dijo esto dijo esto shorts
rWjQ27r4akc,4,1086,que_shorts_el,que shorts el
Z-XHhcFemnk,0,302,de_la_ia,de la ia
eQzS6CUt7kU,4,1086,que_shorts_el,que shorts el
UtgUs9B2pmU,7,197,the_to_you,the to you
QNHEqcXa3Zg,0,302,de_la_ia,de la ia
rm46SdVfB4I,7,197,the_to_you,the to you
4IeYytwcpuQ,7,197,the_to_you,the to you
U2bFd4gAJ4w,4,1086,que_shorts_el,que shorts el
jSoonxA5JkE,6,19,en_escúchalo_completo_en,en escúchalo completo en
VsLOWe6VuyQ,4,1086,que_shorts_el,que shorts el
LPTQADIf6Xk,4,1086,que_shorts_el,que shorts el
TekYNY3eGC0,4,1086,que_shorts_el,que shorts el
bRy54zQmixQ,2,74,this_financial_financial_audit,this financial financial audit
THMW7bXTog4,5,147,no_se_el,no se el
YUwjueXzffE,7,197,the_to_you,the to you
ap_xXwAakaw,4,1086,que_shorts_el,que shorts el
opuHyONlqjY,4,1086,que_shorts_el,que shorts el
wd_xh6gSSOs,4,1086,que_shorts_el,que shorts el
wdCDxH9KBss,0,302,de_la_ia,de la ia
Vrl9eQ78bk8,4,1086,que_shorts_el,que shorts el
-uUlnDjQxhg,2,74,this_financial_financial_audit,this financial financial audit
k3wiE1KtSW4,0,302,de_la_ia,de la ia
yk8ziJow5dw,2,74,this_financial_financial_audit,this financial financial audit
qey62i2fvg0,4,1086,que_shorts_el,que shorts el
MANsPvLwJs0,1,49,dijo_esto_dijo_esto_shorts,dijo esto dijo esto shorts
Fy8H9I2kJkI,7,197,the_to_you,the to you
95KqKaDsIAM,4,1086,que_shorts_el,que shorts el
JBN7zfWpRJE,3,40,de_este_comentarios_de_dejo,de este comentarios de dejo
aqvgY-woRYk,4,1086,que_shorts_el,que shorts el
pG247FlW_7s,4,1086,que_shorts_el,que shorts el
uZBIzw2OhBc,4,1086,que_shorts_el,que shorts el
krqt6eg3UoI,0,302,de_la_ia,de la ia
Cd5EHfRerGI,7,197,the_to_you,the to you
nN9QYJdEcw0,4,1086,que_shorts_el,que shorts el
J6Tn0FgJ768,4,1086,que_shorts_el,que shorts el
AZXgFlX_bTU,2,74,this_financial_financial_audit,this financial financial audit
ZhRgnBzcYHQ,4,1086,que_shorts_el,que shorts el
EFhMcL3Kf1c,7,197,the_to_you,the to you
1lx0bttCAbs,4,1086,que_shorts_el,que shorts el
-6TqZHP3NIc,0,302,de_la_ia,de la ia
kf9ghd5-VII,4,1086,que_shorts_el,que shorts el
arQ-cU7yqCI,7,197,the_to_you,the to you
MKL0tk-3UM8,2,74,this_financial_financial_audit,this financial financial audit
0JYl95vG5hs,4,1086,que_shorts_el,que shorts el
j97gEY_DkBc,4,1086,que_shorts_el,que shorts el
j8jE4UhhMuo,7,197,the_to_you,the to you
nOrpKnX0B9A,4,1086,que_shorts_el,que shorts el
POn6IRgP5-A,0,302,de_la_ia,de la ia
NoXtR658c_k,4,1086,que_shorts_el,que shorts el
ywEV7NQlO1Y,4,1086,que_shorts_el,que shorts el
cYDhCKATCbU,4,1086,que_shorts_el,que shorts el
2_ByTkLuYNM,4,1086,que_shorts_el,que shorts el
g_7mUw6Xt2E,5,147,no_se_el,no se el
iQxwDGnuByc,0,302,de_la_ia,de la ia
7NeECqsR_u4,4,1086,que_shorts_el,que shorts el
UusDINSii00,0,302,de_la_ia,de la ia
VVLYJf2t88c,4,1086,que_shorts_el,que shorts el
q1l42BPzbIk,4,1086,que_shorts_el,que shorts el
WEnvorobhEE,7,197,the_to_you,the to you
YR-4vFbwe18,4,1086,que_shorts_el,que shorts el
0AheTRgTBzU,5,147,no_se_el,no se el
9LsgBjswQZY,4,1086,que_shorts_el,que shorts el
bpakYz183lw,4,1086,que_shorts_el,que shorts el
mbGPgjXCx24,4,1086,que_shorts_el,que shorts el
B_BjBZE0aU0,4,1086,que_shorts_el,que shorts el
jZRQQbanCx8,4,1086,que_shorts_el,que shorts el
WwEyLRmGU9g,4,1086,que_shorts_el,que shorts el
d1vE6c0Rzp4,4,1086,que_shorts_el,que shorts el
tQCVAU-fZPA,1,49,dijo_esto_dijo_esto_shorts,dijo esto dijo esto shorts
GAf7J_t1o8U,0,302,de_la_ia,de la ia
e7IyFScAa-Q,0,302,de_la_ia,de la ia
rfnB9MhBI44,5,147,no_se_el,no se el
iowRMNUU9QQ,7,197,the_to_you,the to you
o7XIt6ldHWo,4,1086,que_shorts_el,que shorts el
5z8hOrxhApI,5,147,no_se_el,no se el
IAn3Wu2BdyY,0,302,de_la_ia,de la ia
o8YcWD2ri9U,4,1086,que_shorts_el,que shorts el
aevzxcKkLfc,0,302,de_la_ia,de la ia
6r-qlEX6hGY,4,1086,que_shorts_el,que shorts el
MpPS5I1pJD8,7,197,the_to_you,the to you
-IhdnUzV64Y,0,302,de_la_ia,de la ia
XGAhqBxEV78,7,197,the_to_you,the to you
XFpBgNMBNNI,7,197,the_to_you,the to you
rk2b7fH_Gcc,4,1086,que_shorts_el,que shorts el
yemarhfhVA0,7,197,the_to_you,the to you
dqOmDZPkIF4,0,302,de_la_ia,de la ia
UEBpQgCIFTk,0,302,de_la_ia,de la ia
fKtG9uPeMCc,0,302,de_la_ia,de la ia
E_48pLQK2C8,4,1086,que_shorts_el,que shorts el
Q5rmW96IGqA,4,1086,que_shorts_el,que shorts el
r68HyQzJ6N0,4,1086,que_shorts_el,que shorts el
iYwycjbhync,4,1086,que_shorts_el,que shorts el
qtz20vF8OR0,4,1086,que_shorts_el,que shorts el
vy9hFJDZxxc,4,1086,que_shorts_el,que shorts el
Mjq7A18Y7VY,4,1086,que_shorts_el,que shorts el
AHyZdLVYJfc,4,1086,que_shorts_el,que shorts el
0VjrLsr61pk,0,302,de_la_ia,de la ia
-Ap6qWvqk0I,0,302,de_la_ia,de la ia
KKwxanUOAd4,4,1086,que_shorts_el,que shorts el
m_Pt_uzlEgg,5,147,no_se_el,no se el
ByJAH8vTgfw,4,1086,que_shorts_el,que shorts el
0GrbT_3jyoc,4,1086,que_shorts_el,que shorts el
eCw33snvoNI,4,1086,que_shorts_el,que shorts el
EZLeWRbCEbA,4,1086,que_shorts_el,que shorts el
4vHF2qU89Jo,0,302,de_la_ia,de la ia
aQi987cz1nk,4,1086,que_shorts_el,que shorts el
ZyLxuteCMXo,0,302,de_la_ia,de la ia
7tilLI0Vifk,0,302,de_la_ia,de la ia
f9AFrDB-73g,4,1086,que_shorts_el,que shorts el
BvPzeHSVsEw,4,1086,que_shorts_el,que shorts el
j_dyQn_4l44,5,147,no_se_el,no se el
NRELko2BoRk,0,302,de_la_ia,de la ia
JQ8OpyAeTxw,4,1086,que_shorts_el,que shorts el
IwjPma4PPTM,0,302,de_la_ia,de la ia
BPt0fwBCDbQ,0,302,de_la_ia,de la ia
daa-UCIuoY8,4,1086,que_shorts_el,que shorts el
n1G2FQ0UEqc,5,147,no_se_el,no se el
SW0_HZ3B144,2,74,this_financial_financial_audit,this financial financial audit
oqoBSeL5GIU,7,197,the_to_you,the to you
yQn0PrcaxWQ,4,1086,que_shorts_el,que shorts el
1P3QPUUL_DQ,4,1086,que_shorts_el,que shorts el
XkooOral3ms,4,1086,que_shorts_el,que shorts el
EvauKuWaNmk,4,1086,que_shorts_el,que shorts el
IIuM6BxBhdI,7,197,the_to_you,the to you
jCyhEO3h-Ik,7,197,the_to_you,the to you
zPidbS_3R94,4,1086,que_shorts_el,que shorts el
RPZ16oRnnhM,0,302,de_la_ia,de la ia
_twN29IEQlc,4,1086,que_shorts_el,que shorts el
MlcUa5-3G68,4,1086,que_shorts_el,que shorts el
u5XWNSVJajg,4,1086,que_shorts_el,que shorts el
22Rlq7eMvaE,4,1086,que_shorts_el,que shorts el
HyO6rMqRXw0,0,302,de_la_ia,de la ia
xhbplPX4QKI,0,302,de_la_ia,de la ia
sj1y9FDJKCM,7,197,the_to_you,the to you
VVfMO6SJZLw,0,302,de_la_ia,de la ia
xO5diVmgE8Y,4,1086,que_shorts_el,que shorts el
qOnJdoXR8c4,4,1086,que_shorts_el,que shorts el
GybLbhXj2Nw,7,197,the_to_you,the to you
TRVnxUYQAmI,0,302,de_la_ia,de la ia
a4jo0YM7WRg,4,1086,que_shorts_el,que shorts el
oj3-hWAf1uQ,4,1086,que_shorts_el,que shorts el
ncHb_w6UeI8,5,147,no_se_el,no se el
-fWUTi8u0_k,0,302,de_la_ia,de la ia
8Uk97zU2GCg,4,1086,que_shorts_el,que shorts el
nnKkk3CpLes,4,1086,que_shorts_el,que shorts el
wL08vOQaK70,4,1086,que_shorts_el,que shorts el
EsohGEXp5RA,0,302,de_la_ia,de la ia
rbSEOholMxI,0,302,de_la_ia,de la ia
z2Y4_cDvEYc,7,197,the_to_you,the to you
VKaslzzv1QM,0,302,de_la_ia,de la ia
MLlYc5sy4X0,5,147,no_se_el,no se el
465Vc9I4fvc,2,74,this_financial_financial_audit,this financial financial audit
p4zPmpXfGyY,7,197,the_to_you,the to you
MmtdaRSSUZA,4,1086,que_shorts_el,que shorts el
zuzydZz-cmo,4,1086,que_shorts_el,que shorts el
8hN5PF2oXGs,4,1086,que_shorts_el,que shorts el
rVixyOY_Xr4,4,1086,que_shorts_el,que shorts el
DYhg0nWZ1UQ,0,302,de_la_ia,de la ia
wAi4zvgGy4w,5,147,no_se_el,no se el
fBDskjffnZ0,5,147,no_se_el,no se el
wJOakc64crg,4,1086,que_shorts_el,que shorts el
L8_m7pOI2-A,4,1086,que_shorts_el,que shorts el
9QKOkpu78CQ,5,147,no_se_el,no se el
OWkM5YoEhgM,0,302,de_la_ia,de la ia
CE6tiT3Q6c4,0,302,de_la_ia,de la ia
cdOcjUyQr8A,4,1086,que_shorts_el,que shorts el
GYBVh5zlV50,4,1086,que_shorts_el,que shorts el
J9p4GMskefU,4,1086,que_shorts_el,que shorts el
MPsK-Z5jIuc,4,1086,que_shorts_el,que shorts el
pFxIhhK4rUE,4,1086,que_shorts_el,que shorts el
lk7HWLeXjS4,0,302,de_la_ia,de la ia
H3lUaL6-XQQ,4,1086,que_shorts_el,que shorts el
_SdzVNht_nU,4,1086,que_shorts_el,que shorts el
GlgzzZEePXo,0,302,de_la_ia,de la ia
94PJFiyaSrs,4,1086,que_shorts_el,que shorts el
bouvNyq8xCY,4,1086,que_shorts_el,que shorts el
mMLOG0bsjRQ,0,302,de_la_ia,de la ia
yxg9URl5wuI,4,1086,que_shorts_el,que shorts el
wHsJWwtQpyo,0,302,de_la_ia,de la ia
AUwv_8qoPeY,0,302,de_la_ia,de la ia
eYDQWSBQ47s,4,1086,que_shorts_el,que shorts el
6CyjL4X8e7g,0,302,de_la_ia,de la ia
2sjya33qZWM,4,1086,que_shorts_el,que shorts el
ZOPXzlpBVoM,4,1086,que_shorts_el,que shorts el
lzoLWTtj5ho,5,147,no_se_el,no se el
qNEB_w5ECeI,4,1086,que_shorts_el,que shorts el
TUSbI3pqiCM,0,302,de_la_ia,de la ia
zj0BKLv9r8Y,0,302,de_la_ia,de la ia
OCGgYu3vku4,5,147,no_se_el,no se el
lBNfY9ImDZY,3,40,de_este_comentarios_de_dejo,de este comentarios de dejo
ubtx51mzCbo,7,197,the_to_you,the to you
qxj4Sr5Cm24,7,197,the_to_you,the to you
Gmfpq60LbVQ,4,1086,que_shorts_el,que shorts el
QzZ4VwDHAT4,4,1086,que_shorts_el,que shorts el
Vg3RMRPQ0RA,0,302,de_la_ia,de la ia
9n-Tiy4cfQI,4,1086,que_shorts_el,que shorts el
NOv3U3ZUiro,4,1086,que_shorts_el,que shorts el
aqIgIWIc3uw,0,302,de_la_ia,de la ia
rzVhPTSNWnE,4,1086,que_shorts_el,que shorts el
vQnUaLtBmBE,0,302,de_la_ia,de la ia
2MInIAO3bFA,4,1086,que_shorts_el,que shorts el
eGmGoahyI-U,5,147,no_se_el,no se el
rSJp2QXBRZE,5,147,no_se_el,no se el
oNjLzGpMCuw,4,1086,que_shorts_el,que shorts el
kXenRXelpKs,7,197,the_to_you,the to you
-CB2CwSPtAQ,7,197,the_to_you,the to you
0nyr8P7hgfU,5,147,no_se_el,no se el
gS87TtB9nk4,7,197,the_to_you,the to you
PN8bHAr0f1M,7,197,the_to_you,the to you
Ts018QeD34k,4,1086,que_shorts_el,que shorts el
uWa0odbimaU,0,302,de_la_ia,de la ia
OEqMxMEBQQY,4,1086,que_shorts_el,que shorts el
40-68Uco_u0,4,1086,que_shorts_el,que shorts el
mDsCuRpgikc,0,302,de_la_ia,de la ia
PJQhN8D12Vk,7,197,the_to_you,the to you
KOAhANin5CE,4,1086,que_shorts_el,que shorts el
OkuWh46I4m4,4,1086,que_shorts_el,que shorts el
lxRJpsidN4U,0,302,de_la_ia,de la ia
cxLWeagGWUE,5,147,no_se_el,no se el
LEOFfZXOkUY,5,147,no_se_el,no se el
oixqYBAPwXA,4,1086,que_shorts_el,que shorts el
Ehoi-h7_rgM,7,197,the_to_you,the to you
MxwVuQTGUbg,4,1086,que_shorts_el,que shorts el
NM-bwZZoX80,0,302,de_la_ia,de la ia
U4gpio58908,4,1086,que_shorts_el,que shorts el
Qy_YMLKX8bQ,1,49,dijo_esto_dijo_esto_shorts,dijo esto dijo esto shorts
MK3Lz4fAvZo,4,1086,que_shorts_el,que shorts el
UtXLbVdM7wk,4,1086,que_shorts_el,que shorts el
SiElz1faChE,0,302,de_la_ia,de la ia
ehizptRtYzM,4,1086,que_shorts_el,que shorts el
toRXiIgtUig,0,302,de_la_ia,de la ia
jIj6PuMrDGA,4,1086,que_shorts_el,que shorts el
h9kh7KssnMc,5,147,no_se_el,no se el
EXOQ7vN2NXk,0,302,de_la_ia,de la ia
B18aH00d8oE,0,302,de_la_ia,de la ia
z-7AhJ55htQ,4,1086,que_shorts_el,que shorts el
vqBSNTZeLsg,4,1086,que_shorts_el,que shorts el
Ff0AYRWrnGY,7,197,the_to_you,the to you
P9MkPdQc74o,4,1086,que_shorts_el,que shorts el
Tqg-qojfcqA,4,1086,que_shorts_el,que shorts el
Gl_2LVRaM8U,4,1086,que_shorts_el,que shorts el
Ocx5uE7vjIw,5,147,no_se_el,no se el
XeN7wKfDOPk,4,1086,que_shorts_el,que shorts el
WPOhGVSPOyM,4,1086,que_shorts_el,que shorts el
g-7nUex4nVg,0,302,de_la_ia,de la ia
DOiDmnYb1G0,0,302,de_la_ia,de la ia
9rHaUzPlJws,4,1086,que_shorts_el,que shorts el
TybtF_UnwHI,4,1086,que_shorts_el,que shorts el
MWrMtRjLhjk,4,1086,que_shorts_el,que shorts el
6hNY0K71Ewo,5,147,no_se_el,no se el
NuoEsHIW5JA,4,1086,que_shorts_el,que shorts el
2aKsRFcgkNk,4,1086,que_shorts_el,que shorts el
JrGlAw_Q7ow,4,1086,que_shorts_el,que shorts el
JuRjZqzpP0g,7,197,the_to_you,the to you
RnT_izvRznQ,4,1086,que_shorts_el,que shorts el
objQF8D-t3Q,0,302,de_la_ia,de la ia
qobWiBK3PPY,4,1086,que_shorts_el,que shorts el
QHwSRnIfbuU,0,302,de_la_ia,de la ia
DgX6SMZaC_8,4,1086,que_shorts_el,que shorts el
4iXwPD-VHyg,4,1086,que_shorts_el,que shorts el
-0FsgHxwxgQ,0,302,de_la_ia,de la ia
X9fGa-F_ars,5,147,no_se_el,no se el
7h3nazBbFCc,4,1086,que_shorts_el,que shorts el
dk-pvsityfs,4,1086,que_shorts_el,que shorts el
shkHigLwBnM,4,1086,que_shorts_el,que shorts el
8J6XLe0H6Ro,0,302,de_la_ia,de la ia
DHk0gFHyHeE,0,302,de_la_ia,de la ia
_AqBNvs7ko8,0,302,de_la_ia,de la ia
aDvEt1rIAyM,7,197,the_to_you,the to you
1VvLw6sQMcI,4,1086,que_shorts_el,que shorts el
d7qfcHa4LTY,4,1086,que_shorts_el,que shorts el
LkaaMQx9uZ0,4,1086,que_shorts_el,que shorts el
EEuxUlCj10Q,0,302,de_la_ia,de la ia
fabe7nYQa1Q,4,1086,que_shorts_el,que shorts el
kLJNcHqVmJA,4,1086,que_shorts_el,que shorts el
AxM96v9ZCzI,0,302,de_la_ia,de la ia
5eSIhYuzDcU,4,1086,que_shorts_el,que shorts el
A9-HCSNX4Gs,4,1086,que_shorts_el,que shorts el
UQXupr6-Wmg,7,197,the_to_you,the to you
ttdfIEKLVks,4,1086,que_shorts_el,que shorts el
5W2lIWDyXjI,4,1086,que_shorts_el,que shorts el
a8LrJMGoVL4,0,302,de_la_ia,de la ia
Nq-c06vj5PM,5,147,no_se_el,no se el
iuo88mIjzbk,4,1086,que_shorts_el,que shorts el
Or6yvefovGU,7,197,the_to_you,the to you
4ZK7Ms4IZ7g,7,197,the_to_you,the to you
DQiQ30VepbU,4,1086,que_shorts_el,que shorts el
sbzsqNJuZvg,2,74,this_financial_financial_audit,this financial financial audit
ktyLuwrmNr4,4,1086,que_shorts_el,que shorts el
P9yleRV8tto,7,197,the_to_you,the to you
RRDqtyH9sZc,4,1086,que_shorts_el,que shorts el
Hf6NC8AzAKo,0,302,de_la_ia,de la ia
98ShZgIhSbk,2,74,this_financial_financial_audit,this financial financial audit
_dxtH2u5aAk,7,197,the_to_you,the to you
3Ip-TJvpjLQ,0,302,de_la_ia,de la ia
l4wOStt70KU,4,1086,que_shorts_el,que shorts el
R1Vs8Rnl1iY,7,197,the_to_you,the to you
UDiJI3q9wFQ,4,1086,que_shorts_el,que shorts el
3W1KfxQnQiU,4,1086,que_shorts_el,que shorts el
v3JV42WbomE,4,1086,que_shorts_el,que shorts el
SzDnUAJkenI,2,74,this_financial_financial_audit,this financial financial audit
ogGjzOIl5lQ,4,1086,que_shorts_el,que shorts el
97bQ7zx1ObY,4,1086,que_shorts_el,que shorts el
cH_ZScbZVEA,4,1086,que_shorts_el,que shorts el
MQmVuZls-MA,0,302,de_la_ia,de la ia
U14_qm5y38o,4,1086,que_shorts_el,que shorts el
VRLM4RDuurc,0,302,de_la_ia,de la ia
kWGf0-rTVUo,6,19,en_escúchalo_completo_en,en escúchalo completo en
etSVXPZ5Wjg,4,1086,que_shorts_el,que shorts el
ND9eyW5Fw0s,7,197,the_to_you,the to you
gVBwX14zOak,4,1086,que_shorts_el,que shorts el
HVPhcOmSMtM,4,1086,que_shorts_el,que shorts el
-XlB3RebSW4,0,302,de_la_ia,de la ia
Jnc7hVslXdk,0,302,de_la_ia,de la ia
OuOIrxBXB0M,4,1086,que_shorts_el,que shorts el
6UPfq3KETg4,4,1086,que_shorts_el,que shorts el
bFO0uAMPx1g,4,1086,que_shorts_el,que shorts el
mY8qW0pAy_o,4,1086,que_shorts_el,que shorts el
CbDN7o5Ed_M,0,302,de_la_ia,de la ia
zRD_VJMMaPI,7,197,the_to_you,the to you
-6t20SnbOyc,5,147,no_se_el,no se el
hOQ3M6jdE8Y,4,1086,que_shorts_el,que shorts el
GEXxx3JQmdw,4,1086,que_shorts_el,que shorts el
zrAFzVialPQ,0,302,de_la_ia,de la ia
QIRrwtfpUo8,4,1086,que_shorts_el,que shorts el
Hk20QLW6nEc,4,1086,que_shorts_el,que shorts el
Qqa-Y5pzMy4,0,302,de_la_ia,de la ia
JRHTVNoJjb0,5,147,no_se_el,no se el
dZftIemBYVE,4,1086,que_shorts_el,que shorts el
PBJZdZSTGlE,5,147,no_se_el,no se el
yzajLZXh9JU,7,197,the_to_you,the to you
8CMkyTJpB2c,4,1086,que_shorts_el,que shorts el
S3JuEF7RQ5k,0,302,de_la_ia,de la ia
OgbLx7K5jKI,4,1086,que_shorts_el,que shorts el
1pglkwgsu1I,0,302,de_la_ia,de la ia
HBezrmK2eEY,0,302,de_la_ia,de la ia
iP-y1c7euSI,4,1086,que_shorts_el,que shorts el
TrPGiDGAr8M,4,1086,que_shorts_el,que shorts el
yaBzATxyEYs,4,1086,que_shorts_el,que shorts el
La4ogJrxI0g,4,1086,que_shorts_el,que shorts el
jjSaUeqJi4s,0,302,de_la_ia,de la ia
mQR17nCXUSA,4,1086,que_shorts_el,que shorts el
GyBPytpEBpk,4,1086,que_shorts_el,que shorts el
5UewQixXxSY,4,1086,que_shorts_el,que shorts el
qPikXaHU-jY,1,49,dijo_esto_dijo_esto_shorts,dijo esto dijo esto shorts
_UFmkJrpc3Q,2,74,this_financial_financial_audit,this financial financial audit
nWfp_X31vqk,4,1086,que_shorts_el,que shorts el
FBq_mtNPweg,4,1086,que_shorts_el,que shorts el
qluuZfYE02A,4,1086,que_shorts_el,que shorts el
LMJb-_uL6lQ,4,1086,que_shorts_el,que shorts el
sXV44nHGfAA,7,197,the_to_you,the to you
OPDzJP8iWLo,4,1086,que_shorts_el,que shorts el
FJNk3OGtmbk,4,1086,que_shorts_el,que shorts el
9pPCy9wqxuk,0,302,de_la_ia,de la ia
L5HQ_jx0HX8,7,197,the_to_you,the to you
iTOXHp4c1YE,4,1086,que_shorts_el,que shorts el
3REHDZgXE1k,4,1086,que_shorts_el,que shorts el
MSl5mD3E7PE,4,1086,que_shorts_el,que shorts el
wnoSOSgBNHk,0,302,de_la_ia,de la ia
_hze_rJ4xr0,6,19,en_escúchalo_completo_en,en escúchalo completo en
UOef-z5X3SU,4,1086,que_shorts_el,que shorts el
QLPK0g7s3lg,4,1086,que_shorts_el,que shorts el
qx6ZbgO8vtU,7,197,the_to_you,the to you
Kx0v4IeR-1s,4,1086,que_shorts_el,que shorts el
C4OiZ15VTxw,4,1086,que_shorts_el,que shorts el
sa3zzPEnz_4,4,1086,que_shorts_el,que shorts el
dVb9vyCwM2s,4,1086,que_shorts_el,que shorts el
7ZU_n58hY5Y,1,49,dijo_esto_dijo_esto_shorts,dijo esto dijo esto shorts
hR4tPe4rwuo,5,147,no_se_el,no se el
vN0MwkPIOF8,0,302,de_la_ia,de la ia
z_XHk-DZ1nY,5,147,no_se_el,no se el
ve_y3EI_VeA,7,197,the_to_you,the to you
5XkSf-AWb_Y,4,1086,que_shorts_el,que shorts el
Hpl10gpuOGw,4,1086,que_shorts_el,que shorts el
Z1Ac2v8mULM,4,1086,que_shorts_el,que shorts el
fVVh3C8hFdY,0,302,de_la_ia,de la ia
lkM12v2VZyE,4,1086,que_shorts_el,que shorts el
5zwotvZ1rl0,7,197,the_to_you,the to you
p0dwtWXK_js,0,302,de_la_ia,de la ia
kmKuk_TCEvU,0,302,de_la_ia,de la ia
3lUxnG8nKC0,0,302,de_la_ia,de la ia
rPAGWO3mtuE,4,1086,que_shorts_el,que shorts el
9shE5GdYp68,4,1086,que_shorts_el,que shorts el
G9L3zK57X6Y,4,1086,que_shorts_el,que shorts el
1gyuiKoSc-w,4,1086,que_shorts_el,que shorts el
dq9VW4kn19w,4,1086,que_shorts_el,que shorts el
1d3wR5LJ4-4,4,1086,que_shorts_el,que shorts el
XX7hskkX1AA,0,302,de_la_ia,de la ia
RCl-cN1Hf-Q,4,1086,que_shorts_el,que shorts el
r6AB_e8Rk1I,0,302,de_la_ia,de la ia
BVXJqZenDxU,4,1086,que_shorts_el,que shorts el
Xbang1Y_jbA,4,1086,que_shorts_el,que shorts el
v5HxYeboDIg,5,147,no_se_el,no se el
TeA1JMxe-Cg,4,1086,que_shorts_el,que shorts el
KKq5yX8mrw0,4,1086,que_shorts_el,que shorts el
CZe8DucT3qA,4,1086,que_shorts_el,que shorts el
IXYVjF7zckU,3,40,de_este_comentarios_de_dejo,de este comentarios de dejo
2y_3sFy4R1A,0,302,de_la_ia,de la ia
VREVC0wXPfs,2,74,this_financial_financial_audit,this financial financial audit
2G1BiZp3MmU,0,302,de_la_ia,de la ia
jOTjNdjtiBw,0,302,de_la_ia,de la ia
TeheJAFWwYs,4,1086,que_shorts_el,que shorts el
36QCg3pkoXs,5,147,no_se_el,no se el
ZUpr3u1inlg,5,147,no_se_el,no se el
dYJM9jmLBzY,5,147,no_se_el,no se el
B2ag364pRgQ,4,1086,que_shorts_el,que shorts el
nvzrL7MZ6FQ,5,147,no_se_el,no se el
HeY4a7uDlkg,4,1086,que_shorts_el,que shorts el
M_FKC2NTb24,0,302,de_la_ia,de la ia
ZrvvBKldeo0,4,1086,que_shorts_el,que shorts el
nGakcu0V0ZM,4,1086,que_shorts_el,que shorts el
iq599kyAjVA,7,197,the_to_you,the to you
Jr9Xm5f44NQ,4,1086,que_shorts_el,que shorts el
WB1bBLedJQ4,4,1086,que_shorts_el,que shorts el
KztyymfW3Dg,0,302,de_la_ia,de la ia
yGC0oT995TM,7,197,the_to_you,the to you
l1-D1s67YU4,4,1086,que_shorts_el,que shorts el
6XxQMeqG1P4,0,302,de_la_ia,de la ia
9VyCOVdFpL8,7,197,the_to_you,the to you
cnM2xdHMqDU,4,1086,que_shorts_el,que shorts el
QCcQpkBhOvI,5,147,no_se_el,no se el
MlSS4ZqvJuA,5,147,no_se_el,no se el
SSaZRt10A1s,4,1086,que_shorts_el,que shorts el
xhCLLakHBa8,4,1086,que_shorts_el,que shorts el
Cit2bKRejmc,4,1086,que_shorts_el,que shorts el
Scg5AwFfs-w,4,1086,que_shorts_el,que shorts el
fy74y8e7nAw,0,302,de_la_ia,de la ia
Xf_v62TQOx4,4,1086,que_shorts_el,que shorts el
v8z-clVwRxM,5,147,no_se_el,no se el
XNDiFY5vIk0,4,1086,que_shorts_el,que shorts el
qGDMB-PryIU,7,197,the_to_you,the to you
2A0dbP8LJoA,4,1086,que_shorts_el,que shorts el
i7p23_flIAA,0,302,de_la_ia,de la ia
m8nU1oWeHAI,4,1086,que_shorts_el,que shorts el
8i_FS3tarec,5,147,no_se_el,no se el
MX1a5garnwc,4,1086,que_shorts_el,que shorts el
qf_JlCrcPy0,4,1086,que_shorts_el,que shorts el
oIr5NyY01EQ,4,1086,que_shorts_el,que shorts el
J7L9ZfugS1M,4,1086,que_shorts_el,que shorts el
5ov8sBSV-pc,4,1086,que_shorts_el,que shorts el
daPR3ZqGbag,0,302,de_la_ia,de la ia
DB302vKJ2Go,4,1086,que_shorts_el,que shorts el
B8E4azaZ13k,4,1086,que_shorts_el,que shorts el
-wkZoxeFIpM,0,302,de_la_ia,de la ia
KXZAIigKofE,4,1086,que_shorts_el,que shorts el
wN3O2GSvoWE,5,147,no_se_el,no se el
WKBwkE4dn-k,4,1086,que_shorts_el,que shorts el
uWOLkr7S47A,2,74,this_financial_financial_audit,this financial financial audit
heBK7ADuRKM,0,302,de_la_ia,de la ia
i6wL2IzuW7s,5,147,no_se_el,no se el
dyy-YNiS0U4,4,1086,que_shorts_el,que shorts el
8erUsIGULKc,4,1086,que_shorts_el,que shorts el
mJsIzeo1Onw,4,1086,que_shorts_el,que shorts el
GJXhgjQeChE,4,1086,que_shorts_el,que shorts el
sqXsMACtso0,5,147,no_se_el,no se el
Gr6qcQdzDfw,4,1086,que_shorts_el,que shorts el
6-PunI-5Ts4,4,1086,que_shorts_el,que shorts el
NkWtrW-9GDY,4,1086,que_shorts_el,que shorts el
d0VoQtmw9Eg,0,302,de_la_ia,de la ia
Ju0usucry_g,5,147,no_se_el,no se el
m97VrsutW-s,5,147,no_se_el,no se el
6tpnQGLgPwo,0,302,de_la_ia,de la ia
DWt3zfqtI6g,4,1086,que_shorts_el,que shorts el
ZtF5VFbAs6M,3,40,de_este_comentarios_de_dejo,de este comentarios de dejo
jLqibx29wgs,5,147,no_se_el,no se el
ylIZ2D5Td4I,5,147,no_se_el,no se el
CF4oRpaLSqw,4,1086,que_shorts_el,que shorts el
CthF-LloGYM,4,1086,que_shorts_el,que shorts el
b-NJDpglmeM,1,49,dijo_esto_dijo_esto_shorts,dijo esto dijo esto shorts
KKUB9Q0Ldi8,4,1086,que_shorts_el,que shorts el
uZ6Nbwp8GtU,4,1086,que_shorts_el,que shorts el
SoTjeq4cQZw,4,1086,que_shorts_el,que shorts el
XAQ275WwWnw,7,197,the_to_you,the to you
XjAeQOmdNFU,7,197,the_to_you,the to you
ZkmmXa5JVNg,0,302,de_la_ia,de la ia
MK-6-YuFzC4,4,1086,que_shorts_el,que shorts el
AxHTi--S-sU,0,302,de_la_ia,de la ia
_J_4Mjav6iI,0,302,de_la_ia,de la ia
wzwlfPp8vuI,4,1086,que_shorts_el,que shorts el
Y5aoOsl-r00,4,1086,que_shorts_el,que shorts el
9opMZrn2-zg,4,1086,que_shorts_el,que shorts el
quCJwkDAx0g,7,197,the_to_you,the to you
fQK8Lx-oRIU,0,302,de_la_ia,de la ia
o1LnQHf3b6I,7,197,the_to_you,the to you
bMzRXbjLUAs,3,40,de_este_comentarios_de_dejo,de este comentarios de dejo
gtdao7DVsBo,7,197,the_to_you,the to you
Aa1qfpfSaVY,7,197,the_to_you,the to you
2qJtxDjGURI,4,1086,que_shorts_el,que shorts el
eeMXmcWUVjE,4,1086,que_shorts_el,que shorts el
ZB9IMq0ee0k,4,1086,que_shorts_el,que shorts el
AVyYMXc_t9s,0,302,de_la_ia,de la ia
9361MUAmA24,4,1086,que_shorts_el,que shorts el
Duk_kOhIimU,5,147,no_se_el,no se el
2NTkOeH_p0o,0,302,de_la_ia,de la ia
QDZUOBnmf4Q,4,1086,que_shorts_el,que shorts el
kY7n4gNtHXA,5,147,no_se_el,no se el
xLEEiMWgp-E,4,1086,que_shorts_el,que shorts el
fbStigxrqsk,4,1086,que_shorts_el,que shorts el
7FYFhOiiMIU,7,197,the_to_you,the to you
DYjyeCKIEU0,5,147,no_se_el,no se el
rMiiE5QmEb0,4,1086,que_shorts_el,que shorts el
pdNaIhcp3z4,4,1086,que_shorts_el,que shorts el
ckyeC880OPA,4,1086,que_shorts_el,que shorts el
un0mMDfpPEc,4,1086,que_shorts_el,que shorts el
SY53rwqE2i0,4,1086,que_shorts_el,que shorts el
T34ygnCahZc,0,302,de_la_ia,de la ia
ihQnnrWal1k,0,302,de_la_ia,de la ia
mFiFFP7x_RQ,4,1086,que_shorts_el,que shorts el
Xk3cJMA7UhE,4,1086,que_shorts_el,que shorts el
5ymn2oV1Zls,4,1086,que_shorts_el,que shorts el
GfSGy5C1OIA,4,1086,que_shorts_el,que shorts el
QhCO1k8MGjE,0,302,de_la_ia,de la ia
W-9lPpj_ILQ,0,302,de_la_ia,de la ia
N8Bc_M2Ew2E,0,302,de_la_ia,de la ia
4LJ6dmvKxc8,4,1086,que_shorts_el,que shorts el
9dIy1d0jmXw,4,1086,que_shorts_el,que shorts el
nnUFM61waQU,4,1086,que_shorts_el,que shorts el
O26UmdpBMbo,4,1086,que_shorts_el,que shorts el
s9TcINJc2pw,2,74,this_financial_financial_audit,this financial financial audit
SK7yqZdN3Dg,4,1086,que_shorts_el,que shorts el
oUZ9Cxp_tkg,1,49,dijo_esto_dijo_esto_shorts,dijo esto dijo esto shorts
Cs1nC8kqS5k,0,302,de_la_ia,de la ia
pVwkpXd5PCA,4,1086,que_shorts_el,que shorts el
t4S8XOHv1jg,0,302,de_la_ia,de la ia
JbjnuF8OiZc,0,302,de_la_ia,de la ia
5Z4z2oEoxw8,4,1086,que_shorts_el,que shorts el
31WQ21L6kE8,7,197,the_to_you,the to you
tg0LuGGeOPA,4,1086,que_shorts_el,que shorts el
LK1OJ-izQfQ,4,1086,que_shorts_el,que shorts el
jq7ocNZXg_s,2,74,this_financial_financial_audit,this financial financial audit
3skIuC1lP00,4,1086,que_shorts_el,que shorts el
lWj_3TE2UsE,4,1086,que_shorts_el,que shorts el
0elkAIACdFE,5,147,no_se_el,no se el
0lt4j7GTtGU,4,1086,que_shorts_el,que shorts el
Q47YOagFwk8,4,1086,que_shorts_el,que shorts el
BVN4zHHF5-Q,4,1086,que_shorts_el,que shorts el
1THq9IwaDm0,1,49,dijo_esto_dijo_esto_shorts,dijo esto dijo esto shorts
0SSctcuOy0o,4,1086,que_shorts_el,que shorts el
1X8BPKi1kP8,7,197,the_to_you,the to you
LDQnGP6iSH4,0,302,de_la_ia,de la ia
9ERKnW5WgOk,4,1086,que_shorts_el,que shorts el
zyJ1yZwX_tE,7,197,the_to_you,the to you
rYKQ0Ukxe6k,4,1086,que_shorts_el,que shorts el
iR6FvFoW0F4,4,1086,que_shorts_el,que shorts el
iNuSrPJlZjU,4,1086,que_shorts_el,que shorts el
0IGNbK4bbXA,4,1086,que_shorts_el,que shorts el
Zu3g28TTetU,4,1086,que_shorts_el,que shorts el
nrIEhoSCOg8,1,49,dijo_esto_dijo_esto_shorts,dijo esto dijo esto shorts
o39vHtwxPRg,4,1086,que_shorts_el,que shorts el
mPbb2Gk3fr4,2,74,this_financial_financial_audit,this financial financial audit
SHPKe7pGqMk,5,147,no_se_el,no se el
Lnhy0tZ8SUI,7,197,the_to_you,the to you
jcfifYFAdpM,0,302,de_la_ia,de la ia
neH5XN_YzW0,0,302,de_la_ia,de la ia
shgZ8WYcC6k,7,197,the_to_you,the to you
N14hiQw7Wdk,0,302,de_la_ia,de la ia
tPuup43tbgA,0,302,de_la_ia,de la ia
_X5aIvzO9Fw,4,1086,que_shorts_el,que shorts el
-JTeDTLElVg,4,1086,que_shorts_el,que shorts el
eAwkhxinCOc,0,302,de_la_ia,de la ia
57VIVNJZywU,5,147,no_se_el,no se el
bM3ojc2bhdA,4,1086,que_shorts_el,que shorts el
RNUjufFVGXs,4,1086,que_shorts_el,que shorts el
OkVrrVAG9yg,0,302,de_la_ia,de la ia
WnFI_2Fg4dI,4,1086,que_shorts_el,que shorts el
LkRVMOzUypo,7,197,the_to_you,the to you
WIPMzBbfEbk,4,1086,que_shorts_el,que shorts el
XV4eV0wnx-c,7,197,the_to_you,the to you
ieJE93iObcI,4,1086,que_shorts_el,que shorts el
664cs6FZEZo,7,197,the_to_you,the to you
nH8YRX4Stfs,4,1086,que_shorts_el,que shorts el
k0ZYVWoVWAc,4,1086,que_shorts_el,que shorts el
xUWqMdypNsM,5,147,no_se_el,no se el
5fKeNMp7F6s,7,197,the_to_you,the to you
em-cVkkWtZo,4,1086,que_shorts_el,que shorts el
51dULrDA8E8,5,147,no_se_el,no se el
siKdeoxrxIA,4,1086,que_shorts_el,que shorts el
nbHMeopNtDg,7,197,the_to_you,the to you
YIozys8ZjPs,3,40,de_este_comentarios_de_dejo,de este comentarios de dejo
lgaBRLInhYo,5,147,no_se_el,no se el
MYHiaHDLDB8,4,1086,que_shorts_el,que shorts el
P4qGwxx9dnI,0,302,de_la_ia,de la ia
_4CeefIlOBM,0,302,de_la_ia,de la ia
XyFrfcsbDGY,0,302,de_la_ia,de la ia
6q2ptE-BXIc,0,302,de_la_ia,de la ia
az3VKD9_H7Y,5,147,no_se_el,no se el
rXhoGMAeoS8,3,40,de_este_comentarios_de_dejo,de este comentarios de dejo
cBokxkj8Kc0,4,1086,que_shorts_el,que shorts el
uvfU2B8b4G4,4,1086,que_shorts_el,que shorts el
UszcZZ1QZho,4,1086,que_shorts_el,que shorts el
RPePcFJDNds,4,1086,que_shorts_el,que shorts el
5-0m5LUhiCc,4,1086,que_shorts_el,que shorts el
M0HtojL-OXQ,3,40,de_este_comentarios_de_dejo,de este comentarios de dejo
TEB02AXYfmw,4,1086,que_shorts_el,que shorts el
UN6X2Jj-qrQ,5,147,no_se_el,no se el
lYpHv3Tg0Vg,4,1086,que_shorts_el,que shorts el
QduEFho6dLg,0,302,de_la_ia,de la ia
jwD3VeaU_ng,5,147,no_se_el,no se el
o8Z1Q8UPSOU,0,302,de_la_ia,de la ia
w_Z0cdu9c9I,4,1086,que_shorts_el,que shorts el
YdG8-82WJyI,4,1086,que_shorts_el,que shorts el
_FP4gbF0KWY,5,147,no_se_el,no se el
_88DyxJqY-4,4,1086,que_shorts_el,que shorts el
cnCEUFzWspI,7,197,the_to_you,the to you
em_K85l2WNY,4,1086,que_shorts_el,que shorts el
_BHe9R7pYNw,4,1086,que_shorts_el,que shorts el
q8AEtTOo2ZU,0,302,de_la_ia,de la ia
1JlcRuBAtZ4,4,1086,que_shorts_el,que shorts el
0ShXZN7aHqA,0,302,de_la_ia,de la ia
pe_HkAV9yJM,4,1086,que_shorts_el,que shorts el
L7fVqlOzegQ,0,302,de_la_ia,de la ia
uHXjo7DUAAM,4,1086,que_shorts_el,que shorts el
r2choiRm7k8,4,1086,que_shorts_el,que shorts el
S3vzcn9ZhrA,3,40,de_este_comentarios_de_dejo,de este comentarios de dejo
TLdMXZSABH8,0,302,de_la_ia,de la ia
IQZiAOokKXo,4,1086,que_shorts_el,que shorts el
8CpQzf_RYb4,4,1086,que_shorts_el,que shorts el
DfeXyiagVDE,0,302,de_la_ia,de la ia
SnqFU1SppX8,4,1086,que_shorts_el,que shorts el
x3P8Zqux4A4,2,74,this_financial_financial_audit,this financial financial audit
_dASAu79K0s,7,197,the_to_you,the to you
_Amk2MbBD_U,6,19,en_escúchalo_completo_en,en escúchalo completo en
7YTMLEzOyD0,4,1086,que_shorts_el,que shorts el
oOLYgK6RqS4,4,1086,que_shorts_el,que shorts el
lWQY5zccbQs,7,197,the_to_you,the to you
pra3fiwosjU,5,147,no_se_el,no se el
WfDXOW1dNo4,1,49,dijo_esto_dijo_esto_shorts,dijo esto dijo esto shorts
lE7rIBv-nV8,7,197,the_to_you,the to you
4uRgDr5maYo,4,1086,que_shorts_el,que shorts el
CdlFyd3WHbg,0,302,de_la_ia,de la ia
YpOBx8xUEn8,6,19,en_escúchalo_completo_en,en escúchalo completo en
R6VQrYkJf74,4,1086,que_shorts_el,que shorts el
F2VZtrSncAg,0,302,de_la_ia,de la ia
EnLpF9i3I4I,4,1086,que_shorts_el,que shorts el
lVBnEL1fWnw,5,147,no_se_el,no se el
vrW0swCG3Kg,2,74,this_financial_financial_audit,this financial financial audit
f1rK6WfCjCQ,7,197,the_to_you,the to you
BnAKfe0qGbE,0,302,de_la_ia,de la ia
-APimd6TUro,4,1086,que_shorts_el,que shorts el
K38w2QlgHPQ,4,1086,que_shorts_el,que shorts el
enQeP-ztP5A,4,1086,que_shorts_el,que shorts el
PDQ3laPc--4,1,49,dijo_esto_dijo_esto_shorts,dijo esto dijo esto shorts
1-zrnj9Z6FA,5,147,no_se_el,no se el
1buIx1jeQXg,0,302,de_la_ia,de la ia
87jnYKGVetM,2,74,this_financial_financial_audit,this financial financial audit
rhVEOqNhjKo,7,197,the_to_you,the to you
myMj_ZfZ_xI,7,197,the_to_you,the to you
fHes8kAGJHs,4,1086,que_shorts_el,que shorts el
6Np0FPnWdMs,4,1086,que_shorts_el,que shorts el
1a5xOhqvm-I,7,197,the_to_you,the to you
DDUq10BCIHc,4,1086,que_shorts_el,que shorts el
7vdW8a6jEfw,4,1086,que_shorts_el,que shorts el
GMXWOLJHnJc,4,1086,que_shorts_el,que shorts el
s47EWzAbZL4,4,1086,que_shorts_el,que shorts el
tFD4653hJYE,3,40,de_este_comentarios_de_dejo,de este comentarios de dejo
vg9owOLbmvA,4,1086,que_shorts_el,que shorts el
fvtE4TCiMa0,4,1086,que_shorts_el,que shorts el
sQoa8y7eN-8,0,302,de_la_ia,de la ia
wJwQm_aqC8U,4,1086,que_shorts_el,que shorts el
Hs6RxFMX1i4,5,147,no_se_el,no se el
s23TO2BQBcU,0,302,de_la_ia,de la ia
W4BkgA1P27o,4,1086,que_shorts_el,que shorts el
LDXkrlIxj8U,1,49,dijo_esto_dijo_esto_shorts,dijo esto dijo esto shorts
Lc4kaEMcYPQ,4,1086,que_shorts_el,que shorts el
FbRnMwKmmTA,0,302,de_la_ia,de la ia
RSQwihpACgQ,4,1086,que_shorts_el,que shorts el
01NMf5-J_P4,4,1086,que_shorts_el,que shorts el
nOR-IY0SnEY,4,1086,que_shorts_el,que shorts el
A83vXatD6sY,3,40,de_este_comentarios_de_dejo,de este comentarios de dejo
YY99Gla0v4E,5,147,no_se_el,no se el
H57K_ZTfLK4,4,1086,que_shorts_el,que shorts el
0rTo8XSNApA,4,1086,que_shorts_el,que shorts el
HyTkdC8bhCg,4,1086,que_shorts_el,que shorts el
ftk4VdOcaj8,5,147,no_se_el,no se el
2AOH5hgKzpU,4,1086,que_shorts_el,que shorts el
HEW0VJx9iw0,4,1086,que_shorts_el,que shorts el
rg1PhRvmFXk,4,1086,que_shorts_el,que shorts el
iGaMJCi8mAk,4,1086,que_shorts_el,que shorts el
7m9uIc31Egw,5,147,no_se_el,no se el
E7PxcFm-Xs8,7,197,the_to_you,the to you
au_CNv7ZBS4,5,147,no_se_el,no se el
FpwEaued1Hc,7,197,the_to_you,the to you
wR8P970sqH8,4,1086,que_shorts_el,que shorts el
HWAFdvN-agY,4,1086,que_shorts_el,que shorts el
DB1fSfulSJQ,2,74,this_financial_financial_audit,this financial financial audit
FfMFahO2VE4,4,1086,que_shorts_el,que shorts el
gGvkfd-LiKA,4,1086,que_shorts_el,que shorts el
n16KlvFN28c,4,1086,que_shorts_el,que shorts el
yXl7MRLoxrM,4,1086,que_shorts_el,que shorts el
7IL0scdhgJA,4,1086,que_shorts_el,que shorts el
vMnp3ptycik,6,19,en_escúchalo_completo_en,en escúchalo completo en
PbH29W90aw4,3,40,de_este_comentarios_de_dejo,de este comentarios de dejo
wvdEIXEsnNg,4,1086,que_shorts_el,que shorts el
pTWhfAY5kSk,5,147,no_se_el,no se el
FzAYUea4vE8,0,302,de_la_ia,de la ia
I-rogofBX8c,4,1086,que_shorts_el,que shorts el
tXgFifuwvno,4,1086,que_shorts_el,que shorts el
gIuPUj-p2Q4,6,19,en_escúchalo_completo_en,en escúchalo completo en
WeAhvFYojh0,0,302,de_la_ia,de la ia
CWCrgNlU4UY,4,1086,que_shorts_el,que shorts el
yhuivB5l4dQ,6,19,en_escúchalo_completo_en,en escúchalo completo en
ASMDfvp7HM4,4,1086,que_shorts_el,que shorts el
CZtseHx5dAM,7,197,the_to_you,the to you
1WQetpMA8-k,4,1086,que_shorts_el,que shorts el
s2NSwy8xraQ,4,1086,que_shorts_el,que shorts el
Wj8owIKaQKQ,4,1086,que_shorts_el,que shorts el
eoXIFY2GZTw,4,1086,que_shorts_el,que shorts el
xL5gZGVPjnQ,4,1086,que_shorts_el,que shorts el
iaT6-gjxQbo,5,147,no_se_el,no se el
2dTKyxqxca0,4,1086,que_shorts_el,que shorts el
tveRHTJJyy8,2,74,this_financial_financial_audit,this financial financial audit
bbhBRpDlFHE,4,1086,que_shorts_el,que shorts el
Xy09nfcwZ3E,4,1086,que_shorts_el,que shorts el
wB2Kb0MiyAc,4,1086,que_shorts_el,que shorts el
3GUtClCifjw,5,147,no_se_el,no se el
q_ynGwBIxLk,3,40,de_este_comentarios_de_dejo,de este comentarios de dejo
fPnt0Q0vl-Y,4,1086,que_shorts_el,que shorts el
YfK3LI27YcU,5,147,no_se_el,no se el
F1D4G7VTBnY,0,302,de_la_ia,de la ia
IkNEALHWXUo,0,302,de_la_ia,de la ia
lvw8Fe5wcBo,4,1086,que_shorts_el,que shorts el
9R7IaubJFhA,5,147,no_se_el,no se el
evVs-Jtor50,4,1086,que_shorts_el,que shorts el
NAooB35YkHA,0,302,de_la_ia,de la ia
CzIJ566XexE,5,147,no_se_el,no se el
BHCpoVaQyyw,1,49,dijo_esto_dijo_esto_shorts,dijo esto dijo esto shorts
Z0uWs_W9S1A,7,197,the_to_you,the to you
40kncAedwjs,4,1086,que_shorts_el,que shorts el
0dwlHNDdn2s,4,1086,que_shorts_el,que shorts el
AYIqxqyY-es,4,1086,que_shorts_el,que shorts el
g47pe7T6-KE,7,197,the_to_you,the to you
oYu0ZgihU8Q,4,1086,que_shorts_el,que shorts el
PCAPjDDY-h4,0,302,de_la_ia,de la ia
DerWppSGkmE,0,302,de_la_ia,de la ia
4xed6CNu0j8,4,1086,que_shorts_el,que shorts el
6cUe6qrXxJU,4,1086,que_shorts_el,que shorts el
-tzJJPnAenI,4,1086,que_shorts_el,que shorts el
Bv4wqAVZ6Ps,4,1086,que_shorts_el,que shorts el
uay_qpfTJOE,4,1086,que_shorts_el,que shorts el
SvLaz6y-mhs,6,19,en_escúchalo_completo_en,en escúchalo completo en
stk7f11pyr8,3,40,de_este_comentarios_de_dejo,de este comentarios de dejo
0Pz4RIvTg_Y,4,1086,que_shorts_el,que shorts el
HnafDG2aj1I,2,74,this_financial_financial_audit,this financial financial audit
x0HFad-M2iE,0,302,de_la_ia,de la ia
qGa8y4tPUkc,4,1086,que_shorts_el,que shorts el
JTtyJPD0ZOw,1,49,dijo_esto_dijo_esto_shorts,dijo esto dijo esto shorts
nx-wJiabIZ8,0,302,de_la_ia,de la ia
7Ocx3WwDK_c,4,1086,que_shorts_el,que shorts el
DykSRxbFZZo,7,197,the_to_you,the to you
aFvAFWzCwF8,4,1086,que_shorts_el,que shorts el
-lDwUYFl7Iw,5,147,no_se_el,no se el
xVBsBrmoXa8,0,302,de_la_ia,de la ia
v2SVwN2WLHA,4,1086,que_shorts_el,que shorts el
utvh4HJcx14,4,1086,que_shorts_el,que shorts el
2Z1aJVGA1-M,4,1086,que_shorts_el,que shorts el
AXvou3mSGQA,5,147,no_se_el,no se el
0YCyZKuGPmA,4,1086,que_shorts_el,que shorts el
kp1dLUox9_Y,4,1086,que_shorts_el,que shorts el
raie7EtagZk,4,1086,que_shorts_el,que shorts el
oXKkhajzwgE,0,302,de_la_ia,de la ia
kkQDCTCcgC0,4,1086,que_shorts_el,que shorts el
NDF3VSFbxAU,4,1086,que_shorts_el,que shorts el
VITWpByrMdw,0,302,de_la_ia,de la ia
8t5AQRV_tHo,0,302,de_la_ia,de la ia
FR04V2DkErI,4,1086,que_shorts_el,que shorts el
-5kkpHpexIA,4,1086,que_shorts_el,que shorts el
7y8W9bita7o,4,1086,que_shorts_el,que shorts el
5BbGrGFI2gQ,4,1086,que_shorts_el,que shorts el
4RmcHqjzw-A,4,1086,que_shorts_el,que shorts el
Um1DSnUqmko,3,40,de_este_comentarios_de_dejo,de este comentarios de dejo
R1iBWKeX42I,0,302,de_la_ia,de la ia
UxUmboIvArE,0,302,de_la_ia,de la ia
mYxbmWCkImc,4,1086,que_shorts_el,que shorts el
f7fbvRa4eJE,7,197,the_to_you,the to you
eEfZlpKPAIU,4,1086,que_shorts_el,que shorts el
Zqmsoqo2fJs,4,1086,que_shorts_el,que shorts el
lB_XJmoBLjw,6,19,en_escúchalo_completo_en,en escúchalo completo en
G-i7hiu_yPU,4,1086,que_shorts_el,que shorts el
6q8iEtd0IGE,4,1086,que_shorts_el,que shorts el
_QHAqfILwPk,6,19,en_escúchalo_completo_en,en escúchalo completo en
7PY7jbupwSg,4,1086,que_shorts_el,que shorts el
t9_dqoKfqLo,4,1086,que_shorts_el,que shorts el
zEUstENVghI,3,40,de_este_comentarios_de_dejo,de este comentarios de dejo
0moz0GJcIHg,4,1086,que_shorts_el,que shorts el
ZjtJALByo70,4,1086,que_shorts_el,que shorts el
vm8Yn0BN-TQ,4,1086,que_shorts_el,que shorts el
_O6ICkmg1Zg,4,1086,que_shorts_el,que shorts el
Qyf99inRvDE,4,1086,que_shorts_el,que shorts el
f2fDaAMvlV4,4,1086,que_shorts_el,que shorts el
7eJtgn-ZUCw,4,1086,que_shorts_el,que shorts el
cQtG3e89OlU,0,302,de_la_ia,de la ia
7u0DJM1SNPs,5,147,no_se_el,no se el
l8F9Omk197E,4,1086,que_shorts_el,que shorts el
ZrTIAjdcBGM,4,1086,que_shorts_el,que shorts el
jdrW-vJOD1w,0,302,de_la_ia,de la ia
sujVZ7316qo,4,1086,que_shorts_el,que shorts el
YD2iT-SCJb0,6,19,en_escúchalo_completo_en,en escúchalo completo en
X84NGQIvwr4,4,1086,que_shorts_el,que shorts el
UkbeRKmr5kM,5,147,no_se_el,no se el
y3HkZSayX2s,4,1086,que_shorts_el,que shorts el
5qdSXAozae4,4,1086,que_shorts_el,que shorts el
FIEGmya_S3Y,4,1086,que_shorts_el,que shorts el
3u17S5IHq14,0,302,de_la_ia,de la ia
qCFEWA_Nu3k,0,302,de_la_ia,de la ia
FAerQflosns,4,1086,que_shorts_el,que shorts el
pqIZk9qrBEM,4,1086,que_shorts_el,que shorts el
ax0ogeQpq3E,6,19,en_escúchalo_completo_en,en escúchalo completo en
UPYFbiBv8H4,4,1086,que_shorts_el,que shorts el
rr8ZpzHcZJc,4,1086,que_shorts_el,que shorts el
Gs0INaKmzzQ,1,49,dijo_esto_dijo_esto_shorts,dijo esto dijo esto shorts
u3RceRwvVaw,5,147,no_se_el,no se el
5DilrEUdYnY,4,1086,que_shorts_el,que shorts el
rbbMgCB90fk,5,147,no_se_el,no se el
rzHYdFYDjcQ,4,1086,que_shorts_el,que shorts el
6AKlPLtjBR8,4,1086,que_shorts_el,que shorts el
ITT9xWeicWM,4,1086,que_shorts_el,que shorts el
vcL1MMmXeO8,5,147,no_se_el,no se el
VvBy9AkhR2w,6,19,en_escúchalo_completo_en,en escúchalo completo en
2FFoc89SAj0,4,1086,que_shorts_el,que shorts el
KfaPxlvQx1M,4,1086,que_shorts_el,que shorts el
21UbB1_pq3o,4,1086,que_shorts_el,que shorts el
_jqAr4E6dGs,4,1086,que_shorts_el,que shorts el
RtMUcQbG1_o,4,1086,que_shorts_el,que shorts el
tLBMAUtATsY,4,1086,que_shorts_el,que shorts el
8MYi3eXH9Hs,4,1086,que_shorts_el,que shorts el
zBNTi3oggvA,4,1086,que_shorts_el,que shorts el
E6IrH04B8wg,4,1086,que_shorts_el,que shorts el
5Tsi4Beca6g,4,1086,que_shorts_el,que shorts el
u7sbQBw3X3g,4,1086,que_shorts_el,que shorts el
2FdfXwODkr4,4,1086,que_shorts_el,que shorts el
yRy6KDl2xWo,4,1086,que_shorts_el,que shorts el
3c9Oq8VyMpg,4,1086,que_shorts_el,que shorts el
OQNLi8O-Eu0,0,302,de_la_ia,de la ia
pVXm6lt1F7w,4,1086,que_shorts_el,que shorts el
Z-xAO96GQtU,4,1086,que_shorts_el,que shorts el
RtCDqPRlu48,4,1086,que_shorts_el,que shorts el
hrIY-clbdg8,4,1086,que_shorts_el,que shorts el
seu69-hMmGw,0,302,de_la_ia,de la ia
pS5AOr4B7hg,4,1086,que_shorts_el,que shorts el
1HWpBvWbexU,4,1086,que_shorts_el,que shorts el
L8qTgJOhpPg,4,1086,que_shorts_el,que shorts el
WMUsoJWxKVU,4,1086,que_shorts_el,que shorts el
dp2_5avL0dM,0,302,de_la_ia,de la ia
L9S9BoEzO_o,4,1086,que_shorts_el,que shorts el
1_D2legkGnM,4,1086,que_shorts_el,que shorts el
FjxyqtLuh_M,4,1086,que_shorts_el,que shorts el
g8NWmUdMh_E,4,1086,que_shorts_el,que shorts el
-8Xee3Y4Yeg,4,1086,que_shorts_el,que shorts el
jv13-whpdgI,4,1086,que_shorts_el,que shorts el
XzkJ2WrHR2c,5,147,no_se_el,no se el
5jOtf3OIgHg,0,302,de_la_ia,de la ia
_EHKT75Ir0g,4,1086,que_shorts_el,que shorts el
HgD5P0gQxOk,4,1086,que_shorts_el,que shorts el
H1fy1Brpa3Q,6,19,en_escúchalo_completo_en,en escúchalo completo en
ys1zQyiLrMc,4,1086,que_shorts_el,que shorts el
pGGJHrxn1VU,4,1086,que_shorts_el,que shorts el
H_i8nh8uBco,3,40,de_este_comentarios_de_dejo,de este comentarios de dejo
IZNeoCSdcfY,4,1086,que_shorts_el,que shorts el
UcgjSqz0CZs,4,1086,que_shorts_el,que shorts el
c7jDKJkIuZ8,4,1086,que_shorts_el,que shorts el
uAOfsghz2NY,3,40,de_este_comentarios_de_dejo,de este comentarios de dejo
dINRvKoLQ-c,1,49,dijo_esto_dijo_esto_shorts,dijo esto dijo esto shorts
W1js1spTUPs,4,1086,que_shorts_el,que shorts el
sncgYGQt1T8,0,302,de_la_ia,de la ia
Q3JZcugU5zw,4,1086,que_shorts_el,que shorts el
iSGdQjtChUk,0,302,de_la_ia,de la ia
MbX7gs6huVE,4,1086,que_shorts_el,que shorts el
6_o0OElprPo,4,1086,que_shorts_el,que shorts el
RNi5EAKHQ_I,6,19,en_escúchalo_completo_en,en escúchalo completo en
61fk5yAs7Jw,4,1086,que_shorts_el,que shorts el
QLnHGjCD-Vw,4,1086,que_shorts_el,que shorts el
7jg0cSWJpCA,4,1086,que_shorts_el,que shorts el
XAtcOrOAaIk,4,1086,que_shorts_el,que shorts el
C9V8L2emj9M,4,1086,que_shorts_el,que shorts el
-bFkzPRxH4w,4,1086,que_shorts_el,que shorts el
VszurX3VCPE,0,302,de_la_ia,de la ia
yqwGsf5XVkI,4,1086,que_shorts_el,que shorts el
xAJcbx5h6wE,5,147,no_se_el,no se el
f0ukpT07u2c,4,1086,que_shorts_el,que shorts el
ZjnjH_SaHyo,4,1086,que_shorts_el,que shorts el
YK5lvBU6yLs,0,302,de_la_ia,de la ia
R_SOXyvBPuA,5,147,no_se_el,no se el
ra8QknbAJs4,4,1086,que_shorts_el,que shorts el
03uRM4Uz5t8,5,147,no_se_el,no se el
EJfh57hfc_E,1,49,dijo_esto_dijo_esto_shorts,dijo esto dijo esto shorts
5cynqLNd1gA,5,147,no_se_el,no se el
woNfdYrmVGw,4,1086,que_shorts_el,que shorts el
erf6YdpSakA,6,19,en_escúchalo_completo_en,en escúchalo completo en
DBWMP58IOcw,5,147,no_se_el,no se el
rn0fCmYeDaI,4,1086,que_shorts_el,que shorts el
Rpw1_eKZCEA,4,1086,que_shorts_el,que shorts el
HOwVuamQvTc,0,302,de_la_ia,de la ia
w9LJSjmwufQ,0,302,de_la_ia,de la ia
Wz8CxWdCHC0,4,1086,que_shorts_el,que shorts el
gZ3EniqK8Qc,5,147,no_se_el,no se el
xIE99iYdH_o,5,147,no_se_el,no se el
ppy-SwlSnEo,4,1086,que_shorts_el,que shorts el
SK8tkpErsm8,5,147,no_se_el,no se el
bGis_LtFRRo,4,1086,que_shorts_el,que shorts el
2F50vE7VUIw,4,1086,que_shorts_el,que shorts el
sPHe-L95K0o,4,1086,que_shorts_el,que shorts el
ZVnXmeZZDw0,4,1086,que_shorts_el,que shorts el
jr8lgZvzA34,4,1086,que_shorts_el,que shorts el
iS1jGgfO9Z0,3,40,de_este_comentarios_de_dejo,de este comentarios de dejo
AU6gGMDF7ts,4,1086,que_shorts_el,que shorts el
k30WHO9_ppU,3,40,de_este_comentarios_de_dejo,de este comentarios de dejo
waOGddip3Wk,0,302,de_la_ia,de la ia
Xshu2lM5PZE,5,147,no_se_el,no se el
2NMgx26Y-Bk,5,147,no_se_el,no se el
toJGQUZbdqc,1,49,dijo_esto_dijo_esto_shorts,dijo esto dijo esto shorts
q__FKs64J28,0,302,de_la_ia,de la ia
UacKz43AiDQ,4,1086,que_shorts_el,que shorts el
9T90MfOpaZY,5,147,no_se_el,no se el
5qoKwHygsy8,4,1086,que_shorts_el,que shorts el
nZlhHf8vSbU,4,1086,que_shorts_el,que shorts el
PfdNPN9Jv6s,1,49,dijo_esto_dijo_esto_shorts,dijo esto dijo esto shorts
pgFxsauDXjc,4,1086,que_shorts_el,que shorts el
kLhNERKdwd4,4,1086,que_shorts_el,que shorts el
qC_5K9u8nY4,4,1086,que_shorts_el,que shorts el
Q9qmcTjw89Q,4,1086,que_shorts_el,que shorts el
UWRxdKxuOb8,1,49,dijo_esto_dijo_esto_shorts,dijo esto dijo esto shorts
HyWpbCUdCr8,3,40,de_este_comentarios_de_dejo,de este comentarios de dejo
sGEEHGc7eyo,3,40,de_este_comentarios_de_dejo,de este comentarios de dejo
yA-SufBCL7g,1,49,dijo_esto_dijo_esto_shorts,dijo esto dijo esto shorts
Nz7vsR3_W3I,4,1086,que_shorts_el,que shorts el
mbtA5CBh5qk,4,1086,que_shorts_el,que shorts el
e5jQUYrRPRk,4,1086,que_shorts_el,que shorts el
rXs8JlFIS-U,1,49,dijo_esto_dijo_esto_shorts,dijo esto dijo esto shorts
-rDMPyp2tvQ,4,1086,que_shorts_el,que shorts el
WSSQ8mtQicE,4,1086,que_shorts_el,que shorts el
h_G5spN1nJk,4,1086,que_shorts_el,que shorts el
NLrfMQ0dqpQ,4,1086,que_shorts_el,que shorts el
IiPyKNs5dtg,4,1086,que_shorts_el,que shorts el
i6WQdQsE0kc,4,1086,que_shorts_el,que shorts el
67JREKwyixk,3,40,de_este_comentarios_de_dejo,de este comentarios de dejo
_BhjwaNE8mc,4,1086,que_shorts_el,que shorts el
M_iusAv-K8Y,4,1086,que_shorts_el,que shorts el
fpkC4nn2D60,0,302,de_la_ia,de la ia
xfMhpaP8QSg,5,147,no_se_el,no se el
tA9L9aV6gXY,1,49,dijo_esto_dijo_esto_shorts,dijo esto dijo esto shorts
wZBBnciTACo,4,1086,que_shorts_el,que shorts el
-X2P40t70LM,0,302,de_la_ia,de la ia
V2d9YyBmeUk,4,1086,que_shorts_el,que shorts el
kIyN_WRhXJw,0,302,de_la_ia,de la ia
jMRgMiRCw8c,0,302,de_la_ia,de la ia
SYdW3cZKdmY,0,302,de_la_ia,de la ia
lrl7lslhv2s,3,40,de_este_comentarios_de_dejo,de este comentarios de dejo
tLlucpJbi5E,0,302,de_la_ia,de la ia
KW2YQ1C0ECs,5,147,no_se_el,no se el
F4ZxeuNDoUw,4,1086,que_shorts_el,que shorts el
ERxzxl6fXbw,4,1086,que_shorts_el,que shorts el
IBBboS2nK3c,3,40,de_este_comentarios_de_dejo,de este comentarios de dejo
zzsUsCRoGcI,4,1086,que_shorts_el,que shorts el
cxBZkkzJcpw,4,1086,que_shorts_el,que shorts el
6dfxL42fP0c,5,147,no_se_el,no se el
sebAi3RkL4o,4,1086,que_shorts_el,que shorts el
8Cc0marf_vs,1,49,dijo_esto_dijo_esto_shorts,dijo esto dijo esto shorts
GKCz_gBPkvI,1,49,dijo_esto_dijo_esto_shorts,dijo esto dijo esto shorts
q4PUKnyy3QQ,5,147,no_se_el,no se el
fxb9BMISN54,4,1086,que_shorts_el,que shorts el
PZ2yduZysf0,3,40,de_este_comentarios_de_dejo,de este comentarios de dejo
Rdfd1KAX6NU,3,40,de_este_comentarios_de_dejo,de este comentarios de dejo
aNfOwttNQcg,3,40,de_este_comentarios_de_dejo,de este comentarios de dejo
PiKd0maLI6o,3,40,de_este_comentarios_de_dejo,de este comentarios de dejo
vd8fb3noIgY,1,49,dijo_esto_dijo_esto_shorts,dijo esto dijo esto shorts
8ImVuaOhTf4,1,49,dijo_esto_dijo_esto_shorts,dijo esto dijo esto shorts
rWwPAnF8Qeo,4,1086,que_shorts_el,que shorts el
RVu1kgj-miw,4,1086,que_shorts_el,que shorts el
AMpe2jD0lZw,4,1086,que_shorts_el,que shorts el
yawQxLw0K08,4,1086,que_shorts_el,que shorts el
mT-7tbs7rVw,4,1086,que_shorts_el,que shorts el
j584RpaMrDg,3,40,de_este_comentarios_de_dejo,de este comentarios de dejo
MnlZeYcfowk,4,1086,que_shorts_el,que shorts el
fgasMQ6UWPY,4,1086,que_shorts_el,que shorts el
Dic-fJdWqhY,4,1086,que_shorts_el,que shorts el
aYH-DvGfEVU,4,1086,que_shorts_el,que shorts el
e5ory4NWVaQ,4,1086,que_shorts_el,que shorts el
X5_Q7FZ0Sik,5,147,no_se_el,no se el
KPjUKzX4bo8,4,1086,que_shorts_el,que shorts el
aa_n-rMfKHE,4,1086,que_shorts_el,que shorts el
QSe13hyv68o,0,302,de_la_ia,de la ia
TpncXdKNLTQ,4,1086,que_shorts_el,que shorts el
kFVzax1iFW8,0,302,de_la_ia,de la ia
V4tlvp9IP_8,4,1086,que_shorts_el,que shorts el
MdYM6kw372Q,4,1086,que_shorts_el,que shorts el
LikC_lxkVEg,4,1086,que_shorts_el,que shorts el
dA8XrnlFY5w,4,1086,que_shorts_el,que shorts el
OHGtOI47r4M,4,1086,que_shorts_el,que shorts el
PQOKPfU-zIs,4,1086,que_shorts_el,que shorts el
Q4zggacUY6E,4,1086,que_shorts_el,que shorts el
TOKUlItJpY4,5,147,no_se_el,no se el
eYZUzUEUsjo,4,1086,que_shorts_el,que shorts el
HZ2uROlnuEg,0,302,de_la_ia,de la ia
rQmlUxDeTxE,5,147,no_se_el,no se el
Rax-kdRVG74,4,1086,que_shorts_el,que shorts el
WFOEVVlOH8s,4,1086,que_shorts_el,que shorts el
iPg5fXvAqqo,1,49,dijo_esto_dijo_esto_shorts,dijo esto dijo esto shorts
N9drBPpPZFI,4,1086,que_shorts_el,que shorts el
AnhXe6C7RcY,4,1086,que_shorts_el,que shorts el
yveo9j8JZts,0,302,de_la_ia,de la ia
TSAh8dzN0cw,3,40,de_este_comentarios_de_dejo,de este comentarios de dejo
Xq-4lUaLIp8,0,302,de_la_ia,de la ia
Lw3RJgDjXh0,3,40,de_este_comentarios_de_dejo,de este comentarios de dejo
BwIlVEvq7mU,0,302,de_la_ia,de la ia
Enic64S66_s,3,40,de_este_comentarios_de_dejo,de este comentarios de dejo
vaEGXlhFrJQ,0,302,de_la_ia,de la ia
BYv6i1MhiRA,5,147,no_se_el,no se el
Mxv60XerzG4,1,49,dijo_esto_dijo_esto_shorts,dijo esto dijo esto shorts
Ux-bi7bqrUU,4,1086,que_shorts_el,que shorts el
SxYWhC51qFo,1,49,dijo_esto_dijo_esto_shorts,dijo esto dijo esto shorts
xSS2WTAglww,0,302,de_la_ia,de la ia
nxCFXdIgxmw,4,1086,que_shorts_el,que shorts el
7A5KHuRU8BE,4,1086,que_shorts_el,que shorts el
8mnzaIML2AM,5,147,no_se_el,no se el
XoY4BiK1WW8,4,1086,que_shorts_el,que shorts el
1t2Yd_bmg_k,1,49,dijo_esto_dijo_esto_shorts,dijo esto dijo esto shorts
FdFgh2vQp8I,0,302,de_la_ia,de la ia
hCNT8hK1T98,5,147,no_se_el,no se el
YfEz4a39qS0,0,302,de_la_ia,de la ia
dG7UGA71QJU,4,1086,que_shorts_el,que shorts el
-OmU9HqUNZ0,5,147,no_se_el,no se el
KppJdbUvqp8,4,1086,que_shorts_el,que shorts el
Qf1PdYlk_9A,5,147,no_se_el,no se el
Tu8OUN2WuyU,0,302,de_la_ia,de la ia
FzdGk0ceLCA,4,1086,que_shorts_el,que shorts el
0GmokuFXa_o,4,1086,que_shorts_el,que shorts el
zSPnVUpVwj8,4,1086,que_shorts_el,que shorts el
H5KmfCor3mc,4,1086,que_shorts_el,que shorts el
gaOZZ1TYILU,4,1086,que_shorts_el,que shorts el
Xcmg2noBQOw,4,1086,que_shorts_el,que shorts el
Cyfs-ngasus,4,1086,que_shorts_el,que shorts el
dIwCndpKuSE,4,1086,que_shorts_el,que shorts el
WynveK8qJx4,4,1086,que_shorts_el,que shorts el
JxM9FGa1xjw,4,1086,que_shorts_el,que shorts el
9u4d0EDxCkY,0,302,de_la_ia,de la ia
bbv1p_j1P8Y,4,1086,que_shorts_el,que shorts el
mTqDtRTKvqE,3,40,de_este_comentarios_de_dejo,de este comentarios de dejo
YldxYShWvGE,0,302,de_la_ia,de la ia
QeK4l-iH51Y,0,302,de_la_ia,de la ia
tqD_yn5Y_zQ,4,1086,que_shorts_el,que shorts el
u03PlL13QDw,0,302,de_la_ia,de la ia
dUo1R8tp6zQ,0,302,de_la_ia,de la ia
WVEngsk1RuQ,5,147,no_se_el,no se el
Tx6waClZSYM,4,1086,que_shorts_el,que shorts el
4NHnN9EmDk0,0,302,de_la_ia,de la ia
qsJSGpOs5q4,1,49,dijo_esto_dijo_esto_shorts,dijo esto dijo esto shorts
fIZkXHaOuvY,4,1086,que_shorts_el,que shorts el
TlwFNKM1OyA,4,1086,que_shorts_el,que shorts el
kLZUfQUWNNw,0,302,de_la_ia,de la ia
X5MyBjZ8Jgw,1,49,dijo_esto_dijo_esto_shorts,dijo esto dijo esto shorts
0xTKuxdSrRI,0,302,de_la_ia,de la ia
qO9602XOIfY,5,147,no_se_el,no se el
jKwIvjb9kgM,4,1086,que_shorts_el,que shorts el
ymxpml7CipE,4,1086,que_shorts_el,que shorts el
tysrC1PivVE,4,1086,que_shorts_el,que shorts el
hx45I5QyAFw,0,302,de_la_ia,de la ia
9Ke8dmefEqo,4,1086,que_shorts_el,que shorts el
50Esq3fgXzA,4,1086,que_shorts_el,que shorts el
SZLTZDoVcfA,4,1086,que_shorts_el,que shorts el
m8mdQGF-Pmw,1,49,dijo_esto_dijo_esto_shorts,dijo esto dijo esto shorts
2q62qBqugJE,4,1086,que_shorts_el,que shorts el
wFTojQEC2eE,0,302,de_la_ia,de la ia
oeymdn1d4qg,5,147,no_se_el,no se el
d4AaggbJACU,4,1086,que_shorts_el,que shorts el
TAJkbsNrZuM,4,1086,que_shorts_el,que shorts el
96k8OXI58Ko,4,1086,que_shorts_el,que shorts el
FHeTJmwxo5s,5,147,no_se_el,no se el
Vd3Pkc0YGrM,4,1086,que_shorts_el,que shorts el
xpf49h0tGvI,0,302,de_la_ia,de la ia
LQd65ctML6o,0,302,de_la_ia,de la ia
1c8cpHNlIb8,0,302,de_la_ia,de la ia
ZgcrZ8qm0-w,5,147,no_se_el,no se el
hE1O48iNhBw,5,147,no_se_el,no se el
RGWm_UCIWnc,4,1086,que_shorts_el,que shorts el
IrefshwOoX8,4,1086,que_shorts_el,que shorts el
0O8CF6F7CVs,4,1086,que_shorts_el,que shorts el
bjFyP8D_XvM,4,1086,que_shorts_el,que shorts el
YPM2Fep2P3A,4,1086,que_shorts_el,que shorts el
uJzhn5czGL4,0,302,de_la_ia,de la ia
dCJJcNtrNjo,4,1086,que_shorts_el,que shorts el
8XfsycyMf48,0,302,de_la_ia,de la ia
PMX-urJB7uw,0,302,de_la_ia,de la ia
3QRWlCFdzyE,1,49,dijo_esto_dijo_esto_shorts,dijo esto dijo esto shorts
RBz3O-4xBYE,1,49,dijo_esto_dijo_esto_shorts,dijo esto dijo esto shorts
rzqgWnJPamU,4,1086,que_shorts_el,que shorts el
nLlqkXdlNsM,4,1086,que_shorts_el,que shorts el
t3oZncJYgwE,5,147,no_se_el,no se el
h5Snd8uqih8,5,147,no_se_el,no se el
uOGqRV25LOc,0,302,de_la_ia,de la ia
FOyH5MIRyD4,1,49,dijo_esto_dijo_esto_shorts,dijo esto dijo esto shorts
uHx1N_qFfTw,4,1086,que_shorts_el,que shorts el
SrN39dykl7A,4,1086,que_shorts_el,que shorts el
YY3pLnSX1W4,5,147,no_se_el,no se el
WBBOTxvDook,4,1086,que_shorts_el,que shorts el
weyrpnOTB-A,4,1086,que_shorts_el,que shorts el
Jlw306k4Sv0,4,1086,que_shorts_el,que shorts el
kyojR7HQsVs,0,302,de_la_ia,de la ia
TCGbMJYgaYA,4,1086,que_shorts_el,que shorts el
2Ylfj8r_-V8,4,1086,que_shorts_el,que shorts el
3wJvtiigDcg,4,1086,que_shorts_el,que shorts el
AWWSm291p7c,4,1086,que_shorts_el,que shorts el
GQtuLY1Qs1Q,5,147,no_se_el,no se el
izQP0WI1i9A,4,1086,que_shorts_el,que shorts el
cRKwXRLqKQM,4,1086,que_shorts_el,que shorts el
VsjETURd7No,4,1086,que_shorts_el,que shorts el
vyUuhcDRcf4,1,49,dijo_esto_dijo_esto_shorts,dijo esto dijo esto shorts
vW1rzDI4KhM,1,49,dijo_esto_dijo_esto_shorts,dijo esto dijo esto shorts
5aR4agCS1OM,4,1086,que_shorts_el,que shorts el
wm1qu3D9-ho,4,1086,que_shorts_el,que shorts el
saLXbA_OCkE,4,1086,que_shorts_el,que shorts el
MCnA_GAeAfg,4,1086,que_shorts_el,que shorts el
YNW_D7b60I4,4,1086,que_shorts_el,que shorts el
MOpYEt-XfaU,4,1086,que_shorts_el,que shorts el
G1xuyxMOUNM,5,147,no_se_el,no se el
sZoT8IoDJTU,4,1086,que_shorts_el,que shorts el
wlOrP9Q1akA,0,302,de_la_ia,de la ia
Mm2C9CRyDxY,4,1086,que_shorts_el,que shorts el
wvJLjIR3nRI,4,1086,que_shorts_el,que shorts el
nIrSjC_gsk8,4,1086,que_shorts_el,que shorts el
IaUn-c8Lxss,4,1086,que_shorts_el,que shorts el
8MhnMHlXk7Q,4,1086,que_shorts_el,que shorts el
XvLttG6zZck,0,302,de_la_ia,de la ia
D3h2gmgCBFg,3,40,de_este_comentarios_de_dejo,de este comentarios de dejo
I66LDF9iWts,5,147,no_se_el,no se el
_XyunBBcVXY,0,302,de_la_ia,de la ia
-ZL_mpjxaUo,0,302,de_la_ia,de la ia
X8ekpP_cQa8,4,1086,que_shorts_el,que shorts el
i7eGzJCQ1Yg,4,1086,que_shorts_el,que shorts el
GZ9itUCDrac,4,1086,que_shorts_el,que shorts el
uoRmXpQseH8,4,1086,que_shorts_el,que shorts el
-lSM97fApgQ,4,1086,que_shorts_el,que shorts el
1sofoaFEV58,4,1086,que_shorts_el,que shorts el
39rirHnSBZ4,5,147,no_se_el,no se el
dgLkCZqY25k,4,1086,que_shorts_el,que shorts el
jwbb2gBJv80,0,302,de_la_ia,de la ia
ufd2-4stl2c,3,40,de_este_comentarios_de_dejo,de este comentarios de dejo
uHxqeL7QELA,0,302,de_la_ia,de la ia
faI4p5bLrHI,3,40,de_este_comentarios_de_dejo,de este comentarios de dejo
h97_Js_1xxM,0,302,de_la_ia,de la ia
G_DfQGPlzSk,0,302,de_la_ia,de la ia
RUDBhauy7d4,0,302,de_la_ia,de la ia
oK_5j-Sg2gY,3,40,de_este_comentarios_de_dejo,de este comentarios de dejo
drXSzAz-Y5k,3,40,de_este_comentarios_de_dejo,de este comentarios de dejo
bnMCnUrqfnI,3,40,de_este_comentarios_de_dejo,de este comentarios de dejo
8Uc38P74EPA,7,197,the_to_you,the to you
YhK61esLuvA,0,302,de_la_ia,de la ia
X9LVL35yvio,4,1086,que_shorts_el,que shorts el
kOACms0v5iw,0,302,de_la_ia,de la ia
pZpTd45UHtw,4,1086,que_shorts_el,que shorts el
nuFQ3CJ7Mo8,0,302,de_la_ia,de la ia
DY2SaD5AMcg,0,302,de_la_ia,de la ia
7hCnpK4ZuFI,4,1086,que_shorts_el,que shorts el
rhlNOFjmu_Q,4,1086,que_shorts_el,que shorts el
VKyRU-ciTwM,4,1086,que_shorts_el,que shorts el
DqU3d7vvfjU,4,1086,que_shorts_el,que shorts el
1jJqsOIsUC4,4,1086,que_shorts_el,que shorts el
Zt_XxHuDRm4,4,1086,que_shorts_el,que shorts el
V4I_Vd1iKvM,4,1086,que_shorts_el,que shorts el
nM4RVn1Anlk,0,302,de_la_ia,de la ia
9zUupCK_Gww,4,1086,que_shorts_el,que shorts el
i9qbn42hBN4,4,1086,que_shorts_el,que shorts el
W6CJZVdLZ3E,4,1086,que_shorts_el,que shorts el
p94v32ElnGE,7,197,the_to_you,the to you
un72e60njpM,4,1086,que_shorts_el,que shorts el
Lylktn1iaMM,7,197,the_to_you,the to you
0i21SiP8FHU,4,1086,que_shorts_el,que shorts el
jMsdKHRkRks,7,197,the_to_you,the to you
TqozFe8wuy0,4,1086,que_shorts_el,que shorts el
cus3mgC9njg,7,197,the_to_you,the to you
w3ZwcuKWjkI,4,1086,que_shorts_el,que shorts el
_C0WxnxzhcI,7,197,the_to_you,the to you
E-pO8-QCiys,4,1086,que_shorts_el,que shorts el
dQzMnJm6nqk,4,1086,que_shorts_el,que shorts el
YJ82p6Cyt2Q,7,197,the_to_you,the to you
gZ6AWVVfIxA,4,1086,que_shorts_el,que shorts el
kkA3TvIJ_qg,4,1086,que_shorts_el,que shorts el
fWwaug6HgPg,4,1086,que_shorts_el,que shorts el
UJfMavodseE,7,197,the_to_you,the to you
L8BkLkDtThU,2,74,this_financial_financial_audit,this financial financial audit
DK3bBB4Oqhg,2,74,this_financial_financial_audit,this financial financial audit
lzYROnZibYQ,4,1086,que_shorts_el,que shorts el
rgWcXRkBgxk,2,74,this_financial_financial_audit,this financial financial audit
mkYeITacS2A,4,1086,que_shorts_el,que shorts el
LtrB3VNpa1I,4,1086,que_shorts_el,que shorts el
tZjLTRwSGig,7,197,the_to_you,the to you
KGW-0oKDoIg,4,1086,que_shorts_el,que shorts el
RDmi1NGbabw,4,1086,que_shorts_el,que shorts el
AfKocKW4sVQ,0,302,de_la_ia,de la ia
tvfr7A4PXHQ,4,1086,que_shorts_el,que shorts el
CKwMrLpJgzo,4,1086,que_shorts_el,que shorts el
_HwmJxfbOKw,4,1086,que_shorts_el,que shorts el
DJjQxnhPWuE,0,302,de_la_ia,de la ia
tIwgvfwSVy4,4,1086,que_shorts_el,que shorts el
5oiGIdNcA6c,1,49,dijo_esto_dijo_esto_shorts,dijo esto dijo esto shorts
389lMg_SC8Y,1,49,dijo_esto_dijo_esto_shorts,dijo esto dijo esto shorts
hSvx5iHui3Y,4,1086,que_shorts_el,que shorts el
ucFT7L44RFI,0,302,de_la_ia,de la ia
jTUFeCH5qMM,1,49,dijo_esto_dijo_esto_shorts,dijo esto dijo esto shorts
HMtqoPU7V1g,1,49,dijo_esto_dijo_esto_shorts,dijo esto dijo esto shorts
mXHhu_wVKNI,5,147,no_se_el,no se el
HVXQO0-h1yQ,4,1086,que_shorts_el,que shorts el
NCXLk1BmHmU,5,147,no_se_el,no se el
dSRkaKvgOZc,0,302,de_la_ia,de la ia
cITiLn9jwJk,1,49,dijo_esto_dijo_esto_shorts,dijo esto dijo esto shorts
bLe86iJJ2mg,1,49,dijo_esto_dijo_esto_shorts,dijo esto dijo esto shorts
Jn0vNECfMfc,1,49,dijo_esto_dijo_esto_shorts,dijo esto dijo esto shorts
kGGyPqVkXzw,4,1086,que_shorts_el,que shorts el
341jHTzTi1w,5,147,no_se_el,no se el
MSsyzGjPaJs,1,49,dijo_esto_dijo_esto_shorts,dijo esto dijo esto shorts
QzAlB9Cjo9M,4,1086,que_shorts_el,que shorts el
DC-XJAOZH64,4,1086,que_shorts_el,que shorts el
YUKCYDmWzyY,4,1086,que_shorts_el,que shorts el
rWebzjsjH-Y,4,1086,que_shorts_el,que shorts el
uRK8hWFkhWY,0,302,de_la_ia,de la ia
SodAkxI7kf4,4,1086,que_shorts_el,que shorts el
7YL8TyF9Gm8,0,302,de_la_ia,de la ia
VJCNVbL92GE,0,302,de_la_ia,de la ia
szYJSm5P0YE,0,302,de_la_ia,de la ia
ZtUmn-37tgI,0,302,de_la_ia,de la ia
ryP7Az156VQ,0,302,de_la_ia,de la ia
dkbiqaRT9fo,4,1086,que_shorts_el,que shorts el
iSyI8IqeQ6Q,5,147,no_se_el,no se el
bh0fWjqUW1g,4,1086,que_shorts_el,que shorts el
nZ4JI34_Q_g,0,302,de_la_ia,de la ia
5_9VyUcGJaY,4,1086,que_shorts_el,que shorts el
QFZsM759PFg,0,302,de_la_ia,de la ia
3duWdYNv3yY,4,1086,que_shorts_el,que shorts el
jCLvDqQtq18,4,1086,que_shorts_el,que shorts el
iuAFGhkzyLY,4,1086,que_shorts_el,que shorts el
qyd0eQ2ems4,2,74,this_financial_financial_audit,this financial financial audit
PTO0s8YQ49o,7,197,the_to_you,the to you
mb4qfjuX0Lo,2,74,this_financial_financial_audit,this financial financial audit
UiX4CFIiegM,4,1086,que_shorts_el,que shorts el
1ONRHbMRVqk,7,197,the_to_you,the to you
hM1TlSzno5g,4,1086,que_shorts_el,que shorts el
4wC8hnQawiA,4,1086,que_shorts_el,que shorts el
jkxaSI5YJa8,4,1086,que_shorts_el,que shorts el
qtHqUcX4Xec,4,1086,que_shorts_el,que shorts el
r9R3Z05qJyY,4,1086,que_shorts_el,que shorts el
Evw6OFxt9ZI,4,1086,que_shorts_el,que shorts el
Gw-84th-tfQ,4,1086,que_shorts_el,que shorts el
37lCHGgjFKA,4,1086,que_shorts_el,que shorts el
NCoRe8kbrLQ,4,1086,que_shorts_el,que shorts el
WZ1AGTxFHgU,5,147,no_se_el,no se el
YCwNCVftOvg,4,1086,que_shorts_el,que shorts el
3iSnHZjdvCk,4,1086,que_shorts_el,que shorts el
RXWVqSItkzs,4,1086,que_shorts_el,que shorts el
b6uQTR7E9qg,4,1086,que_shorts_el,que shorts el
8OTZLY0a_zc,4,1086,que_shorts_el,que shorts el
jJM9I0KUT-I,4,1086,que_shorts_el,que shorts el
7daapzkUrqg,2,74,this_financial_financial_audit,this financial financial audit
ZLBr473Lq9Q,4,1086,que_shorts_el,que shorts el
KUu4fahAg7M,7,197,the_to_you,the to you
HUSPFNHI6PY,2,74,this_financial_financial_audit,this financial financial audit
cCVbcKZErso,4,1086,que_shorts_el,que shorts el
zuv69Sqw0oA,4,1086,que_shorts_el,que shorts el
QouigspVqvw,4,1086,que_shorts_el,que shorts el
ZarVnhg7P24,4,1086,que_shorts_el,que shorts el
hKQTJWAusQ8,4,1086,que_shorts_el,que shorts el
13R3sJ3Qrcs,4,1086,que_shorts_el,que shorts el
Ysl1eHH9nVw,4,1086,que_shorts_el,que shorts el
-L8Sen4mJkw,0,302,de_la_ia,de la ia
1hmXxJX9UM4,0,302,de_la_ia,de la ia
o2Lv9nkeAAQ,5,147,no_se_el,no se el
IuqkorRCn5c,4,1086,que_shorts_el,que shorts el
L6xVq6zm3sU,4,1086,que_shorts_el,que shorts el
cuAwxJwfm7Y,0,302,de_la_ia,de la ia
MuIBo4XYlX4,4,1086,que_shorts_el,que shorts el
iW-xD8UiTZQ,4,1086,que_shorts_el,que shorts el
6RnQRo9kEx4,0,302,de_la_ia,de la ia
T04hQqUcbKg,4,1086,que_shorts_el,que shorts el
wDqlHnCwvQU,4,1086,que_shorts_el,que shorts el
2OlWcZcMnQQ,0,302,de_la_ia,de la ia
QDrszY7ggCo,4,1086,que_shorts_el,que shorts el
iG9W1q7Gu8Y,4,1086,que_shorts_el,que shorts el
rPLW9JpioKo,4,1086,que_shorts_el,que shorts el
vrGTLn9WHbs,7,197,the_to_you,the to you
g_aMEWuWE3A,4,1086,que_shorts_el,que shorts el
XxiYa7WM0fU,4,1086,que_shorts_el,que shorts el
vtjFXdFGkBc,4,1086,que_shorts_el,que shorts el
Yv5t9wp5KlE,4,1086,que_shorts_el,que shorts el
tEFXfFkOkGA,4,1086,que_shorts_el,que shorts el
KYOufxxsibI,0,302,de_la_ia,de la ia
sXtMWq-yVhI,4,1086,que_shorts_el,que shorts el
VEAic3PrzHM,0,302,de_la_ia,de la ia
asWGRO9GOIs,4,1086,que_shorts_el,que shorts el
Y8VyhsHH9Y8,4,1086,que_shorts_el,que shorts el
DRPeef8okJY,4,1086,que_shorts_el,que shorts el
4I04-adrE2A,0,302,de_la_ia,de la ia
_k4ruB1hXFk,4,1086,que_shorts_el,que shorts el
p2ZuYKMaXVQ,4,1086,que_shorts_el,que shorts el
f74EJAib6TU,0,302,de_la_ia,de la ia
cLjA8IVlxao,4,1086,que_shorts_el,que shorts el
6xUmuh2YDDI,4,1086,que_shorts_el,que shorts el
WZnTgLjhSJg,0,302,de_la_ia,de la ia
NZNz-Q1hXKQ,0,302,de_la_ia,de la ia
q9g63Fg0C0s,6,19,en_escúchalo_completo_en,en escúchalo completo en
sHXJob_Yxmw,6,19,en_escúchalo_completo_en,en escúchalo completo en
V-z0k5xu1hM,4,1086,que_shorts_el,que shorts el
o6V2_tvL-CE,4,1086,que_shorts_el,que shorts el
1r6GTP4PWYs,4,1086,que_shorts_el,que shorts el
d5e6YIVxGfU,4,1086,que_shorts_el,que shorts el
Uikp3Md43ac,7,197,the_to_you,the to you
UP62NcsmyGo,0,302,de_la_ia,de la ia
Ww6kDGTIF0g,0,302,de_la_ia,de la ia
45GqOfk996I,5,147,no_se_el,no se el
9IYRd5TnC5M,7,197,the_to_you,the to you
pag8Ncc7AwQ,7,197,the_to_you,the to you
Gab74WWEIZQ,7,197,the_to_you,the to you
d96WHYOHoU8,7,197,the_to_you,the to you
XA84pSrPHS0,4,1086,que_shorts_el,que shorts el
-ellvM_GPWI,7,197,the_to_you,the to you
dGjYPrNNjyM,4,1086,que_shorts_el,que shorts el
