execution_date,channel_id,channel_name,videos_tracked,new_videos,total_views_delta,median_views_delta,avg_engagement_rate,channel_growth_7d,channel_growth_30d,channel_momentum_7d_vs_30d,channel_momentum_score,publish_frequency_7d,publish_frequency_30d,channel_consistency_score,channel_volatility_robust,top_video_id,top_video_title,top_video_views_delta,shorts_ratio,mid_ratio,long_ratio,metric_confidence_score
2026-05-21T12:28:40.492262+00:00,UCK8sQmJBp8GCxrOtXWBpyEA,Google,14,1,17468603,9457,0.023304,17485987,17485987,4.285714,93.427835,14,14,35.064935,2.547103,tfx2CjqtCUI,I/O '26 Recap: Everything You Need to Know,17203539,0,0.714286,0.285714,89.5
2026-05-21T12:28:40.492262+00:00,UCq-Fj5jknLsUf-MWSy4_brA,T-Series,75,6,6866804,2190,0.019104,12493606,12493606,4.285714,60.438144,71,71,8.571429,6.649535,DZ9lpup4VZ0,Dragon Glimpse - Hindi | NTR | Anil Kapoor | Rukmini Vasanth | Ravi Basrur | Prashanth Neel,4771479,0,0.973333,0.026667,100
2026-05-21T12:28:40.492262+00:00,UCX6OQ3DkcsbYNE6H8uQQuVA,MrBeast,1,0,3949752,3949752,0.026344,17584569,17584569,4.285714,33.118557,1,1,91.428571,0.254046,AaMdXZMvT3w,"Survive 30 Days On An Island With Your Ex, Win $250,000",3949752,0,0,1,46.75
2026-05-21T12:28:40.492262+00:00,UCWJ2lWNubArHWmf3FIHbfcQ,NBA,112,10,3233296,464.5,0.01985,8148946,8148946,4.285714,60.438144,106,106,23.896104,3.695291,Zg2MDj-I1vc,"#4 CAVALIERS at #3 KNICKS | FULL GAME 1 HIGHLIGHTS | May 19, 2026",1180325,0,0.401786,0.598214,100
2026-05-21T12:28:40.492262+00:00,UCaO6TYtlC8U5ttz62hTrZgg,JYP Entertainment,5,0,1311809,1565,0.078359,8232274,8232274,4.285714,60.438144,2,2,0,37.962663,1jKnI_ib8c8,ITZY “Motto” M/V,1125890,0,0.8,0.2,70
2026-05-21T12:28:40.492262+00:00,UCJplp5SjeGSdVdwsfb9Q7lQ,Like Nastya,2,0,2074520,1037260,0.002664,6218644,6218644,4.285714,60.438144,2,2,97.402597,0.029068,nkEBZ_Irvek,Im Gonna Shine - Like Nastya song,1063304,0,0.5,0.5,53.5
2026-05-21T12:28:40.492262+00:00,UCQznUf1SjfDqx65hX3zRDiA,DrakeVEVO,18,0,7528142,335838,0.033851,24757995,24757995,4.285714,60.438144,18,18,64.935065,1.200304,SD4yRDY9mek,Drake - Janice STFU,976308,0,1,0,96.5
2026-05-21T12:28:40.492262+00:00,UC3IZKseVpdzPSBaWxBxundA,HYBE LABELS,13,0,1703834,24126,0.092181,5163756,5163756,4.285714,60.438144,12,12,7.792208,6.936251,tTi2uZQsmlo,TWS (투어스) '너의 모든 가능성이 되어 줄게' Official MV,954605,0,1,0,87.75
2026-05-21T12:28:40.492262+00:00,UCXuqSBlHAE6Xw-yeJA0Tunw,Linus Tech Tips,8,0,1092824,21871.5,0.04003,1483120,1483120,4.285714,60.438144,8,8,62.077922,1.300143,eLP3ag0YpyA,Google’s Most-Hated Announcement Ever,759785,0,0,1,79
2026-05-21T12:28:40.492262+00:00,UCq6VFHwMzcMXbuKyG7SQYIg,penguinz0,20,2,1667276,31625,0.044857,4560427,4560427,4.285714,60.438144,20,20,43.636364,2.067109,c8TwGH1B5wA,Huge Trump Phone Disaster,758957,0,0.15,0.85,100
2026-05-21T12:28:40.492262+00:00,UCEf_Bc-KVd7onSeifS3py9g,SMTOWN,2,0,954830,477415,0.030527,2420373,2420373,4.285714,60.438144,1,1,93.246753,0.207068,tiKgdh4Csj8,TAEYONG 태용 'WYLD' MV,643344,0,1,0,52.25
2026-05-21T12:28:40.492262+00:00,UCbCmjCuTUZos6Inko4u57UQ,Cocomelon - Nursery Rhymes,5,1,1301699,298943.5,0.002362,3173232,3173232,4.285714,93.427835,5,5,30.909091,2.769097,FWx3IFnvoas,Play Like A Dinosaur | Imagination & Play Pretend with JJ 🦖 | CoComelon Nursery Rhymes & Kids Songs,626957,0,1,0,68.75
2026-05-21T12:28:40.492262+00:00,UCu59yAFE8fM0sVNTipR4edw,Masha and The Bear,7,0,1146576,46615,0.002177,2867014,2867014,4.285714,60.438144,7,7,13.766234,5.498312,Dl3Vg9N4Bn0,Masha and the Bear 2026 🥟🐼 Bon appétit and more popular episodes 🎩🐧 Best episodes collection 🎬,577331,0,0,1,77.25
2026-05-21T12:28:40.492262+00:00,UCaY_-ksFSQtTGk0y1HA_3YQ,Ibai,8,1,1548207,98347,0.055443,4885003,4885003,4.285714,93.427835,7,7,22.857143,3.780466,VtVzC2_f3nY,Xokas vs Willyrex ¿Quién sabe más?,533207,0,0.75,0.25,79
2026-05-21T12:28:40.492262+00:00,UCsXVk37bltHxD1rDPwtNM8Q,Kurzgesagt – In a Nutshell,10,0,714725,12560,0.050245,2308115,5721912,1.728779,21.134021,3,9,51.948052,1.756149,TYhNHX372ek,The Uncomfortable Truth About Ozempic (Updated Version),524177,0,0.7,0.3,82.5
2026-05-21T12:28:40.492262+00:00,UC4NALVCmcmL5ntpV0thoH6w,LooLoo Kids - Nursery Rhymes and Children's Songs,3,0,653559,138709,0.001554,920197,920197,4.285714,60.438144,3,3,67.532468,1.121379,uUwzOU2FwXo,Johny Johny Yes Papa - Learn Colors with Colorful BALLS and SuperHERO - Kids Songs & Nursery Rhymes,514758,0,1,0,57.75
2026-05-21T12:28:40.492262+00:00,UC4PooiX37Pld1T8J5SYT-SQ,Good Mythical Morning,9,1,732851,23931,0.036561,1987720,1987720,4.285714,60.438144,8,8,54.025974,1.655649,-QGmiO4myiA,Cheap vs Expensive Grocery Stores (Taste Test),491425,0,0,1,80.75
2026-05-21T12:28:40.492262+00:00,UCDogdKl7t7NHzQ95aEwkdMw,Sidemen,1,0,473023,473023,0.034078,3212847,3212847,4.285714,93.427835,1,1,85.714286,0.459298,-WUlOSHMao8,SIDEMEN TINDER IRL IS BACK,473023,0,0,1,46.75
2026-05-21T12:28:40.492262+00:00,UCyps-v4WNjWDnYRKmZ4BUGw,Airrack,1,0,462670,462670,0.025188,1612229,1612229,4.285714,60.438144,1,1,99.480519,0,_V_wkba_kyI,I Hunted Down 100 iPhone Thieves,462670,0,0,1,45.5
2026-05-21T12:28:40.492262+00:00,UCyEd6QBSgat5kkC6svyjudA,Mark Wiens,3,0,564318,79874,0.021637,1148729,1148729,4.285714,60.438144,3,3,62.857143,1.292235,qc7iiJE027o,Best Indian Street Food in Old Delhi!! (Sells Out in 30 Minutes),455146,0,0.333333,0.666667,57.75
2026-05-21T12:28:40.492262+00:00,UCGq-a57w-aPwyi3pW7XLiHw,The Diary Of A CEO,27,1,994601,3339.5,0.031149,10350300,25399763,1.746411,21.649485,3,22,9.87013,6.300342,BTJGr78-zyw,"Professor Jiang: World War 3 Is About To Begin, Let Me Explain!",415763,0,0.666667,0.333333,100
2026-05-21T12:28:40.492262+00:00,UCwIWAbIeu0xI0ReKWOcw3eg,Unspeakable,1,0,402916,402916,0.008513,968792,968792,4.285714,60.438144,1,1,86.233766,0.448601,0ensVjWoq1Y,5 School Nights with Peppa Pig,402916,0,0,1,46.75
2026-05-21T12:28:40.492262+00:00,UCGnjeahCJW1AF34HBmQTJ-Q,shakiraVEVO,1,0,369806,369806,0.059904,1244985,1244985,4.285714,60.438144,1,1,96.363636,0.060863,X9CsK_nuqdE,"Shakira, Burna Boy - Dai Dai (Official Audio)",369806,0,1,0,46.75
2026-05-21T12:28:40.492262+00:00,UCvlE5gTbOvjiolFlEm-c_Ow,Vlad and Niki,3,0,418846,33725,0.003084,593770,593770,4.285714,93.427835,3,3,76.623377,0.842165,o2xDANfO8mQ,Vlad and Niki - Funny Story about Uncle’s New Hairstyle,362910,0,0,1,57.75
2026-05-21T12:28:40.492262+00:00,UCupvZG-5ko_eiXAupbDfxWw,CNN,231,27,2042297,530,0.026797,5758575,5758575,4.285714,60.438144,226,226,8.831169,6.62,h_VUejXaNCM,CNN crew witnesses drones attacking key road in Ukraine,353503,0,0.744589,0.255411,100
2026-05-21T12:28:40.492262+00:00,UCJ5v_MCY6GNUBTO8-D3XoAg,WWE,110,3,1923002,2668,0.032103,6487400,6487400,4.285714,93.427835,108,108,22.077922,3.861613,f8Q_7IaMJ2Y,"Brock Lesnar RETURNS to F5 Oba Femi: Raw highlights, May 18, 2026",348868,0,0.745455,0.254545,100
2026-05-21T12:28:40.492262+00:00,UC52X5wxOL_s5yw0dQk7NtgA,Associated Press,227,29,723557,88,0.024322,1135793,1135793,4.285714,60.438144,219,219,12.467532,5.882883,zdo2XQAknsY,LIVE: Xi Jinping hosts a welcome ceremony for Putin in China (full),341220,0,0.735683,0.264317,100
2026-05-21T12:28:40.492262+00:00,UCUyDOdBWhC1MCxEjC46d-zw,Alex Hormozi,50,0,1380898,5374.5,0.034587,4859412,9884445,2.106952,27.061856,13,46,21.038961,4.239292,oZteZj3IPCs,"""Should I Sell My Company?""",323383,0,0.9,0.1,100
2026-05-21T12:28:40.492262+00:00,UC7_YxT-KID8kRbqZo7MyscQ,Markiplier,7,0,924416,131978,0.068409,3392519,3392519,4.285714,93.427835,7,7,46.233766,1.934383,0rDrr0ydsw8,I'M (slowly) LEARNING!! | Subnautica 2 - Part 3,313641,0,0.142857,0.857143,77.25
2026-05-21T12:28:40.492262+00:00,UCgFXm4TI8htWmCyJ6cVPG_A,Toys and Colors,6,1,885897,133020,0.004309,2446147,2446147,4.285714,60.438144,6,6,45.974026,1.957053,H8htGyXfeRA,Eva Learns to Make Good Choices,309443,0,0.166667,0.833333,73
2026-05-21T12:28:40.492262+00:00,UCBYyJBCtCvgqA4NwtoPMwpQ,The Wild Project,40,2,502380,1165.5,0.031958,1714558,1714558,4.285714,60.438144,39,39,54.545455,1.594624,iAibPDM61gc,"The Wild Project #375 - Xokas | ¿Por qué no peleó con IlloJuan?, Hacer pública su relación, DWT 4",304808,0,0.65,0.35,100
2026-05-21T12:28:40.492262+00:00,UCzYfz8uibvnB7Yc1LjePi4g,Aphmau,7,1,428402,34393,0.026898,930524,930524,4.285714,60.438144,7,7,69.350649,1.065675,6FmjZcrbrzA,YOU are MAD at EVERYONE in Minecraft!,295351,0,0,1,77.25
2026-05-21T12:28:40.492262+00:00,UCjiXtODGCCulmhwypZAWSag,Jynxzi,16,1,505176,3937,0.022466,1342312,1342312,4.285714,93.427835,16,16,18.181818,4.821735,2ANJOZIAMoE,The Last Honest Streamer *JYNXZI REACTS*,285236,0,0.0625,0.9375,93
2026-05-21T12:28:40.492262+00:00,UCGmnsW623G1r-Chmo5RB4Yw,KSI,2,0,298926,149463,0.027826,1475053,1475053,4.285714,60.438144,2,2,50.909091,1.784834,MN_u8Jv807U,BEST CELEBRITY LOOKALIKE WINS $500 (Ft. Deji),283994,0,0,1,53.5
2026-05-21T12:28:40.492262+00:00,UCBi2mrWuNuyYy4gbM6fU18Q,ABC News,375,55,837271,131,0.017257,2870906,2870906,4.285714,60.438144,365,365,5.714286,8.241042,QmdjmIDPWwQ,"ABC World News Tonight with David Muir Full Broadcast - May 19, 2026",269498,0,0.781333,0.218667,100
2026-05-21T12:28:40.492262+00:00,UCHnyfMqiRRG1u-2MsSQLbXA,Veritasium,6,1,433871,46889,0.03093,4516181,10195760,1.898344,23.71134,2,7,38.961039,2.26343,zXvygWE3Ess,How Alpha Particles Can Break Computer Chips,265804,0,0.666667,0.333333,75.5
2026-05-21T12:28:40.492262+00:00,UCoGDh1Xa3kUCpok24JN5DKA,enchufetv,10,2,508339,25729,0.065132,1031447,1031447,4.285714,60.438144,10,10,47.792208,1.895925,q-nu_kxG4pU,El Albur Mexicano,264784,0,1,0,82.5
2026-05-21T12:28:40.492262+00:00,UCCEmjNPpJYhGDgaEqeeA4HA,TheGrefg,3,0,497255,127246,0.054946,1765130,1765130,4.285714,93.427835,3,3,82.337662,0.599348,P__7xXeDdKA,El futuro ha llegado,262318,0,0.666667,0.333333,59
2026-05-21T12:28:40.492262+00:00,UCTHaNTsP7hsVgBxARZTuajw,LUZU TV,182,32,1012225,714,0.036433,2967779,2967779,4.285714,93.427835,178,178,14.545455,5.391874,BwnLh55BLso,#ANTESQUENADIE | ¿EL FÚTBOL O YO? Y GRANDES ANÉCDOTAS CON GERMAN BEDER Y JOAQUIN CAVANNA,259408,0,0.615385,0.384615,100
2026-05-21T12:28:40.492262+00:00,UCiWLfSweyRNmLpgEHekhoAg,ESPN,160,24,899698,215.5,0.01651,2306258,2306258,4.285714,60.438144,155,155,18.961039,4.754579,rBwg2uASTzs,HISTORIC COMEBACK 😱 Knicks erase 22-point deficit to win ECF Game 1 in OT | NBA on ESPN,257138,0,0.64375,0.35625,100
2026-05-21T12:28:40.492262+00:00,UCcdwLMPsaU2ezNSJU1nFoBQ,Baby Shark - Pinkfong Kids’ Songs & Stories,6,0,379187,39528,0.001826,872672,872672,4.285714,60.438144,6,6,57.142857,1.49792,RUfAlqSAr9E,Where Did My Legs Go? | Find the Missing Body Parts | Pinkfong Official,246165,0,0.5,0.5,75.5
2026-05-21T12:28:40.492262+00:00,UCECJDeK0MNapZbpaOzxrUPA,Luisito Comunica,1,0,243080,243080,0.021211,628659,628659,4.285714,60.438144,1,1,99.480519,0,LFXpmx75kBY,El pueblo “más extraño” que he visitado | NAGORO,243080,0,0,1,45.5
2026-05-21T12:28:40.492262+00:00,UCFxHplbcoJK9m70c4VyTIxg,MILENIO,497,103,550674,79.5,0.017156,1221349,1221349,4.285714,60.438144,481,481,12.987013,5.650485,IpoA_eMcXy0,¿Error humano o algo más? Esto es lo que ocurrió en la expedición submarina en Maldivas,222985,0,0.820926,0.179074,100
2026-05-21T12:28:40.492262+00:00,UCAOtE1V7Ots4DjM8JLlrYgg,Peppa Pig - Official Channel,7,2,644168,111906,0.005204,2177526,2177526,4.285714,60.438144,7,7,73.506494,0.926792,bMsBMOkn39Y,Peppa Pig Tales 2026 ⚽️ Peppa's Food-truck Favourites! 🧁 Football Match Day! ⚽️ BRAND NEW Peppa Pig,219831,0,0,1,77.25
2026-05-21T12:28:40.492262+00:00,UC1viRct91s1a3Z5yvk7FJXw,Diego Ruzzarin,39,1,539087,1476,0.069917,2047343,6387494,1.373673,15.721649,6,34,31.168831,2.752866,5pFpsbf4cYg,El peligro de las iglesias evangélicas.,218821,0,0.666667,0.333333,100
2026-05-21T12:28:40.492262+00:00,UCDPM_n1atn2ijUwHd0NNRQw,Coldplay,1,0,211520,211520,0.024429,643727,643727,4.285714,60.438144,1,1,98.181818,0.018118,-bpfGqAwFlw,"Madonna, Shakira & BTS to co-headline FIFA World Cup 2026™ Final Halftime Show",211520,0,1,0,46.75
2026-05-21T12:28:40.492262+00:00,UC-cnbLlplnXA4oc7rR21qzg,Lyna,11,1,640882,39007,0.016136,1955900,1955900,4.285714,93.427835,11,11,58.701299,1.444469,CZLI0TUCzmM,SOBREVIVIMOS al ATAQUE DEL SQUISHY ATERRADOR en Brookhaven Roblox,208660,0,0,1,84.25
2026-05-21T12:28:40.492262+00:00,UCoLrcjPV5PbUrUyXq5mjc_A,MLB,273,27,1193219,215.5,0.021513,3034754,3034754,4.285714,93.427835,268,268,12.727273,5.772647,MmK3f6q1a2c,ENTIRE 9th INNING: Dodgers vs. Padres | MLB Highlights,203820,0,0.300366,0.699634,100
2026-05-21T12:28:40.492262+00:00,UCYzPXprvl5Y-Sf0g4vX-m6g,jacksepticeye,5,0,619811,145140,0.047242,2518128,2518128,4.285714,60.438144,5,5,84.415584,0.492854,fPmrzygqO8U,IT'S BEAUTIFUL | Subnautica 2 - Part 1,185695,0,0,1,73.75
2026-05-21T12:28:40.492262+00:00,UCyJbb85EUgWjl38GcF236Jg,Eva Maria Beristain,13,0,217016,735,0.040864,1761409,3285800,2.29743,29.123711,4,13,4.935065,8.43221,yxB720xLFmw,ASI ES VIVIR EN EL LUGAR MAS CONTAMINADO DE MEXICO - Ruido Social,179224,0,0.692308,0.307692,87.75
2026-05-21T12:28:40.492262+00:00,UCcjIvuxmWlS5IEQ0JdPV4Ng,Rubius Z,5,1,343559,71059.5,0.064541,1661348,1661348,4.285714,60.438144,5,5,48.831169,1.864821,WIaYpCdwJ-Y,El Reto IMPOSIBLE de Pokémon (Mi Chat vs Un Experto),175989,0,0,1,70
2026-05-21T12:28:40.492262+00:00,UCtinbF-Q-fVthA0qrFQTgXQ,CaseyNeistat,3,0,231453,49238,0.048478,461099,461099,4.285714,60.438144,3,3,63.896104,1.240343,oAlWcmQ4fNc,She Destroyed My Custom Sunglasses,171991,0,1,0,57.75
2026-05-21T12:28:40.492262+00:00,UCpEhnqL0y41EpW2TvWAHD7Q,SET India,420,64,1314504,47.5,0.009219,4649463,4649463,4.285714,60.438144,397,397,2.337662,10.866667,hUlEDRTRuSs,Celestial Phenomenon की Mystery को कैसे Unfold करेगी CID? | CID Season 2 | Full Episode | Ep 77,170159,0,0.071429,0.928571,100
2026-05-21T12:28:40.492262+00:00,UC415bOPUcGSamy543abLmRA,Cleo Abram,2,0,272681,136340.5,0.03906,4855871,9488197,2.193344,28.350515,1,4,70.649351,1.033827,XfGEMCb6BQU,What's Hidden Under Antarctica?,165662,0,0.5,0.5,68.5
2026-05-21T12:28:40.492262+00:00,UCYiGq8XF7YQD00x7wAd62Zg,JuegaGerman,4,0,343551,81582.5,0.048232,1102371,1102371,4.285714,93.427835,4,4,67.012987,1.140091,dPDYBJBN_mk,German Saw Game en pleno 2026,154022,0,0,1,65.75
2026-05-21T12:28:40.492262+00:00,UCeY0bbntWzzVIaj2z3QigXg,NBC News,311,45,917579,226.5,0.01433,2877053,2877053,4.285714,60.438144,302,302,16.883117,4.984906,WDl-V_9WOXE,New details in deadly mosque attack in San Diego,146639,0,0.694534,0.305466,100
2026-05-21T12:28:40.492262+00:00,UCtoaZpBnrd0lhycxYJ4MNOQ,HasanAbi,32,3,353585,1860,0.055026,1257442,1257442,4.285714,93.427835,32,32,28.831169,2.996859,IUMs6334kkI,maga is a f***ing cult,144264,0,0.40625,0.59375,100
2026-05-21T12:28:40.492262+00:00,UChBEbMKI1eCcejTtmI32UEw,Joshua Weissman,1,0,143554,143554,0.025072,1110625,1110625,4.285714,60.438144,1,1,83.116883,0.562326,IaSv64dC44g,I Tested The Most Futuristic Kitchen Tech,143554,0,0,1,46.75
2026-05-21T12:28:40.492262+00:00,UCoookXUzPciGrEZEXmh4Jjg,Sesame Street,7,1,302750,38928,0.008744,636345,636345,4.285714,60.438144,7,7,77.922078,0.802011,75-c7694BWI,Elmo's ABCs! Alphabet Songs for Kids | 90 Mins | Sesame Street,138432,0,0.428571,0.571429,77.25
2026-05-21T12:28:40.492262+00:00,UC16niRr50-MSBwiO3YDb3RA,BBC News,135,12,657197,397,0.020762,2152393,2152393,4.285714,60.438144,131,131,19.220779,4.600394,-o3ew96Vt5E,"Ebola outbreak may be spreading faster than first thought, WHO doctor warns | BBC News",136490,0,0.696296,0.303704,100
2026-05-21T12:28:40.492262+00:00,UC4YImPQT-_0kCh5joATwyhw,Blippi en Español,4,1,191537,41243,0.001752,634725,634725,4.285714,60.438144,4,4,37.662338,2.353598,Mj30PRb3r3I,⭐NUEVO⭐ Blippi y Elmo en la Estación de Bomberos 🚒👨‍🚒 Plaza Sésamo y Blippi,133060,0,0,1,63.25
2026-05-21T12:28:40.492262+00:00,UClLLRs_mFTsNT5U-DqTYAGg,La Vanguardia,145,10,253700,25,0.021991,409762,409762,4.285714,60.438144,127,127,2.077922,11.037037,mxmvZZRV8gU,Drones de Mossos detectan a un ladrón robando en uno de los parkings del GP de Catalunya,126263,0,0.737931,0.262069,100
2026-05-21T12:28:40.492262+00:00,UC0QHWhjbe5fGJEPz3sVb6nw,Doctor Mike,4,1,166336,38971,0.04337,832256,832256,4.285714,93.427835,4,4,27.792208,3.080906,bDFfvTmo7ks,Everything Wrong With Mrwhosetheboss Weight-Loss Video,125099,0,0.25,0.75,63.25
2026-05-21T12:28:40.492262+00:00,UC-eegKVWEgBCa4OzjnK_PtA,TLDR News EU,5,0,152828,10304,0.04425,301973,301973,4.285714,60.438144,4,4,61.818182,1.301825,kVG90mYrPSI,Russia Stalls: Will Putin Try Another Mobilisation?,123929,0,0.8,0.2,70
2026-05-21T12:28:40.492262+00:00,UCvgfXK4nTYKudb0rFR6noLA,UFC,41,2,310977,462,0.025094,1248712,1248712,4.285714,93.427835,42,42,24.675325,3.473934,4UTSKaNoubk,Conor McGregor is BACK! | Full Fight Marathon,119533,0,0.634146,0.365854,100
2026-05-21T12:28:40.492262+00:00,UCam8T03EOFBsNdR0thrFHdQ,VEGETTA777,13,0,333345,6194,0.062789,1064178,1064178,4.285714,60.438144,10,10,15.584416,5.286416,V46Y8xQtmgo,Mis COCHES favoritos en FORZA HORIZON 6,117100,0,0,1,87.75
2026-05-21T12:28:40.492262+00:00,UCbpMy0Fg74eXXkvxJrtEn3w,Bon Appétit,5,1,150995,17869.5,0.025023,257334,257334,4.285714,93.427835,5,5,0.519481,19.318849,ijjBdmZbIhc,A Day Making NYC’s Most Hyped Sandwiches | On The Line | Bon Appétit,115030,0,0.4,0.6,67.5
2026-05-21T12:28:40.492262+00:00,UCUe6ZpY6TJ0no8jI4l2iLxw,Nick Jr.,12,2,204937,8148,0.010614,652365,652365,4.285714,60.438144,12,12,78.701299,0.771835,hvFmihQEeMc,PAW Patrol's Best Rescues from Season 6! 🐾 | 120 Minutes | Nick Jr.,114908,0,0.5,0.5,86
2026-05-21T12:28:40.492262+00:00,UCKqH_9mk1waLgBiL2vT5b9g,VanossGaming,4,1,146625,31157,0.051545,510205,510205,4.285714,60.438144,4,4,51.168831,1.782089,zsp96OnAehM,Gmod Death Run - The Backrooms Movie Map! (Garry's Mod Funny Moments),111941,0,0,1,62
2026-05-21T12:28:40.492262+00:00,UCYQo8CdhXD22qfwUBUw591Q,El Payaso Plim Plim,5,1,268772,57448,0,754676,754676,4.285714,93.427835,5,5,84.675325,0.483552,aC1CFGTFAso,¡Soy Un Pequeño Constructor! 👷🎵 Canciones Infantiles | Plim Plim,107961,0,0.4,0.6,67.5
2026-05-21T12:28:40.492262+00:00,UCfyehHM_eo4g5JUyWmms2LA,Sorted Food,6,1,139682,10181,0.04403,420130,420130,4.285714,60.438144,6,6,79.74026,0.727932,mqxDY92KQMw,Is NINJA Kitchen Tech Genius Or Just Elite Marketing?,103543,0,0.166667,0.833333,75.5
2026-05-21T12:28:40.492262+00:00,UCTrQ7HXWRRxr7OsOtodr2_w,Channel 4 News,81,8,218323,163,0.021909,947120,947120,4.285714,60.438144,81,81,11.428571,6.087619,Grc8n0suMGU,What does AI do when no-one's watching?,102161,0,0.716049,0.283951,100
2026-05-21T12:28:40.492262+00:00,UCknLrEdhRCp1aegoMqRaCZg,DW News,162,21,542423,252,0.027956,1766481,1766481,4.285714,93.427835,160,160,15.844156,5.283186,EbswiQsFB4I,Is US debt the EU's secret weapon against Donald Trump? | DW News,101192,0,0.635802,0.364198,100
2026-05-21T12:28:40.492262+00:00,UCWBWgCD4oAqT3hUeq40SCUw,Sambucha,8,0,243786,27524,0.025409,2270618,7719262,1.260641,13.917526,2,8,30.649351,2.773582,cTg5e1XSAFo,I Tested Every IShowSpeed Video,98631,0,0,1,79
2026-05-21T12:28:40.492262+00:00,UCafNntv_qTQB26AvbEQNHPw,Aristegui Noticias,257,31,781550,128,0.033473,3232965,3232965,4.285714,60.438144,254,254,3.636364,9.36478,4xspo5__I4c,"Sheinbaum puede invocar soberanía, pero debe activar mecanismos jurídicos: Cossío",96910,0,0.735409,0.264591,100
2026-05-21T12:28:40.492262+00:00,UCUP6qv-_EIL0hwTsJaKYnvw,Azteca Noticias,272,36,877029,101.5,0.030687,2483433,2483433,4.285714,60.438144,268,268,3.896104,9.118774,lyLP0cEQonw,"Presión de EU, corrupción en España y el caso Segalmex: la tormenta política que rodea a la 4T",94612,0,0.772059,0.227941,100
2026-05-21T12:28:40.492262+00:00,UCGy7SkBjcIAgTiwkXEtPnYg,Andrei Jikh,4,1,169538,71271,0.037768,365206,365206,4.285714,60.438144,4,4,72.727273,0.967785,ZJ27r6Mk2O0,The Car Kill Switch Is Now Law,92237,0,0.5,0.5,59.5
2026-05-21T12:28:40.492262+00:00,UCz8QaiQxApLq8sLNcszYyJw,Firstpost,681,123,929745,81,0.01124,2142184,2142184,4.285714,60.438144,593,593,5.454545,8.303797,bvJzOZJOXBk,China And Japan Pull Back From US Treasuries | Vantage on Firstpost | 4K,90229,0,0.299559,0.700441,100
2026-05-21T12:28:40.492262+00:00,UCVzLLZkDuFGAE2BGdBuBNBg,Bluey - Official Channel,11,1,436851,42265.5,0.003,1547401,1547401,4.285714,60.438144,9,9,71.948052,0.98318,YmWr5bcBA3Q,🔴LIVE: Bluey and Bingo Faceytalk with their cousins!💙😆 | Bluey,87047,0,0,1,84.25
2026-05-21T12:28:40.492262+00:00,UCt7k7y_xTkkc1Jeh7cdAjDQ,SinEmbargo Al Aire,140,17,404225,397,0.08153,1069876,1069876,4.285714,60.438144,137,137,13.506494,5.561039,otU0Ndy0MOA,#Análisis ¬ “Alito” ha librado juicios por corrupción. La protección viene desde adentro de Morena,85941,0,0.414286,0.585714,100
2026-05-21T12:28:40.492262+00:00,UCMOqf8ab-42UUQIdVoKwjlQ,Practical Engineering,3,0,96971,9087,0.042188,169825,763448,0.953335,9.536082,1,2,51.688312,1.758775,DWLcmq_DiaA,Fixing the Most Dangerous Dam in the World,85145,0,0,1,70.25
2026-05-21T12:28:40.492262+00:00,UCM-GvgUy0EAZU7ZwXKLarkg,López-Dóriga,52,5,124581,63,0.042871,173313,173313,4.285714,60.438144,51,51,4.155844,9,t3SJSsMbCYE,¡Las noticias! Alerta amarilla en nueve alcaldías de CDMX por fuertes lluvias,82824,0,0.461538,0.538462,100
2026-05-21T12:28:40.492262+00:00,UCTv-XvfzLX3i4IGWAm4sbmA,LALIGA EA SPORTS,106,7,446442,125,0.037445,3029493,3029493,4.285714,60.438144,104,104,1.558442,12.58427,6F9wx2w-3_c,Las últimas palabras de Lewandowski. 🥲🫶,81692,0,0.40566,0.59434,100
2026-05-21T12:28:40.492262+00:00,UCnsvJeZO4RigQ898WdDNoBw,EL PAÍS,225,27,267303,38.5,0.018603,656797,656797,4.285714,60.438144,215,215,5.194805,8.431818,2f9aXBL16Bw,DIRECTO | CARA A CARA entre SÁNCHEZ Y FEIJÓO tras la imputación de ZAPATERO | Sesión de control,81025,0,0.666667,0.333333,100
2026-05-21T12:28:40.492262+00:00,UCE_M8A5yxnLfW0KghEeajjw,Apple,3,0,154274,51181,0.038141,322212,322212,4.285714,60.438144,3,3,88.571429,0.358164,77uoRieSk8s,Mac Students: The journey to great ideas in college,79361,0,1,0,55.25
2026-05-21T12:28:40.492262+00:00,UCxz7sBKlpcpyCiPwXupRymw,Isa Marcial,29,4,143738,1633,0.072086,305369,305369,4.285714,60.438144,27,27,32.727273,2.638636,xM5X7ot9MOI,Sony Xperia 1 VIII | Especificaciones y precio,78446,0,0.62069,0.37931,100
2026-05-21T12:28:40.492262+00:00,UCLe_q9axMaeTbjN0hy1Z9xA,Caleb Hammer,15,1,303511,9841,0.024475,2884728,9067998,1.363379,15.206186,3,14,45.714286,1.962015,T_LWKGJDKgo,Predator EXPOSED On Financial Audit,75642,0,0.133333,0.866667,91.25
2026-05-21T12:28:40.492262+00:00,UC5PwIMtLiIBCBhsu8f_-6UQ,Santiago Bilinkis,17,0,162492,458,0.049502,435226,971310,1.920349,24.484536,5,16,16.103896,5.277108,T32B8W5B3XY,¿Te usan o las usás? La verdad sobre las apps gratuitas,75480,0,0.882353,0.117647,94.75
2026-05-21T12:28:40.492262+00:00,UCQHX6ViZmPsWiYSFAyS0a3Q,GothamChess,27,1,289765,4146,0.036663,2343389,6163034,1.62957,20.360825,6,24,37.142857,2.404007,6OR4h0-HvvU,INFINITE QUEENS. Can Jynxzi Win?,75097,0,0.037037,0.962963,100
2026-05-21T12:28:40.492262+00:00,UC6n8I1UDTKP1IWjQMg6_TwA,The B1M,7,1,88905,3184,0.04381,240330,240330,4.285714,60.438144,7,7,48.311688,1.892541,d-LArPe1Rk0,Why Berlin Abandoned Tegel Airport,74027,0,0.571429,0.428571,77.25
2026-05-21T12:28:40.492262+00:00,UC5mQQ4Ur6oA8lsGFkvH2lyg,Noche De Chicxs,53,0,107875,28,0.037732,462528,1407578,1.408279,16.494845,12,47,3.116883,9.643836,ztn7B3SGJsI,¡Anduve con él Y CON SU HIJO! Ft. Danna García - T10E12 #relacionestoxicas #infidelidad #chismes,72582,0,0.830189,0.169811,100
2026-05-21T12:28:40.492262+00:00,UC08mnbiC4FykqpHqbEWgFcg,ESPN Deportes,229,18,455252,144,0.016961,1799451,1799451,4.285714,93.427835,225,225,18.441558,4.795556,f-1LPfsTVxQ,PELÁEZ EXPLOTÓ y dio una SOLUCIÓN para LIGA MX: INDEPENDIZAR LA COMISIÓN ARBITRAJE | Futbol Picante,72444,0,0.148472,0.851528,100
2026-05-21T12:28:40.492262+00:00,UCS0lmlVIYVz2qeWlZ_ynIWg,AJ+ Español,28,4,88898,217.5,0.118191,262582,262582,4.285714,60.438144,28,28,27.532468,3.086172,lRmMQyDxjO0,Manifestantes bolivianos paralizan el país,71942,0,1,0,100
2026-05-21T12:28:40.492262+00:00,UCBJycsmduvYEL83R_U4JriQ,Marques Brownlee,2,0,140557,70278.5,0.034399,630014,630014,4.285714,60.438144,2,2,89.090909,0.349129,eFeDpUVEy48,“The Biggest Android Update Ever”,71659,0,0.5,0.5,53.5
2026-05-21T12:28:40.492262+00:00,UC8p1vwvWtl6T73JiExfWs1g,CBS News,364,44,514251,60,0.015899,1222675,1222675,4.285714,33.118557,356,356,5.974026,8.1875,RHp8X7tPm_0,Report details military losses and damage from Operation Epic Fury in Iran,71183,0,0.81044,0.18956,100
2026-05-21T12:28:40.492262+00:00,UCNye-wNBqNL5ZzHSJj3l8Bg,Al Jazeera English,298,40,541909,152.5,0.032222,1553036,1553036,4.285714,60.438144,283,283,11.688312,6.06701,P4bYKMXp2t0,Israel pushes for renewed US strikes against Iran amid frustration over unmet war goals,69300,0,0.875839,0.124161,100
2026-05-21T12:28:40.492262+00:00,UCqJ5zFEED1hWs0KNQCQuYdQ,Mikecrack,1,0,69190,69190,0.038441,340804,340804,4.285714,60.438144,1,1,90.12987,0.284473,7FWnR7NzYIo,CARRERA de SPIDER-MAN 999% IMPOSIBLE NO CAER 😂🚗 MIKECRACK en GTA 5 Online #27,69190,0,0,1,46.75
2026-05-21T12:28:40.492262+00:00,UCwd8Byi93KbnsYmCcKLExvQ,Negocios TV,491,78,866781,205,0.02583,2711022,2711022,4.285714,93.427835,447,447,7.532468,6.954839,Nl4f1md_mYk,"LAS NOTICIAS: Trump se inclina por bombardear Irán, Putin y Xi ponen en jaque a EEUU y Europa alerta",68898,0,0.407332,0.592668,100
2026-05-21T12:28:40.492262+00:00,UCFR2oaNj02WnXkOgLH0iqOA,Auron,5,0,142471,17908,0.0484,416101,416101,4.285714,60.438144,5,5,40,2.21013,CtbM_iVo6jc,🦈 MineRAFT || EL WARDEN NOS ATACA ☠️ Pelago #10 ,68279,0,0,1,71.25
2026-05-21T12:28:40.492262+00:00,UCPgVPrgqpALC1s2e63fgKyg,elWacky,32,1,125519,275,0.077424,744403,2165276,1.473391,18.041237,7,29,20.25974,4.430141,ZWV7h--aY-I,Malas Noticias,68267,0,1,0,100
2026-05-21T12:28:40.492262+00:00,UCNYW2vfGrUE6R5mIJYzkRyQ,DrossRotzank,15,1,266234,7469,0.070564,2672382,6356500,1.801788,22.680412,4,14,44.415584,2.028102,kCEg-LGz1K4,TOP: Los 7 monstruos que han existido en la DARK WEB,66469,0,0.066667,0.933333,91.25
2026-05-21T12:28:40.492262+00:00,UCDfbsXLRCyk_LIkrtaTmliQ,PlanetaJuan,5,0,160240,34203,0.052564,1750310,2793443,2.685334,30.927835,1,5,16.623377,5.122108,UqQ_fwnpgfs,Investigué los campos más duros de Haití 🇭🇹 (Extremo),65578,0,0,1,73.75
2026-05-21T12:28:40.492262+00:00,UCsN32BtMd0IoByjJRNF12cw,60 Minutes,17,2,221326,8676,0.023846,1541598,1541598,4.285714,60.438144,13,13,41.298701,2.15289,QD0hGj-ioFU,Anderson Cooper's emotional farewell to 60 Minutes after 20 years,63971,0,0.235294,0.764706,94.75
2026-05-21T12:28:40.492262+00:00,UCDVYQ4Zhbm3S2dlz7P1GBDg,NFL,23,4,82172,702,0.033471,122897,122897,4.285714,60.438144,23,23,72.467532,0.969535,ctsPX0Cw4Is,Makai looks exactly the same 😂 #Rookiepremier,63131,0,0.173913,0.826087,100
2026-05-21T12:28:40.492262+00:00,UC1yNl2E66ZzKApQdRuTQ4tw,Sabine Hossenfelder,15,0,119763,985,0.061006,622955,1421494,1.87817,23.453608,3,13,25.454545,3.404023,4DYaWU57jR8,Biologists Say They Cracked One of Life’s Biggest Mysteries,61464,0,0.933333,0.066667,91.25
2026-05-21T12:28:40.492262+00:00,UCcHtke0raf8vNYLM1Hbq3Jw,Imagen Noticias,500,103,351439,34,0.016922,879469,879469,4.285714,60.438144,496,496,11.168831,6.129032,MwsU5c1zgI4,"¡A sangre fría! Presunto sicario entró a un restaurante y asesina a mesero en Villaflores, Chiapas",60119,0,0.876,0.124,100
2026-05-21T12:28:40.492262+00:00,UCLsooMJoIpl_7ux2jvdPB-Q,Super Simple Songs - Kids Songs,1,0,59228,59228,0.001827,171304,171304,4.285714,60.438144,1,1,97.662338,0.019964,8msljf_aMDs,Top 20 Family Songs | Super Simple’s 20th Anniversary! | Super Simple Songs,59228,0,0,1,46.75
2026-05-21T12:28:40.492262+00:00,UCJZam2u1G0syq3kyqrCXrNw,PrestonPlayz,2,0,101390,50695,0.020033,348924,348924,4.285714,93.427835,2,2,89.87013,0.314854,yBwL_An2mDw,I Found A World That Shouldn't Exist…,58876,0,0,1,53.5
2026-05-21T12:28:40.492262+00:00,UCCuNpAi5cNF4x-hcW2qawhw,Cristinini,1,0,57387,57387,0.023079,150060,150060,4.285714,60.438144,1,1,79.480519,0.734975,ffqFlTgFZLM,RESOLVIENDO un MURDOKU 🕵️🔎 #murdoku #pasatiempo #murdle #logica #juegosdemesa,57387,0,1,0,46.75
2026-05-21T12:28:40.492262+00:00,UCvJJ_dzjViJCoLf5uKUTwoA,CNBC,14,2,89778,682.5,0.019662,169182,169182,4.285714,93.427835,14,14,10.12987,6.242424,_BngA7hLTv4,How Alphabet Slipped Ahead In The AI Race,57086,0,0.714286,0.285714,89.5
2026-05-21T12:28:40.492262+00:00,UC9MAhZQQd9egwWCxrwSIsJQ,HISTORY,56,5,262926,1714,0.023929,636075,636075,4.285714,60.438144,56,56,39.220779,2.259354,agQTvqWOcT4,Strange Encounters Across America | Ancient Aliens,54940,0,0.232143,0.767857,100
2026-05-21T12:28:40.492262+00:00,UC4ijq8Cg-8zQKx8OH12dUSw,Kara and Nate,1,0,52037,52037,0.039143,226312,226312,4.285714,60.438144,1,1,90.649351,0.271721,MkDAeGqjj1c,"We Drove 2,000 Miles Across Patagonia",52037,0,0,1,46.75
2026-05-21T12:28:40.492262+00:00,UCX9NJ471o7Wie1DQe94RVIg,Fazt,23,1,55256,137.5,0.052716,106306,284909,1.599097,19.329897,5,23,32.207792,2.71066,xXOPsSOcyAw,Google Rompió Todo: Ahora Todo es Antigravity + Gemini 3.5 Flash (Resumen Completo),50933,0,0.434783,0.565217,100
2026-05-21T12:28:40.492262+00:00,UC36xmz34q02JYaZYKrMwXng,Nate Gentile,6,0,73297,5491.5,0.048421,617181,1640226,1.61262,19.845361,1,6,22.337662,3.858026,X1uxQzU3yLk,Todo lo que ves es mentira. 👀,49455,0,0.5,0.5,75.5
2026-05-21T12:28:40.492262+00:00,UC5rJaxmE3UyVz59OGxbPdAg,Noticias Robotitus ,6,1,96669,8931,0.083674,292157,292157,4.285714,60.438144,6,6,23.376623,3.765648,yhO3xKpgo7s,¿Descubren Ciudadela Perdida?,48275,0,0.5,0.5,74.25
2026-05-21T12:28:40.492262+00:00,UCuFFtHWoLl5fauMMD5Ww2jA,CBC News,202,22,287906,127.5,0.014517,896542,896542,4.285714,60.438144,202,202,10.649351,6.206406,B1vQ7OsH4Kc,Mosque guard engaged in ‘gun battle’ with suspects: police,46650,0,0.737624,0.262376,100
2026-05-21T12:28:40.492262+00:00,UCV5cU7ORoUCCAT79kSrOJmg,Ricardo Alcaraz,4,0,53708,3623,0.09149,189589,300669,2.702388,31.185567,1,4,44.155844,2.036293,deCW40EK2vs,"""Tu Influencer favorito no está hablando de esto""",45590,0,0,1,72
2026-05-21T12:28:40.492262+00:00,UCaVPhFg-Ax873wvhbNitsrQ,El Robot de Platón,11,0,64821,841,0.079946,409044,1006775,1.741249,21.391753,1,10,38.441558,2.311953,May87SVpcwQ,El Gran Problema de Encontrar Vida Extraterrestre,43620,0,0.181818,0.818182,84.25
2026-05-21T12:28:40.492262+00:00,UCDOSaJ0pnglwzfkR6fYbisA,Luis Mi Negocios,38,1,129031,421,0.056111,732773,2836977,1.106973,11.597938,8,31,23.116883,3.768072,SQc6pWejxkE,¿Qué país REEMPLAZÓ a EE.UU. para los MIGRANTES?,42934,0,0.842105,0.157895,100
2026-05-21T12:28:40.492262+00:00,UCpcTrCXblq78GZrTUTLWeBw,FIFA,94,11,376537,1769,0.023642,932534,932534,4.285714,60.438144,90,90,38.701299,2.29927,MmJ0e6QaR3o,"High Drama in 2022 | Messi, Argentina Survive Late Show",42692,0,0.5,0.5,100
2026-05-21T12:28:40.492262+00:00,UCcyq283he07B7_KUX07mmtA,Business Insider,20,3,71516,270,0.020524,121298,121298,4.285714,60.438144,20,20,13.246753,5.6121,hhOvVT-a9rc,"These are the 42 American aircraft lost, damaged, or destroyed in the #Iranwar so far. #defense",41470,0,0.9,0.1,100
2026-05-21T12:28:40.492262+00:00,UCQX_MZRCaluNKxkywkLEgfA,Date un Vlog,7,0,61070,4146,0.058377,793040,3964575,0.857278,7.731959,2,10,25.714286,3.400806,ZdIreEJnRHA,“La IA quiere convertirse en Dios” | Jesús G. Maestro (@JesúsGMaestro),41466,0,0.428571,0.571429,77.25
2026-05-21T12:28:40.492262+00:00,UCK1i2UviaXLUNrZlAFpw_jA,El Reino Infantil,3,0,49555,4891,0.002322,130001,130001,4.285714,60.438144,3,3,9.61039,6.360996,f3z4UBigGAI,Familia Granja ¿Dónde estás? | LA GRANJA DE ZENÓN 🧑‍🌾 Canción Infantil | El Reino Infantil,41415,0,0.666667,0.333333,59
2026-05-21T12:28:40.492262+00:00,UCUsm-fannqOY02PNN67C0KA,NMás,309,53,428845,96.5,0.016909,1182462,1182462,4.285714,60.438144,300,300,12.207792,5.963504,A4m2Xa6WK-4,Bloqueos por mega marcha de transportistas en CDMX | Despierta - 20 de mayo de 2026,40470,0,0.754045,0.245955,100
2026-05-21T12:28:40.492262+00:00,UC06rPIABrthG0hwLTVhINLA,ElMariana,1,0,38655,38655,0.057059,146266,146266,4.285714,60.438144,1,1,92.207792,0.219942,qey96t_SorQ,TODO LO QUE PASÓ EN YUCATÁN 😱,38655,0,0,1,46.75
2026-05-21T12:28:40.492262+00:00,UCH3h4jRKn3lJo0uORqqESPg,Acenix,1,0,38436,38436,0.024159,126963,126963,4.285714,33.118557,1,1,97.142857,0.035193,RkYbneoi6pU,Minecraft PERO hay PORTALES de CUALQUIER BLOQUE,38436,0,0,1,46.75
2026-05-21T12:28:40.492262+00:00,UC3tNpTOHsTnkmbwztCs30sA,Northernlion,35,1,164314,1634.5,0.025441,434333,434333,4.285714,60.438144,35,35,36.363636,2.456181,opcMaSalWz8,Vacuum build might need some work (Everything is Crab),38253,0,0,1,100
2026-05-21T12:28:40.492262+00:00,UCfdNM3NAhaBOXCafH7krzrA,The Infographics Show,10,1,116491,10577,0.032186,390704,390704,4.285714,60.438144,10,10,69.87013,1.055022,pPsXxTDzO5w,Ticketmaster is Finally Getting What it Deserves,37458,0,0,1,82.5
2026-05-21T12:28:40.492262+00:00,UCjgl7IsyBNE6bl7d5RnnFXg,Cocina con Coqui,4,0,52803,6808.5,0.072916,124573,124573,4.285714,60.438144,4,4,83.376623,0.556809,45Z_eYO-TS0,Pollo Frito Coreano para Débiles 😏,36900,0,0.75,0.25,64.5
2026-05-21T12:28:40.492262+00:00,UCKAqou7V9FAWXpZd9xtOg3Q,Little Baby Bum - Nursery Rhymes & Kids Songs,4,0,53403,6440,0.001626,91606,91606,4.285714,60.438144,4,4,86.753247,0.418348,US9mmmLnh9I,Wheels on the Bus & Train 🚌🚂  | Little Baby Bum,35798,0,1,0,64.5
2026-05-21T12:28:40.492262+00:00,UCoOae5nYA7VqaXzerajD0lg,Ali Abdaal,17,0,59222,208,0.039204,263845,555338,2.036173,26.28866,3,13,21.298701,3.959677,6tmBB5GcOLU,you only need a phone,35688,0,0.764706,0.235294,94.75
2026-05-21T12:28:40.492262+00:00,UClHVl2N3jPEbkNJVx-ItQIQ,HealthyGamerGG,9,0,68054,2962,0.04316,173542,173542,4.285714,60.438144,9,9,26.493506,3.323263,rjYnQL3PVYA,Looksmaxxing Is Not About Looks,34292,0,0.555556,0.444444,80.75
2026-05-21T12:28:40.492262+00:00,UCmDTrq0LNgPodDOFZiSbsww,xQc,24,3,139781,3258,0.023831,403773,403773,4.285714,60.438144,22,22,64.675325,1.208705,xiWN82A2LaU,xQc Gets Into Trouble Playing BASEMENT TO THE SKY,34277,0,0.041667,0.958333,100
2026-05-21T12:28:40.492262+00:00,UCGdQlv3wbQPK6Iv3YAYvTKA,Relatos de la Noche,3,0,52811,13070,0.061235,209949,209949,4.285714,60.438144,3,3,49.87013,1.813349,zOjbiEEBjKs,ALGO SE APARECE EN LA CASA DE LOS MINEROS (RELATOS DE CASAS EMBRUJAS),33976,0,0,1,59
2026-05-21T12:28:40.492262+00:00,UCDK9qD5DAQML-pzrtA7A4oA,OfflineTV,2,0,41679,20839.5,0.039547,202471,202471,4.285714,60.438144,2,2,77.662338,0.802983,WyrIWMFZ38A,OFFLINETV HAS A NEW TASKMASTER,33910,0,0.5,0.5,53.5
2026-05-21T12:28:40.492262+00:00,UCoXtmmnLCbXDiSo8GxsmOzA,La gata de Schrödinger,4,0,35002,560,0.077052,41373,194692,0.910735,8.505155,1,3,48.051948,1.89432,y09xbZfsdQU,"""Mi novia tiene 16 años menos"": los HOMBRES que odiaban a las mujeres",33605,0,0.75,0.25,72
2026-05-21T12:28:40.492262+00:00,UCYcdw2wL6W6iGBKZgGK_Hjw,Folagor03,11,1,62617,1229.5,0.077625,193898,193898,4.285714,60.438144,11,11,38.181818,2.319883,A05UEJ8-1ws,Pokémon X DuoLocke Ep.3 - DIOS DE LOCKE,33117,0,0.090909,0.909091,84.25
2026-05-21T12:28:40.492262+00:00,UCIRYBXDze5krPDzAEOxFGVA,Guardian News,43,4,88754,102,0.014014,190059,190059,4.285714,60.438144,41,41,8.311688,6.854772,EnOqiNSnQ6g,Israel Defense Forces intercept Global Sumud Flotilla en route to Gaza,32810,0,0.604651,0.395349,100
2026-05-21T12:28:40.492262+00:00,UCWsDFcIhY2DBi3GB5uykGXA,IShowSpeed,1,0,32678,32678,0.03868,139072,139072,4.285714,60.438144,1,1,92.467532,0.216129,JpVtso3S9rM,54 Million…….,32678,0,0,1,46.75
2026-05-21T12:28:40.492262+00:00,UChqUTb7kYRX8-EiaN3XFrSQ,Reuters,293,52,158039,43,0.023175,383998,383998,4.285714,93.427835,268,268,15.064935,5.372093,4Yj1sSSnXnk,A pink Barbie cart is one man's solution to high gas prices,31875,0,0.713311,0.286689,100
2026-05-21T12:28:40.492262+00:00,UC_x5XG1OV2P6uZZ5FSM9Ttw,Google for Developers,5,0,58413,3769,0.027054,59088,59088,4.285714,93.427835,5,5,25.974026,3.380213,aqmpZocmR8o,Developer Keynote (Google I/O '26),30680,0,0.4,0.6,63.75
2026-05-21T12:28:40.492262+00:00,UCP7jMXSY2xbc3KCAE0MHQ-A,Google DeepMind,7,1,120917,22757.5,0.030758,127587,127587,4.285714,93.427835,7,7,65.454545,1.181274,wd5ZZV8if54,Predicting a historic storm earlier with WeatherNext,30679,0,1,0,71
2026-05-21T12:28:40.492262+00:00,UC6ZFN9Tx6xh-skXCuRHCDpQ,PBS NewsHour,225,31,197504,106.5,0.018064,530002,530002,4.285714,60.438144,221,221,10.38961,6.24,MCFU8G3daJM,Degree in three: Why more colleges are speeding up graduation timelines,29976,0,0.631111,0.368889,100
2026-05-21T12:28:40.492262+00:00,UC66soxYX4IBUF4V94EdyYBQ,ZEPfilms,3,0,59726,24924,0.046108,147886,147886,4.285714,60.438144,3,3,74.285714,0.900778,EYQhrAGdsTo,Pensaron que Rocky sería un FRACASO... y ganó MILLONES,29644,0,0,1,57.75
2026-05-21T12:28:40.492262+00:00,UCS5Oz6CHmeoF7vSad0qqXfw,DanTDM,3,1,55488,27744,0.055914,208503,208503,4.285714,60.438144,3,3,91.948052,0.229483,Kia1yhYyG_U,Subnautica 2 is Finally Here!,29643,0,0,1,56.5
2026-05-21T12:28:40.492262+00:00,UCxFACDJ98idvo9Gq9M9AQgg,Moris Dieck | Finanzas e Inversiones ,46,0,93082,65.5,0.039858,609405,1461105,1.787507,22.164948,8,40,2.857143,10.296296,6xRg9Vtpc18,¿En qué invierte Werever?,29461,0,0.76087,0.23913,100
2026-05-21T12:28:40.492262+00:00,UCChMGCqNLPD-QA5caC690aQ,dinosaur vlogs,2,0,34170,17085,0.051477,144823,144823,4.285714,60.438144,2,2,61.038961,1.336284,hrm9A-2zO2s,Dos adolescentes DESAPARECIERON en 1999… y una pista ignorada reveló la verdad años después,28978,0,0,1,53.5
2026-05-21T12:28:40.492262+00:00,UCGXbLrVe8vnkiFv7q2vYv3w,El Mundo,119,14,78858,30,0.020226,296044,296044,4.285714,60.438144,105,105,6.233766,7.264151,UJ10LnArqoY,El aplaudido repaso a la trayectoria de Zapatero de Cayetana Álvarez de Toledo,28846,0,0.630252,0.369748,100
2026-05-21T12:28:40.492262+00:00,UCTJXx9onKH6g4cWHS9pLqsQ,El HuffPost,48,6,86994,28,0.046227,174809,174809,4.285714,93.427835,44,44,2.597403,10.551724,NFyVh8O2nOM,"RUFIÁN, sobre la imputación de ZAPATERO: ""Si el auto del juez es verdad, esto es una m****a""",27869,0,0.791667,0.208333,100
2026-05-21T12:28:40.492262+00:00,UC5PYHgAzJ1wLEidB58SK6Xw,Blippi - Educational Videos for Kids,4,1,59850,20460,0.002595,198862,198862,4.285714,60.438144,4,4,84.155844,0.510362,9dUgp9ZC9mo,Blippi’s Best Dinosaur Adventures! 🦖Top 5 Special,27673,0,0,1,63.25
2026-05-21T12:28:40.492262+00:00,UCbdSYaPD-lr1kW27UJuk8Pw,QuantumFracture,5,0,41973,5002,0.067912,277014,596318,1.990889,25.515464,2,4,34.545455,2.561128,vwwwpZI487w,Más Loco que el Gato de Schrödinger: El Amigo de Wigner,27515,0,0.6,0.4,73.75
2026-05-21T12:28:40.492262+00:00,UCQ1GpKa15ulyoQuxz7H4rng,DW Documental,8,1,59308,3531,0.026933,283962,283962,4.285714,60.438144,8,8,20,4.473483,lYrozHs3ifQ,"Oumuamua, el misterioso objeto de otro sistema estelar | DW Documental",26010,0,0,1,79
2026-05-21T12:28:40.492262+00:00,UCrPseYLGpNygVi34QpGNqpA,Ludwig,12,1,54037,906,0.017303,243294,243294,4.285714,60.438144,12,12,56.623377,1.515608,sHzIrx3m5jw,Do Pro Gamers Have Good Aim IRL?,25895,0,0.083333,0.916667,86
2026-05-21T12:28:40.492262+00:00,UCYUQQgogVeQY8cMQamhHJcg,CinemaSins,4,0,45369,8256.5,0.03831,102133,102133,4.285714,60.438144,4,4,59.74026,1.410891,qjZRGnwkTlI,Everything Wrong With Send Help In 22 Minutes Or Less,25818,0,0,1,64.5
2026-05-21T12:28:40.492262+00:00,UCAuUUnT6oDeKwE6v1NGQxug,TED,13,1,69171,1463,0.04049,212511,212511,4.285714,60.438144,13,13,33.246753,2.628186,-YwzCOVeLEE,The Wildlife Sanctuary You Can Visit from Anywhere | Maya Higa | TED,25649,0,0.692308,0.307692,87.75
2026-05-21T12:28:40.492262+00:00,UCqLiW00gUvXG0J5vlZZNJ1g,FranqitoM,2,0,24882,12441,0.063018,29022,193141,0.643985,5.412371,1,1,34.285714,2.571184,0Fv3DhrMmxA,Construyendo las ideas estúpidas de mis seguidores,24540,0,0.5,0.5,63.5
2026-05-21T12:28:40.492262+00:00,UC-UcKEWOSpz0AfY33TrYw3g,Nekojitablog,1,0,23898,23898,0.086678,130083,130083,4.285714,33.118557,1,1,88.051948,0.383707,YLZwT_LIXVU,LA ESCASEZ DE PETRÓLEO AFECTA A JAPÓN,23898,0,0,1,46.75
2026-05-21T12:28:40.492262+00:00,UC1VLQPn9cYSqx8plbk9RxxQ,The Action Lab,4,0,37271,6316,0.043541,247410,506019,2.095432,26.804124,1,4,49.090909,1.835469,MwJUN0a3IJg,The Strange Physics Behind the Oberth Effect,23610,0,1,0,72
2026-05-21T12:28:40.492262+00:00,UCV6KDgJskWaEckne5aPA0aQ,Graham Stephan,3,0,25588,1701,0.027273,125609,125609,4.285714,93.427835,3,3,47.012987,1.907039,d-debb_abfY,It Started: The US Debt Bomb Just Imploded,23563,0,0.333333,0.666667,59
2026-05-21T12:28:40.492262+00:00,UCurvRE5fGcdUgCYWgh-BDsg,DAZN Boxing,44,1,108720,234,0.019337,482861,482861,4.285714,60.438144,43,43,3.376623,9.410423,eKwYVSvxcqA,"""Punch The Body With Bare Knuckles"" Oleksandr Usyk vs. Rico Verhoeven | Gandia to Giza Fight Preview",23307,0,0.613636,0.386364,100
2026-05-21T12:28:40.492262+00:00,UCBnZ16ahKA2DZ_T5W0FPUXg,ChuChu TV Nursery Rhymes & Kids Songs,2,0,30330,15165,0.001979,89882,89882,4.285714,60.438144,2,2,72.207792,0.980239,wOgNe9tj4EU,Johny Johny Yes Papa – Water - ChuChu TV Nursery Rhymes & Songs for Infants #ChuChuTV100M,23217,0,0.5,0.5,53.5
2026-05-21T12:28:40.492262+00:00,UC-bFpJCtP1lXn5vBxJ0b9dw,Diego Revuelta,3,0,32525,8664,0.034695,209722,303713,2.959401,31.443299,1,3,33.766234,2.611474,5T67MEj7ur4,"""Vivo sola en la MONTAÑA porque no quiero pagar un alquiler""",22894,0,0,1,70.25
2026-05-21T12:28:40.492262+00:00,UCMmaBzfCCwZ2KqaBJjkj0fw,Kings and Generals,8,1,47692,2888,0.049144,157291,157291,4.285714,60.438144,8,8,41.038961,2.161874,n7JYdhtR5Hg,Rise and Fall of Medieval Mercenaries - Middle Ages DOCUMENTARY,22858,0,0.5,0.5,79
2026-05-21T12:28:40.492262+00:00,UCvksjnr7kInzcIjMpJpqF2A,Little Angel: Nursery Rhymes & Kids Songs,6,1,47527,9340,0.001626,161225,161225,4.285714,60.438144,6,6,56.883117,1.503642,l7zn7S_oalE,Learn Shapes And Colors On The Construction Site 🏗️👷 | Little Angel Nursery Rhymes & Kid Songs,22188,0,0.5,0.5,75.5
2026-05-21T12:28:40.492262+00:00,UC_wSuaxwUYsJOBZDWwHIQZg,QuarterJade,10,1,53422,2526,0.041897,179654,179654,4.285714,93.427835,10,10,42.077922,2.108207,a5nmR7JV0XA,the one thing that can get between me and john,22104,0,0.6,0.4,82.5
2026-05-21T12:28:40.492262+00:00,UCUBIrDsIVzRpKsClMlSlTpQ,BBC News Mundo,21,4,63191,1879,0.039608,187386,187386,4.285714,60.438144,21,21,50.12987,1.806005,gCGuySh9Vv8,"Shakira gana batalla contra la Hacienda en España y recibirá US$69,8 millones",21266,0,1,0,100
2026-05-21T12:28:40.492262+00:00,UCShHFwKyhcDo3g7hr4f1R8A,World Science Festival,4,0,23720,1194.5,0.0255,80499,80499,4.285714,60.438144,4,4,55.064935,1.584063,iFYF_e1GSGI,The Uncomfortable Truth About AI “Reasoning” | World Science Festival,21095,0,0.75,0.25,65.75
2026-05-21T12:28:40.492262+00:00,UC29ju8bIPH5as8OGnQzwJyA,Traversy Media,2,0,25706,12853,0.095145,38529,38529,4.285714,60.438144,2,2,82.077922,0.603915,g3LNpKqC9sk,I need to say this,20627,0,1,0,49.75
2026-05-21T12:28:40.492262+00:00,UCvQECJukTDE2i6aCoMnS-Vg,Big Think,8,1,33125,2540,0.037763,116212,116212,4.285714,60.438144,8,8,68.311688,1.089575,68DgpdnjBEg,What Newton and Einstein agreed on that our society doesn’t | Sean Carroll,20175,0,0.625,0.375,79
2026-05-21T12:28:40.492262+00:00,UCsBjURrPoezykLs9EqgamOA,Fireship,2,0,26238,13119,0.033687,123258,123258,4.285714,33.118557,2,2,78.961039,0.766032,3tbB2dffx0s,I can’t believe this trial is real...,20076,0,1,0,53.5
2026-05-21T12:28:40.492262+00:00,UCP5tjEmvPItGyLhmjdwP7Ww,RealLifeLore,1,0,19571,19571,0.040986,76165,76165,4.285714,33.118557,1,1,94.805195,0.134295,Km2A-9DwzeM,The World's Dumbest Geopolitical Conflict: The Falklands,19571,0,0,1,46.75
2026-05-21T12:28:40.492262+00:00,UC9vUu4vlIlMC0dHQCTvQPbg,The Money Guy Show,8,1,37381,2123,0.026798,124634,124634,4.285714,93.427835,7,7,24.415584,3.481865,-IonBz5c3go,Average Salary By Age (How Do You Stack Up?),19559,0,0.375,0.625,79
2026-05-21T12:28:40.492262+00:00,UCftwRNsjfRo08xYE31tkiyw,WIRED,7,0,42984,543,0.025463,76410,76410,4.285714,60.438144,7,7,25.194805,3.424223,yAkdi07egzc,Cybersecurity Expert Answers Hacking Questions | Tech Support | WIRED,19508,0,0.571429,0.428571,77.25
2026-05-21T12:28:40.492262+00:00,UCvnNkJsbONVhdXuHY_LpsdA,ElRichMC - Minecraft & Gaming a otro nivel,7,1,24362,979,0.087593,44025,44025,4.285714,60.438144,7,7,71.688312,0.987675,kLaeuEdSQ7E,"""Es lo que hay"" - Primeras Impresiones 26.2 Snapshot 8",19161,0,0,1,77.25
2026-05-21T12:28:40.492262+00:00,UCoMdktPbSTixAyNGwb-UYkQ,Sky News,237,26,202990,94,0.014722,759462,759462,4.285714,60.438144,213,213,6.753247,7.137405,KZIXcfHXNK0,PMQs | Starmer scraps plans to hike fuel duty - as Badenoch says Labour MPs 'want a better salesman',19040,0,0.518987,0.481013,100
2026-05-21T12:28:40.492262+00:00,UCRHZrsFKNop3EHMoWkgdccg,FeidVEVO,1,0,18921,18921,0.065604,57762,57762,4.285714,60.438144,1,1,97.922078,0.018519,rH1a9liVb0w,"Feid, Yuki Chiba - Medellín Takai",18921,0,1,0,46.75
2026-05-21T12:28:40.492262+00:00,UCZYTClx2T1of7BRZ86-8fow,SciShow,7,1,57124,9443,0.063348,145977,145977,4.285714,93.427835,7,7,81.558442,0.640123,ONSW0a6ihKI,Can We Describe The Whole Universe With A Single Number?,18804,0,0.142857,0.857143,77.25
2026-05-21T12:28:40.492262+00:00,UCVt4ugq2txl_szlXAO7B3-g,Adrián Sáenz,10,0,57167,4701,0.058822,384514,933117,1.766035,21.907216,3,10,34.025974,2.596925,VozHMHyKtG8,Estos Hacks De Claude Te Harán Ganar Dinero Tan Rápido Que Parece Ilegal,18355,0,0.1,0.9,82.5
2026-05-21T12:28:40.492262+00:00,UCRzPUBhXUZHclB7B5bURFXw,Eater,4,0,39393,9866.5,0.02148,228646,228646,4.285714,60.438144,4,4,75.844156,0.853478,G8I9ILBaNYU,"NYC's Only Charcoal Tandoor Indian Restaurant Has a 12,000-Person Waitlist — Mise En Place",18284,0,0.5,0.5,63.25
2026-05-21T12:28:40.492262+00:00,UCmObdAaNbtVVR1OkKUsdgqg,Las Recetas de MJ,5,1,18715,501,0.037987,68362,68362,4.285714,93.427835,5,5,35.844156,2.473868,GDn7FGrVVs4,Huevos revueltos con jamón en menos de 5 minutos,17602,0,1,0,68.75
2026-05-21T12:28:40.492262+00:00,UCTJTpwrK4a-ajXs4-Wry09A,alanxelmundo,1,0,17594,17594,0.036339,99770,99770,4.285714,93.427835,1,1,87.792208,0.395665,QPjskMnFluQ,Cocodrilos momificados!!! EdfU y Kom Ombo | Alan por el mundo #Egipto #3 4K,17594,0,0,1,46.75
2026-05-21T12:28:40.492262+00:00,UC22BdTgxefuvUivrjesETjg,History Matters,1,0,17462,17462,0.050799,64845,64845,4.285714,60.438144,1,1,94.285714,0.140946,YuYDi5dh_70,Why didn't Germany stop expanding in 1939? (Short Animated Documentary),17462,0,1,0,46.75
2026-05-21T12:28:40.492262+00:00,UCEQXxiYxNZbym9Fad7-n2Lg,Doctor Fisión,32,1,61766,324,0.081262,467098,892994,2.241727,28.865979,9,31,31.428571,2.747951,mLt8ArIfJIw,¿SON LOS PLANETAS TIPO TATOOINE COMUNES? 🛰️,17461,0,0.90625,0.09375,100
2026-05-21T12:28:40.492262+00:00,UCok_yhjwg4WSx3s_2Yh8ZjQ,Topes de Gama,29,3,44137,547.5,0.058312,146612,146612,4.285714,60.438144,28,28,56.363636,1.534262,_QQOSHWmnIA,Sony Xperia 1 VIII: ¿El cambio que necesitábamos o el mismo error de SIEMPRE?,17443,0,0.758621,0.241379,100
2026-05-21T12:28:40.492262+00:00,UC2iUwfYi_1FCGGqhOUNx-iA,ScreenRant,14,3,23534,172,0.032031,49147,49147,4.285714,60.438144,14,14,26.753247,3.238616,4qE8og6P9u8,The Mummy 4 Is The Apology Brendan Fraser Fans Deserved,17430,0,0.785714,0.214286,89.5
2026-05-21T12:28:40.492262+00:00,UCUXLlsi8mQeP0TvGbmSn8iw,Sopitas,20,1,19806,11,0.033472,58119,58119,4.285714,60.438144,17,17,7.142857,7,f1SqJnpGQJ0,PEPE DEL BOSQUE y por qué el futbol vale tanto la pena | SOPITAS FC | Episodio 2,16714,0,0.5,0.5,100
2026-05-21T12:28:40.492262+00:00,UCwnKziETDbHJtx78nIkfYug,CaspianReport,2,0,20179,10089.5,0.069066,34060,34060,4.285714,60.438144,2,2,79.220779,0.758303,7maiBkIm2oU,We built our own CIA-like intelligence hub,16447,0,0,1,51
2026-05-21T12:28:40.492262+00:00,UCR1IuLEqb6UEA_zQ81kwXfg,Real Engineering,3,0,20693,2629,0.064924,492285,995645,2.119021,27.319588,0,3,37.922078,2.332432,9IYRd5TnC5M,The V-22’s prototype was even more dangerous,16156,0,0.666667,0.333333,70.25
2026-05-21T12:28:40.492262+00:00,UC-2hhqBG5Su7s91_HmhaODQ,Fox Deportes,295,38,60560,4,0.014823,226513,226513,4.285714,60.438144,288,288,6.493506,7.166667,QvEG2aemtY4,"🏆🔥 PUMAS VS CRUZ AZUL: FINAL MEXICANA, POLÉMICA Y MUCHA PRESIÓN | PUNTO FINAL EN VIVO",16097,0,0.854237,0.145763,100
2026-05-21T12:28:40.492262+00:00,UCi7TVXyvrIwqeS9tfYD8UDA,DjMaRiiO,8,0,24746,952.5,0.025106,127302,127302,4.285714,93.427835,7,7,19.480519,4.508894,cWi8VwMfEz4,ULTIMATE MÓSTOLES - TRONCOS 🦁 RESUMEN DEL PARTIDO #djmariio #kingsleague,16033,0,0.125,0.875,79
2026-05-21T12:28:40.492262+00:00,UCUFoQUaVRt3MVFxqwPUMLCQ,StudioBinder,2,0,16542,8271,0.052099,58626,58626,4.285714,60.438144,1,1,50.38961,1.80599,C9GetclfPOg,Why Directors Still Study Michael Mann's Directorial Debut,15812,0,0.5,0.5,52.25
2026-05-21T12:28:40.492262+00:00,UChGJGhZ9SOOHvBB0Y4DOO_w,Ryan's World,5,1,35958,9277,0.008363,104358,104358,4.285714,60.438144,5,5,54.285714,1.609859,Q7HX2xDAruM,Emma & Kate's BEST Summertime Science Experiments for Kid's! 😎☀,15557,0,0.2,0.8,70
2026-05-21T12:28:40.492262+00:00,UCEAZeUIeJs0IjQiqTCdVSIg,Yahoo Finance,57,2,35554,20,0.027172,96184,96184,4.285714,60.438144,48,48,30.12987,2.821429,BLQNNuH6pG8,Did Trump just save crypto banking?,15293,0,0.22807,0.77193,100
2026-05-21T12:28:40.492262+00:00,UCY30JRSgfhYXA6i6xX1erWg,Smosh,1,0,15268,15268,0.062399,67244,67244,4.285714,60.438144,1,1,90.909091,0.266279,LOMhryKMIJc,Bit City Town Hall,15268,0,0,1,46.75
2026-05-21T12:28:40.492262+00:00,UCMsgXPD3wzzt8RxHJmXH7hQ,Cartoon Network,4,0,20108,2240.5,0.033685,92800,92800,4.285714,60.438144,4,4,45.194805,2.006711,uCI13vEkn24,FULL EPISODE | Regular Show: The Lost Tapes 🐦🦝📼 | Fix That Tape/Skips' Luau | Cartoon Network,15165,0,0.5,0.5,65.75
2026-05-21T12:28:40.492262+00:00,UC0N6ZYT8Q9bdQkGrgl9g9Ug,Pinwin,4,0,21027,2731,0.110077,166890,359665,1.988636,25.257732,1,4,46.753247,1.914458,1mHrzCe7Gkc,Hablemos de Adicciones...,15113,0,0,1,72
2026-05-21T12:28:40.492262+00:00,UC2UXDak6o7rBm23k3Vv5dww,Tina Huang,4,0,24644,4820,0.037697,102650,364667,1.206384,13.14433,1,3,39.480519,2.236566,gdrPkpXuNks,My Full Claude Cowork Setup (steal my workflows!),14972,0,0.25,0.75,72
2026-05-21T12:28:40.492262+00:00,UCFJJziTVsiIVSyRKvXHX37g,Canticos - Bilingual Nursery Rhymes & Kids Songs,9,0,25200,1210,0.002245,71974,71974,4.285714,60.438144,9,9,65.194805,1.183643,P-vJ3Qwbs64,¡Feliz Día del Maestro! Aprende El abecedario y las vocales | Preschool Learning @canticosworld,14350,0,0.222222,0.777778,80.75
2026-05-21T12:28:40.492262+00:00,UCtvu0f5wRLBRYISBw_3NDsg,Fuera de Foco,8,3,28181,1169,0.090504,58761,58761,4.285714,60.438144,8,8,17.402597,4.963115,_cIXOwAHpFA,"15 AÑOS DE FUERA DE FOCO, GRACIAS",13990,0,0.875,0.125,79
2026-05-21T12:28:40.492262+00:00,UCfLuMSIDmeWRYpuCQL0OJ6A,Kwebbelkop,1,0,13981,13981,0.005531,47543,47543,4.285714,60.438144,1,1,95.064935,0.124107,6mK7FF5vbfs,"I Bought a $10,000 Abandoned Storage Unit!",13981,0,0,1,46.75
2026-05-21T12:28:40.492262+00:00,UC7_gcs09iThXybpVgjHZ_7g,PBS Space Time,1,0,13788,13788,0.056079,81963,764538,0.459454,3.608247,0,1,66.233766,1.149872,FMdrD_jcYgE,We Found Galaxies Too Old for the Universe,13788,0,0,1,66.75
2026-05-21T12:28:40.492262+00:00,UCqaOSuXiGdnuoqXBda-XD2A,Canal Once,170,15,55124,17,0.047999,175552,175552,4.285714,60.438144,158,158,19.74026,4.5,iPwBN16nuxY,Masiosare - Economía y política: Combate al crimen organizado (19/05/2026),13747,0,0.223529,0.776471,100
2026-05-21T12:28:40.492262+00:00,UCFbNIlppjAuEX4znoulh0Cw,Web Dev Simplified,2,0,15128,7564,0.039437,63493,63493,4.285714,60.438144,2,2,68.831169,1.068127,UngVdAsQEiU,The Best Local Agentic Coding Workflow (Complete Guide),12910,0,0.5,0.5,53.5
2026-05-21T12:28:40.492262+00:00,UCW39zufHfsuGgpLviKh297Q,DW Documentary,11,1,39623,2745.5,0.027434,132274,132274,4.285714,60.438144,11,11,20.779221,4.250277,Fsyg_HDRw9o,The cloud that gives life to Cape Town - The magic of Table Mountain’s tablecloth | DW Documentary,12603,0,0.181818,0.818182,84.25
2026-05-21T12:28:40.492262+00:00,UCTfQ65AxquXmih3r6rZmK-Q,jefillysh,8,1,24466,1876,0.079296,210973,658622,1.372821,15.463918,3,7,36.623377,2.441633,cycDCq-vQFA,Tu MAMÁ necesita hacer esto - CIENCIA SIMPLIFICADA EP76 ,12554,0,0,1,79
2026-05-21T12:28:40.492262+00:00,UCZRsSEs1OX74qBh0x5T22tg,EL CACHONDO,6,0,16738,946.5,0.085133,66783,178128,1.606782,19.587629,2,6,63.636364,1.259417,BUa3pYi1x4A,LA CHABONA,12192,0,0.166667,0.833333,75.5
2026-05-21T12:28:40.492262+00:00,UCtIdb7KRqOTcOogKsos_QRw,Lord Draugr,2,0,17127,8563.5,0.042147,172506,528560,1.398728,15.979381,0,2,42.337662,2.1074,0X0pDsglgno,Ascenso y caída de Kevin Mitnick: el hacker más famoso de la historia,12172,0,0,1,68.5
2026-05-21T12:28:40.492262+00:00,UCbulh9WdLtEXiooRcYK7SWw,Metallica,5,1,19116,2932.5,0.063708,72921,72921,4.285714,93.427835,5,5,67.792208,1.117647,JJe8vTg5od4,"Metallica: Live at Riverbend Music Center, Cincinnati, OH - June 23, 1992 (Full Concert)",12062,0,0.6,0.4,68.75
2026-05-21T12:28:40.492262+00:00,UCDV1MWcRLthxSrmb2Zv-jeg,Ricardo Alca2,5,0,19631,1738,0.073939,114508,508521,0.965051,10.051546,1,3,52.727273,1.709134,Gmv-x9FyRHs,Caí en el bait (de nuevo),12052,0,0,1,73.75
2026-05-21T12:28:40.492262+00:00,UCaRLjOy-9m_eJ9REVqc0YoQ,Gustavo Entrala,2,0,17322,8661,0.049633,177703,352523,2.160382,28.092784,1,2,80.519481,0.691132,ZsKszAkq0jI,La IA se queda SIN GASOLINA y lo vamos a pagar MUY CARO,11880,0,0,1,68.5
2026-05-21T12:28:40.492262+00:00,UCbY9xX3_jW5c2fjlZVBI4cg,TheAIGRID,4,0,12166,147,0.024382,14502,14502,4.285714,93.427835,4,4,76.883117,0.842105,90-nxjzYt9g,"Google's New AI Update Just Shocked The AI Industry - Gemini 3.5 Pro , Gemini Omni, Gemini Spark",11783,0,0,1,64.5
2026-05-21T12:28:40.492262+00:00,UC2D2CMWXMOVWx7giW1n3LIg,Andrew Huberman,4,1,19194,4766,0.050083,83813,83813,4.285714,60.438144,3,3,55.324675,1.576752,Q2hOryHdgAk,How to Overcome Social Anxiety | Dr. Nick Epley,11612,0,0,1,62
2026-05-21T12:28:40.492262+00:00,UC8butISFwT-Wl7EV0hUK0BQ,freeCodeCamp.org,6,1,20895,3246,0.034837,46734,46734,4.285714,60.438144,6,6,78.441558,0.795317,2-ZqK1GVQ5U,Manus AI – Complete Course for Developers,10961,0,0.333333,0.666667,74.25
2026-05-21T12:28:40.492262+00:00,UCq2otJm7A6jGGcGFEks0HVw,Se Regalan Dudas Podcast,6,1,15858,2183.5,0.039804,52339,52339,4.285714,60.438144,5,5,80,0.710721,Pfdi4-myiQY,Cuando la vida no sale como imaginabas | Val de la Torre | Episodio 660,10751,0,0,1,74.25
2026-05-21T12:28:40.492262+00:00,UCG8rbF3g2AMX70yOd8vqIZg,Logan Paul,1,0,10735,10735,0.03405,57741,57741,4.285714,60.438144,1,1,87.532468,0.397959,TERsJnGoPVo,I Confronted Clavicular,10735,0,0,1,46.75
2026-05-21T12:28:40.492262+00:00,UC8rNKrqBxJqL9izOOMxBJtw,Willyrex,7,1,21204,2230.5,0.064894,94736,94736,4.285714,60.438144,7,7,60.25974,1.389197,3v3DaWeueyg,Hoy se acaba la Suerte de Fargan ,10406,0,0,1,77.25
2026-05-21T12:28:40.492262+00:00,UCFOSg71CRAJ58IPuV_-jMbw,Tecnonauta,2,0,19757,9878.5,0.057396,66887,66887,4.285714,60.438144,2,2,95.584416,0.092929,FZMKEasVKw8,"TELÉFONO MÁS BARATO ES MEJOR!!!!? ¿Samsung, Google o Nothing?",10223,0,0,1,53.5
2026-05-21T12:28:40.492262+00:00,UC4mg-nKTVI9CWodPPqB5d3A,Luna Martínez ,4,0,14261,1606.5,0.130071,93987,266125,1.51358,18.556701,2,4,57.922078,1.4728,3Qe_PQFBRVQ,LOS SUEÑOS MAS INQUIETANTES DE MIS SUBS..👀😰| Luna Martínez,10198,0,0.25,0.75,72
2026-05-21T12:28:40.492262+00:00,UCeUJFQ0D9qs6aVNyUt9fkeQ,The Armchair Historian,1,0,10048,10048,0.06327,62074,62074,4.285714,60.438144,1,1,87.012987,0.417169,vcg1WMzr9xw,U.S. Island Hopping Strategy,10048,0,0,1,46.75
2026-05-21T12:28:40.492262+00:00,UCFBpVaKCC0ajGps1vf0AgBg,Humphrey Yang,18,1,35470,1274,0.022015,298973,1064133,1.204091,12.886598,5,18,32.987013,2.632336,Y1Q2le4JrAI,I'm giving away $15k+ worth of Morgan Silver Dollars and a $3k+ Gold Coin this Saturday May 16th ⬇️,9956,0,0.777778,0.222222,96.5
2026-05-21T12:28:40.492262+00:00,UCSju5G2aFaWMqn-_0YBtq5A,Stand-up Maths,2,0,12887,6443.5,0.050271,212916,473672,1.926433,24.742268,1,2,40.25974,2.192102,XllQPr8FtPE,The paper scale system is broken.,9932,0,0,1,68.5
2026-05-21T12:28:40.492262+00:00,UC9RM-iSvTu1uPJb8X5yp3EQ,Wendover Productions,2,1,9915,9915,0.037955,85056,560146,0.650769,5.927835,1,1,70.909091,1.021695,GREaEG_0Xcw,How Car Dealerships Scam America,9915,0,0,1,63.5
2026-05-21T12:28:40.492262+00:00,UCqynl7rdtktKMQESdSBmE-g,Sapnap,1,0,9630,9630,0.046391,34333,34333,4.285714,60.438144,1,1,93.766234,0.197834,VLW8Cum-cAk,Minecraft Arrow Toss...,9630,0,1,0,46.75
2026-05-21T12:28:40.492262+00:00,UCnB5W_ZJgiDFnklejRGADxw,Pocoyó 🇪🇸 Español - Canal Oficial,3,0,23117,7785,0.002758,98972,98972,4.285714,60.438144,2,2,81.298701,0.660435,tse51CSdjvo,¡Pato ATRAPADO en otra dimensión! 😱 ¿Qué hay detrás de la puerta misteriosa? | Pocoyo 🇪🇸 Español,9521,0,0.333333,0.666667,59
2026-05-21T12:28:40.492262+00:00,UC9WGON3pXofvE958Uq3Lw3Q,Éxito Financiero — Finanzas Personales Y Educación,12,0,12062,92,0.055382,23975,71231,1.44249,17.010309,2,10,41.818182,2.111842,_IGkTN4JrkM,Por Qué NO Uso Tarjeta Débito (Millones Ahorrados En 15 AÑOS Por NO Usarla),9520,0,0,1,86
2026-05-21T12:28:40.492262+00:00,UCJHA_jMfCvEnv-3kRjTCQXw,Binging with Babish,1,0,9426,9426,0.032667,31809,31809,4.285714,60.438144,1,1,95.844156,0.085565,_vzBiTAiBAk,I Made Every Star Wars Food,9426,0,0,1,46.75
2026-05-21T12:28:40.492262+00:00,UCK7tptUDHh-RYDsdxO1-5QQ,The Wall Street Journal,22,3,27781,560,0.022938,101249,101249,4.285714,60.438144,22,22,29.87013,2.840822,JetP-W5azNA,The Big Business Buying Up America’s Hockey Rinks | WSJ,9341,0,0.909091,0.090909,100
2026-05-21T12:28:40.492262+00:00,UCmE44gpkHmf5bKIVTPSwxnQ,Judith Tiral,4,0,13274,1836.5,0.061575,79262,234431,1.449016,17.783505,1,4,44.935065,2.01435,eMK36QZCpLY,Así es ESTAR EMBARAZADO siendo un CHICO TRANS,9152,0,0,1,72
2026-05-21T12:28:40.492262+00:00,UCv05qOuJ6Igbe-EyQibJgwQ,Academia Play,2,0,17059,8529.5,0.045722,73534,73534,4.285714,60.438144,2,2,93.506494,0.198529,5FlrieGvoAk,No. Las calzadas romanas no estaban enlosadas,9092,0,0.5,0.5,53.5
2026-05-21T12:28:40.492262+00:00,UCM55RjebjSevVWPnj2LEymw,viyaura,9,1,32000,3885,0.064228,308744,1503178,0.880261,8.247423,3,9,39.74026,2.224719,vKG-QwpcF3k,The 24 Hour Art Swap Challenge (ft. Shrimpy),8893,0,0.555556,0.444444,80.75
2026-05-21T12:28:40.492262+00:00,UCvzk_MwdXD6jQa4Se-6B9ZQ,Adrià Solà Pastor,8,0,24946,2973,0.059722,219985,493878,1.908959,24.226804,1,8,59.480519,1.412143,DqU3d7vvfjU,Negociador Del FBI: Cómo Leer La Mente De Cualquiera Y Detectar Mentiras En Segundos,8719,0,0,1,79
2026-05-21T12:28:40.492262+00:00,UCOWFKaCN-rzmYk502JFWnqg,Eze Martínez,2,0,13397,6698.5,0.060327,130750,721800,0.776333,6.958763,0,2,81.038961,0.671549,ktkpd9A8MD8,El Objeto Que Costó Una Guerra,8699,0,0.5,0.5,68.5
2026-05-21T12:28:40.492262+00:00,UCeiYXex_fwgYDonaTcSIk6w,MinuteEarth,1,0,8652,8652,0.073507,25445,25445,4.285714,93.427835,1,1,96.883117,0.044142,4NtYJNO8Qes,The Weird Reason Rabies Is So Deadly,8652,0,1,0,46.75
2026-05-21T12:28:40.492262+00:00,UCZ4AMrDcNrfy3X6nsU8-rPg,Economics Explained,3,0,15808,5150,0.034499,44028,44028,4.285714,93.427835,3,3,66.493506,1.145049,rId69udDbwM,"No One Is Talking About the ""Winners"" of the Iran War",8587,0,0.333333,0.666667,57.75
2026-05-21T12:28:40.492262+00:00,UC55-mxUj5Nj3niXFReG44OQ,Platzi,25,2,25787,385,0.044863,232433,552420,1.803232,22.938144,10,24,20.519481,4.326241,m2K-5U1BRbs,El fin de los managers,8531,0,0.72,0.28,100
2026-05-21T12:28:40.492262+00:00,UCzR-rom72PHN9Zg7RML9EbA,PBS Eons,2,0,15991,7995.5,0.050564,137291,641380,0.917381,8.762887,0,1,50.649351,1.79482,-ellvM_GPWI,The Mystery of the Missing Deep-Sea Fish,8417,0,0.5,0.5,68.5
2026-05-21T12:28:40.492262+00:00,UCTl3QQTvqHFjurroKxexy2Q,Olympics,24,2,25572,416,0.02963,48958,48958,4.285714,60.438144,23,23,53.246753,1.693767,1-qftFmbIMA,Full Final! | Spain 🇪🇸 vs 🇫🇷 France | Football at Paris 2024,8021,0,0.916667,0.083333,100
2026-05-21T12:28:40.492262+00:00,UC2wKfjlioOCLP4xQMOWNcgg,Typical Gamer,17,2,14607,184,0.027261,47567,47567,4.285714,60.438144,17,17,28.311688,3.049002,HslSAmmm-20,🔴 LIVE! - FNCS DUO TOURNAMENT in FORTNITE!,7790,0,0,1,94.75
2026-05-21T12:28:40.492262+00:00,UCX6b17PVsYBQ0ip5gyeme-Q,CrashCourse,6,1,13330,780,0.057923,27621,46046,2.570814,30.154639,4,6,66.753247,1.143847,26MtyE-PH9o,The Algorithm Game (And Why We’re Not Really Playing),7619,0,0.833333,0.166667,75.5
2026-05-21T12:28:40.492262+00:00,UCkJEpR7JmS36tajD34Gp4VA,Psych2Go,6,1,14381,1655,0.126919,61312,61312,4.285714,60.438144,5,5,45.454545,1.980439,1nvx-aMYTsI,Why You Feel Detached From Everyone (Schizoid Personality Disorder),7580,0,1,0,74.25
2026-05-21T12:28:40.492262+00:00,UCodbH5mUeF-m_BsNueRDjcw,Overly Sarcastic Productions,4,1,10821,2939,0.062588,42942,42942,4.285714,60.438144,4,4,36.883117,2.428377,snfflY-ztHk,Trope Talk: Dream Apocalypses,7573,0,0.25,0.75,60.75
2026-05-21T12:28:40.492262+00:00,UCSPLhwvj0gBufjDRzSQb3GQ,BobbyBroccoli,1,0,7360,7360,0.044866,78991,279317,1.212002,13.402062,0,1,73.766234,0.919318,ZVzRMrLmQCc,The year Toronto went insane,7360,0,0,1,54.25
2026-05-21T12:28:40.492262+00:00,UCJQQVLyM6wtPleV4wFBK06g,VisualPolitik,14,1,22684,536,0.042844,382623,1172315,1.398782,16.237113,2,13,17.142857,4.964718,pm5T5nKfZQM,PÁNICO en el KREMLIN: La economía de GUERRA de PUTIN empieza a COLAPSAR @VisualPolitik,7177,0,0.071429,0.928571,89.5
2026-05-21T12:28:40.492262+00:00,UCOvzFyIAr32yspwxx77BHcQ,Rob Paper Clips,13,0,15276,192,0.054079,111268,221742,2.15053,27.835052,3,9,36.103896,2.463804,V87-ltSEW10,Investigando a este DELEZNABLE...,7135,0,0,1,87.75
2026-05-21T12:28:40.492262+00:00,UC3gWLlG7mTnOS5KW9aM9fZQ,Roier,2,0,8251,4125.5,0.064576,13581,13581,4.285714,60.438144,2,2,80.25974,0.702814,pz3av2ZsatA,"EL REGRESO DE ABOGADOIER !! (QSMP2, Episodio 9)",6937,0,0,1,51
2026-05-21T12:28:40.492262+00:00,UCH4BNI0-FOK2dMXoFtViWHw,Be Smart,1,0,6919,6919,0.066706,23549,23549,4.285714,60.438144,1,1,96.103896,0.07252,IqU9onfl5eA,Infinity isn’t a number. It's something much weirder.,6919,0,0,1,46.75
2026-05-21T12:28:40.492262+00:00,UCuCkxoKLYO_EQ2GeFtbM_bw,Half as Interesting,1,0,6909,6909,0.034605,21068,21068,4.285714,60.438144,1,1,98.701299,0.001157,WufGmAWN-7o,The Seven Landlocked Countries That Have Navies,6909,0,1,0,46.75
2026-05-21T12:28:40.492262+00:00,UCC552Sd-3nyi_tk2BudLUzA,AsapSCIENCE,4,0,9329,1189.5,0.049906,186816,1595102,0.501937,3.865979,0,3,21.558442,3.957593,FCaTFLdtsco,The call is coming from inside the house,6865,0,1,0,72
2026-05-21T12:28:40.492262+00:00,UCP15FVAA2UL-QOcGhy7-ezA,EDteam,71,3,23955,48,0.050367,352651,1045297,1.445868,17.525773,13,64,11.948052,6.042553,wIfSyH9wFjs,Elon Musk fabricará sus propios chips de IA,6792,0,0.704225,0.295775,100
2026-05-21T12:28:40.492262+00:00,UCRDQzsHtx2cXvzEXnEhbxBg,Mister Krax,54,3,24636,11,0.078744,251501,761931,1.414644,16.752577,9,48,4.415584,8.868421,Rdwsx31082s,CDMX: la ciudad morada #mexico #cdmx,6792,0,0.851852,0.148148,100
2026-05-21T12:28:40.492262+00:00,UChhw6DlKKTQ9mYSpTfXUYqA,Starter Story,3,0,12697,3773,0.036548,119438,258337,1.981432,25,1,4,64.415584,1.231429,32vqaJa90kw,My Two Apps Make $150K/Month Each,6357,0,0,1,70.25
2026-05-21T12:28:40.492262+00:00,UCshoKvlZGZ20rVgazZp5vnQ,CaptainSparklez,1,0,6163,6163,0.063794,24178,24178,4.285714,93.427835,1,1,91.688312,0.233553,UAA29dAdkbs,This Shouldn't Be Legal,6163,0,0,1,46.75
2026-05-21T12:28:40.492262+00:00,UCdNnEDbRWhanA1O8zhCn3ZA,Omar - Educación Financiera,6,0,8721,449,0.047496,28676,125485,0.979377,10.309278,1,4,33.506494,2.62624,eXkKkOiuyhc,Tener la tasa de rendimiento más alta del mercado si es posible y en simples pasos #reel #didicuenta,6114,0,0.333333,0.666667,75.5
2026-05-21T12:28:40.492262+00:00,UCb8GKeOvI7WsFUkB4UVAeXA,Cordura Artificial,4,0,12339,2878.5,0.078197,148430,388964,1.635443,20.618557,1,4,32.467532,2.6909,Xknz4LiogTQ,"""NO es INFELICIDAD, es POBREZA""",6059,0,0,1,72
2026-05-21T12:28:40.492262+00:00,UCPQ2dheMajZPnIleYZHzblg,Pablo Gil Trader,8,1,12236,982,0.044759,48068,48068,4.285714,60.438144,8,8,31.948052,2.727093,gjXczf-hSwg,Cómo empezar a AHORRAR tus primeros 100.000€ para construir tu FORTUNA,5808,0,0.75,0.25,79
2026-05-21T12:28:40.492262+00:00,UCL8w_A8p8P1HWI3k6PR5Z6w,Two Cents,2,0,7112,3556,0.05626,75771,101631,3.195215,31.701031,0,2,65.714286,1.176434,KUu4fahAg7M,Is Gen Z Destroying the Restaurant Industry? #restaurant #genzmoney #genz #economy #foodshorts,5762,0,0.5,0.5,68.5
2026-05-21T12:28:40.492262+00:00,UC4FHiPgS1KXkUMx3dxBUtPg,HolaMundo,6,0,8179,594.5,0.05653,56645,131088,1.851918,23.195876,2,6,40.779221,2.162592,4wxw5XHWzAE,"Borra Windows, esto es mejor y te obliga a trabajar como hacker",5720,0,0.333333,0.666667,75.5
2026-05-21T12:28:40.492262+00:00,UCl5-lvQyfILb-l2abPk4Ntg,Inteligencia Artificial,18,1,13161,338,0.041878,106423,435818,1.046534,11.340206,4,17,21.818182,3.937888,LAEl077HYXo,NOTICIAS IA | Google se lo juega todo en su semana más importante,5680,0,0.333333,0.666667,96.5
2026-05-21T12:28:40.492262+00:00,UC8h85qEsJ25Os5THPu6QpHg,Spursito,6,1,9559,804,0.076618,24325,24325,4.285714,60.438144,6,6,43.896104,2.04472,X0SvRn5cwkc,🤔 SERÍAN TITULARES CON ESPAÑA??,5575,0,0,1,74.25
2026-05-21T12:28:40.492262+00:00,UCLXo7UDZvByw2ixzpQCufnA,Vox,14,1,19915,580,0.033624,69302,69302,4.285714,60.438144,13,13,43.116883,2.081599,l-n72CYHG4g,The religious right is loud right now — that doesn't mean they're winning,5500,0,0.642857,0.357143,89.5
2026-05-21T12:28:40.492262+00:00,UCucNB6GOncGkTMB55ZrjYvg,Recetas de Esbieta,2,0,5617,2808.5,0.105689,6408,6408,4.285714,60.438144,2,2,85.454545,0.460177,rquN_pzs9Ko,El bizcocho que desafía la repostería moderna: Ciencia y paciencia,5382,0,1,0,51
2026-05-21T12:28:40.492262+00:00,UCKWaEZ-_VweaEx1j62do_vQ,IBM Technology,10,1,12075,1000,0.045881,49887,49887,4.285714,60.438144,9,9,47.272727,1.906673,BedAaB1RKgE,MCP vs ADK: How Modern AI Agents Connect and Work Together,5242,0,0.1,0.9,82.5
2026-05-21T12:28:40.492262+00:00,UCBBWpss2iXVXtTzl7-4eWbg,Jessica Fernández García,25,1,17659,15.5,0.03192,124270,510551,1.043159,11.082474,4,21,0.779221,13.92,XCs9UO44RmA,Escúchalo completo en Más Allá del Rosa en YouTube,5222,0,0.84,0.16,100
2026-05-21T12:28:40.492262+00:00,UCbUYAYd1WUznxEEl498z7vA,Woshingo Streams,27,1,19031,65.5,0.049364,245618,648904,1.622195,20.103093,4,22,4.675325,8.612613,p-C13Dm51mc,ESTE PODCAST ES TERRIBLE,5214,0,0,1,100
2026-05-21T12:28:40.492262+00:00,UCPdaxSov0mgwh77JvjQO2jQ,Man Carrying Thing,7,0,20995,3607,0.083549,279353,960718,1.24618,13.659794,1,7,48.571429,1.886808,IrGd4xIhTN0,the Rise of Woke Books - a Response,5121,0,0.857143,0.142857,77.25
2026-05-21T12:28:40.492262+00:00,UCPTlwyaEoJOVyvDLzHagzNQ,WATOP,10,0,6694,63,0.047898,55760,211132,1.131858,11.85567,1,8,29.350649,2.886957,g6Cq3m3gq1g,El Cártel Se Metió Con El Padre Equivocado,5085,0,0,1,82.5
2026-05-21T12:28:40.492262+00:00,UC-J-KZfRV8c13fOCkhXdLiQ,Dua Lipa,1,0,5062,5062,0.105445,19719,19719,4.285714,93.427835,1,1,90.38961,0.277786,pwNa-5JWtAU,LIVE FROM MEXICO! The tour film out May 21st 6pm (BST) AND the live album out May 22nd!!!,5062,0,1,0,46.75
2026-05-21T12:28:40.492262+00:00,UCoz3Kpu5lv-ALhR4h9bDvcw,shroud,8,2,8422,782,0.020459,48325,48325,4.285714,93.427835,8,8,30.38961,2.803601,pFzXlGstqEs,WHY IS NOBODY PLAYING THIS MAP?,4999,0,0,1,79
2026-05-21T12:28:40.492262+00:00,UCujyjxsq5FZNVnQro51zKSQ,fuslie,7,1,5951,158.5,0.016493,11046,11046,4.285714,60.438144,7,7,44.675325,2.01626,d2D4wC6YnhA,yip yapping with chat and then practicing 2XKO for tourney thursday (send help),4936,0,0,1,77.25
2026-05-21T12:28:40.492262+00:00,UCey-eDTR5J6xU6pZ2f4guoA,Adin Live,5,0,12430,1981,0.024417,65514,65514,4.285714,33.118557,4,4,69.090909,1.066105,znizBmK97jE,Adin Ross Reacts to Drake's New Album ICEMAN!,4886,0,0,1,72.5
2026-05-21T12:28:40.492262+00:00,UCRlBDnRQduDk4tmm1OtpSRg,UN POCO MEJOR,3,0,5794,892,0.053078,54078,195761,1.183907,12.628866,0,2,17.662338,4.952339,uTBQ0E07n88,El Mapa Entero del Dinero en 21 Minutos,4748,0,0,1,70.25
2026-05-21T12:28:40.492262+00:00,UCX16cLWl6dCjlZMgUBxgGkA,CuriosaMente,2,0,8097,4048.5,0.094244,22853,22853,4.285714,60.438144,2,2,89.350649,0.338395,fiwhsIAjBuI,Guía completa de orientación vocacional,4728,0,0,1,51
2026-05-21T12:28:40.492262+00:00,UCUvvj5lwue7PspotMDjk5UA,Meet Kevin,18,5,9717,408,0.032721,39087,39087,4.285714,60.438144,18,18,55.844156,1.572414,huygLmrdLoQ,MASSIVELY SHORT,4706,0,0.111111,0.888889,96.5
2026-05-21T12:28:40.492262+00:00,UCwGX2cE21VPBEJ49hcprP9w,SupraPixel,3,0,10507,3756,0.0347,50882,50882,4.285714,60.438144,3,3,62.597403,1.292304,F0Rx-GLE9lg,TODO sobre la MacBook Neo,4704,0,0.333333,0.666667,60.25
2026-05-21T12:28:40.492262+00:00,UC4QZ_LsYcvcq7qOsOhpAX4A,ColdFusion,2,0,5588,2794,0.04397,44542,351461,0.543145,4.639175,0,2,70.38961,1.038298,g4Gb6viwsnQ,AI Band Gets Caught Then Hires Real Humans,4304,0,0,1,68.5
2026-05-21T12:28:40.492262+00:00,UCCApWEDxZLSe2u0BB-znodA,Don Canitro 👺,1,0,4195,4195,0.051352,36032,77065,2.0038,25.773196,0,1,88.831169,0.350923,vxjrgy16ljc,Otros 30 Datos Geográficos que parecen Ciertos (Pero son FALSOS),4195,0,0,1,55.5
2026-05-21T12:28:40.492262+00:00,UCEK0oX3X2yK9y27khCsrNKg,Mis Propias Finanzas,71,2,26328,18,0.057338,175433,313500,2.398264,29.639175,22,64,9.090909,6.597701,mN3Gt29ygtY,La Verdad que Nadie te Dice sobre el Precio del Dólar en Colombia,4130,0,0.71831,0.28169,100
2026-05-21T12:28:40.492262+00:00,UCvSXMi2LebwJEM1s4bz5IBA,New Money,2,1,4084,4084,0.030141,14267,14267,4.285714,60.438144,2,2,94.025974,0.178104,m0qxvtMaKEQ,Warren Buffett Breaks His Silence on the U.S. Stock Market,4084,0,0,1,49.75
2026-05-21T12:28:40.492262+00:00,UCA2tt9GSU2sl8rAqjlLR3mQ,GeorgeNotFound,1,0,4026,4026,0.049189,23104,23104,4.285714,60.438144,0,0,86.493506,0.422961,JbHpeN8vN1Q,Completing All Minecraft Advancements Blind (No Google or Help) - Day 19,4026,0,0,1,45.5
2026-05-21T12:28:40.492262+00:00,UCSMqateX8OA2s1wsOR2EgJA,TLDR News,4,1,7931,3067,0.044948,35162,35162,4.285714,60.438144,4,4,75.324675,0.865893,rA2QTU_47Yc,Is the UK Slowly Breaking Apart?,3977,0,1,0,63.25
2026-05-21T12:28:40.492262+00:00,UCXR7VjA26PcHP3vb6F2X3VQ,jonmircha,2,0,4240,2120,0.039841,4699,4699,4.285714,60.438144,2,2,87.272727,0.403478,PV3iPRVADxU,Google Antigravity 2.0: el IDE agéntico que cambia cómo programamos - jonmircha,3951,0,0,1,51
2026-05-21T12:28:40.492262+00:00,UCoxcjq-8xIDTYp3uz647V5A,Numberphile,2,0,6410,3205,0.039981,92737,170748,2.327666,29.381443,0,2,78.181818,0.800568,UiX4CFIiegM,Red & Black Knights (extraordinary result) - Numberphile,3873,0,0,1,68.5
2026-05-21T12:28:40.492262+00:00,UCYVinkwSX7szARULgYpvhLw,Ali-A,3,0,4828,792,0.024427,27464,27464,4.285714,60.438144,3,3,23.636364,3.742373,qqVnq__r6gs,I Snuck a Pro into a BRAINROT Tournament!,3783,0,0,1,60.25
2026-05-21T12:28:40.492262+00:00,UCPH3Oz99Y_jrVBCQMjQZNSg,Memorias de Pez,8,1,6665,333,0.054346,20200,20200,4.285714,60.438144,8,8,47.532468,1.904667,Ujasr34tnEw,ISRAEL amplía 1000 Km su TERRITORIO desde los ataques de HAMÁS,3756,0,0.125,0.875,79
2026-05-21T12:28:40.492262+00:00,UC88lvyJe7aHZmcvzvubDFRg,Timeline - World History Documentaries,6,0,11415,1780,0.026608,34135,34135,4.285714,60.438144,6,6,49.350649,1.830717,c0E46LUbHwc,The End Of The West? How China Is Taking Over The World,3726,0,0,1,75.5
2026-05-21T12:28:40.492262+00:00,UCVbOEcs6RMxXXX3WWNtl_Fw,El Mapa de Sebas,7,0,6273,238,0.142613,13604,13604,4.285714,93.427835,7,7,64.155844,1.233333,ap97S2et-50,¿Cómo fue la Cataluña FRANCESA?🇫🇷🇪🇸 - El Mapa de Sebas,3491,0,0.714286,0.285714,77.25
2026-05-21T12:28:40.492262+00:00,UCn8zNIfYAQNdrFRrr8oibKw,VICE,2,0,4269,2134.5,0.019765,6971,6971,4.285714,60.438144,2,2,84.935065,0.478164,r8kpOGuCXe4,Riz Ahmed takes on Iconic British Culture | VICE Culture Club Ep11,3358,0,0,1,51
2026-05-21T12:28:40.492262+00:00,UCH5_L3ytGbBziX0CLuYdQ1Q,CNBC Make It,7,1,5510,201.5,0.028672,20747,20747,4.285714,60.438144,7,7,24.935065,3.464491,nThsHXjrpvc,How I Built A $2.8 Million/Year Ice Cream Company,3336,0,1,0,77.25
2026-05-21T12:28:40.492262+00:00,UCxcDzs-4quJV4QsairlFYNg,Alejavi Rivera,8,0,11925,1049.5,0.041613,122997,342817,1.537643,18.814433,2,8,63.116883,1.292049,J_cMk5zEThI,¡Obsidian reventó la IA con MEMORIA GRATIS e ILIMITADA! Esto puedes hacer 🚀,3168,0,0.125,0.875,79
2026-05-21T12:28:40.492262+00:00,UCBa5G_ESCn8Yd4vw5U-gIcg,Stanford Online,18,6,7342,341.5,0.033063,24073,24073,4.285714,93.427835,18,18,55.584416,1.575403,tsQB0n0YV3k,Stanford CS153 Frontier Systems | Jensen Huang from NVIDIA on the Compute Behind Intelligence,3106,0,0,1,96.5
2026-05-21T12:28:40.492262+00:00,UCrr-NczCJHrwi1oBS97uwnw,Finanzas con Gus,5,0,3214,34,0.075604,13979,28006,2.139184,27.57732,1,5,43.376623,2.076923,nSmpSdYH7jA,La Crisis Económica de 2026 YA EMPEZÓ (Abre los Ojos),3101,0,0,1,73.75
2026-05-21T12:28:40.492262+00:00,UCbx_d228PdYwgB4Jz202SIQ,Gentleman Programming,2,0,3122,1561,0.064496,14427,14427,4.285714,93.427835,2,2,49.61039,1.814733,5Q7jV8TpMXA,El PADRE de todos los CURSOS de IA: 20 Agent Harness para programar con disciplina,2996,0,0.5,0.5,53.5
2026-05-21T12:28:40.492262+00:00,UCOHxDwCcOzBaLkeTazanwcw,Bravos Research,8,1,6258,214,0.027395,124391,454790,1.172199,12.113402,2,8,14.025974,5.457656,ZyC3GRY5e1M,The Next 6 Months Will Make History.,2931,0,0.75,0.25,79
2026-05-21T12:28:40.492262+00:00,UCCKpicnIwBP3VPxBAZWDeNA,Money & Macro,1,0,2910,2910,0.045803,11874,11874,4.285714,60.438144,1,1,92.727273,0.214363,fWF0ZwzGoho,Iran's crumbling economy,2910,0,0,1,46.75
2026-05-21T12:28:40.492262+00:00,UCJ24N4O0bP7LGLBDvye7oCA,Matt D'Avella,1,0,2862,2862,0.051954,22894,244999,0.40048,2.57732,0,1,69.61039,1.057172,-1Fhry-Mqks,I tried to optimize my life. It made it worse.,2862,0,0,1,66.75
2026-05-21T12:28:40.492262+00:00,UCtwslQPB_xJfaFuZv0OETNw,Kings League Spain,25,1,11240,114,0.027894,98954,98954,4.285714,60.438144,22,22,17.922078,4.850299,86Zz0gkGZD8,Jugadora de la Serie A da una masterclass de toques en la #QueensLeague,2846,0,0.32,0.68,100
2026-05-21T12:28:40.492262+00:00,UC30ajuhy8cViP2DiM1QLjmg,98grados,10,0,5336,84.5,0.113998,31283,84708,1.582731,19.072165,2,10,10.909091,6.147368,2rXcq6fXpiM,Tuve AMBAS y doy mi VEREDICTO... Laptop Gamer vs MacBook Pro,2825,0,0.7,0.3,82.5
2026-05-21T12:28:40.492262+00:00,UCAW-NpUFkMyCNrvRSSGIvDQ,Ninja,4,1,4326,899,0.050028,15403,15403,4.285714,93.427835,4,4,76.363636,0.846316,xTVpithcPvI,I Miss TimTheTatman...,2821,0,0,1,62
2026-05-21T12:28:40.492262+00:00,UChXKjLEzAB1K7EZQey7Fm1Q,Pokimane,1,0,2758,2758,0.071244,13235,13235,4.285714,60.438144,1,1,88.311688,0.371324,3p4VWK0MP1U,"pov: a week in pokimane's life (first commercial, podcast breakup, workouts)",2758,0,0,1,46.75
2026-05-21T12:28:40.492262+00:00,UCLv7Gzc3VTO6ggFlXY0sOyw,Harvard University,5,1,5783,1464.5,0.039503,23370,23370,4.285714,60.438144,5,5,75.584416,0.860354,pnmaV68L1BM,Unlocking Harvard's Ties to Slavery Through Descendant Research,2667,0,0.8,0.2,67.5
2026-05-21T12:28:40.492262+00:00,UCClNRixXlagwAd--5MwJKCw,H2ODelirious,5,1,6004,1377,0.04795,27190,27190,4.285714,60.438144,5,5,70.12987,1.052666,mg4TffLl9Y0,TRYING OUT A GAME CALLED WRECK RUNNERS!,2554,0,0,1,70
2026-05-21T12:28:40.492262+00:00,UCBxr1muciHdRtlygUhruARw,Eduardo Rosas - Finanzas Personales,3,0,4016,902,0.068713,17701,17701,4.285714,60.438144,3,3,60.519481,1.351481,LgZX3dIoC9c,Cuando la educación financiera no es suficiente #prestamos #deudas #finanzaspersonales,2515,0,1,0,60.25
2026-05-21T12:28:40.492262+00:00,UCWn_0MmgojB711LFX-jaCDQ,El Rincón Del Dev,8,0,3271,21.5,0.050554,68596,75689,3.88409,31.958763,2,7,1.038961,13.222222,lT0Sq-9cvh4,Cómo aprendí a programar GRATIS y conseguí TRABAJO,2339,0,1,0,79
2026-05-21T12:28:40.492262+00:00,UCDnUOd6PIlQAL9bPUTf9BkQ,Sapiencia práctica,6,0,2666,109.5,0.085948,9084,23082,1.686658,20.876289,1,6,53.506494,1.683761,SHKbCp1oq40,6 señales de ATRACCIÓN TÁCITA (no declarada),2176,0,1,0,75.5
2026-05-21T12:28:40.492262+00:00,UC2xjgvWb9cx5F637XjsUNxw,toycantando,2,1,2119,2119,0.002443,11521,11521,4.285714,60.438144,2,2,83.896104,0.512649,Ou7na99kBNA,El Baile de La Vaca Lola 🐮 Y Más Canciones Para Bailar | Toy Cantando,2119,0,0.5,0.5,49.75
2026-05-21T12:28:40.492262+00:00,UCqcbQf6yw5KzRoDDcZ_wBSw,Wes Roth,18,1,6964,104,0.031581,137676,408296,1.445128,17.268041,7,17,18.701299,4.76,a8EfFGeY9S8,everyone JUST got HACKED...,2100,0,0,1,96.5
2026-05-21T12:28:40.492262+00:00,UCV5G678sZwW5IcF3pCfRbHQ,La Hiperactina,3,0,3418,902,0.1018,33977,70950,2.052371,26.546392,1,3,60,1.410026,qmiPJlei9bk,¿Por qué el miedo puede dar placer?,2045,0,0.666667,0.333333,70.25
2026-05-21T12:28:40.492262+00:00,UCddn8dUxYdgJz3Qr5mjADtA,NutritionFacts.org,7,1,2737,155,0.067386,19061,19061,4.285714,60.438144,6,6,77.142857,0.825553,jiw9ybLSoDw,Diets and Foods Shown to Improve Depression in Randomized Controlled Trials,2026,0,0.571429,0.428571,77.25
2026-05-21T12:28:40.492262+00:00,UC71VTsUKOsh6QEGnzaa2KuQ,Rankia,10,1,3030,28,0.066334,10237,10237,4.285714,60.438144,10,10,14.285714,5.445783,ofmi10BxOhk,El indicador de Warren Buffett acaba de marcar un 231%: ¿Por qué la bolsa sigue subiendo?,1974,0,1,0,82.5
2026-05-21T12:28:40.492262+00:00,UCgNg3vwj3xt7QOrcIDaHdFg,PolyMatter,1,0,1950,1950,0.032099,21021,178651,0.504279,4.123711,0,1,82.857143,0.573656,t9PF8V132Y4,Walmart’s New Plan to Defeat Amazon,1950,0,0,1,65.5
2026-05-21T12:28:40.492262+00:00,UCtu2BCnJoFGRBOuIh570QWw,Sodapoppin,4,1,2546,349,0.0185,13595,13595,4.285714,60.438144,4,4,53.766234,1.68,AeNVZ22HacI,I Fought 99 Viewers in Backpack Battles..,1899,0,0.25,0.75,63.25
2026-05-21T12:28:40.492262+00:00,UC3IEYr87JpgBeVbbc0gP9DA,Irene Albacete,2,0,1979,989.5,0.10798,17354,27773,2.677935,30.670103,1,3,67.272727,1.136646,NqRC2EGe2sQ,CÓMO DEJAR DE PROCRASTINAR PROYECTOS.,1858,0,0,1,68.5
2026-05-21T12:28:40.492262+00:00,UCUHW94eEFW7hkUMVaZz4eDg,minutephysics,1,0,1840,1840,0.062834,48937,48937,4.285714,60.438144,0,1,59.220779,1.420578,PTO0s8YQ49o,The Magic of Thorium Nuclear Reactors,1840,0,1,0,51.75
2026-05-21T12:28:40.492262+00:00,UC52kszkc08-acFOuogFl5jw,Tibees,2,0,2165,1082.5,0.074748,10969,88219,0.532878,4.381443,0,1,61.558442,1.316073,Cd5EHfRerGI,The physics slop that YouTube wants me to make,1745,0,0,1,68.5
2026-05-21T12:28:40.492262+00:00,UCwd_qoS94df5orGoPLPnsxQ,Franco Pisso,4,0,4100,966.5,0.086584,33870,142485,1.018754,10.824742,1,3,60.779221,1.347992,SWyHoj5CRqs,7 cosas que hacen los que SE HACEN RESPETAR (sin levantar la voz),1733,0,0,1,72
2026-05-21T12:28:40.492262+00:00,UCDYT9mM3L_ByrPYMyl0MGGg,BBC Ideas,4,1,2137,402,0.061783,7574,7574,4.285714,60.438144,4,4,54.805195,1.587786,NdQ8RAfItX0,5 simple hacks to help you learn a language | BBC Ideas,1687,0,1,0,62
2026-05-21T12:28:40.492262+00:00,UCjSVqRtdOsxQDss_pJpp_Yg,COMPUESTOS Podcast,65,2,2686,2,0.05798,31923,67600,2.023859,26.030928,17,63,7.142857,7,lXVyuiseTsQ,Experto en Inversión: Cómo Invertir y Hacer Crecer Tu Dinero (Guía Real de Inversiones) | EP. #67,1664,0,0.938462,0.061538,100
2026-05-21T12:28:40.492262+00:00,UCHhYXsLBEVVnbvsq57n1MTQ,The AI Advantage,3,0,2551,841,0.036439,13617,13617,4.285714,93.427835,3,3,51.428571,1.75981,APaj_XE7Uuk,I Created a Prompt That Unlocks ChatGPT Images 2.0,1657,0,0.666667,0.333333,60.25
2026-05-21T12:28:40.492262+00:00,UC7rmCjnXx6JNr_Rm4n37cFA,Healthy Pockets,3,0,1762,72,0.074687,13331,13331,4.285714,60.438144,3,3,1.298701,12.609756,DQcE9L_FOzQ,Predijo el Techo de Bitcoin. Ahora Advierte que Viene un Crash,1623,0,0,1,60.25
2026-05-21T12:28:40.492262+00:00,UCHhfu5p0zydyM-_nw3IJvig,Urban Tecno,14,2,6475,586.5,0.064854,20823,20823,4.285714,60.438144,14,14,56.103896,1.534687,0aDOxqV-rRA,"Samsung Galaxy S26+ vs S25 FE, ¿hay tanta diferencia?",1616,0,0.642857,0.357143,89.5
2026-05-21T12:28:40.492262+00:00,UCXZCJLdBC09xxGZ6gcdrc6A,OpenAI,9,2,4779,496,0.036144,21220,21220,4.285714,60.438144,9,9,61.298701,1.330508,D_FCYsshMI4,Computer use in Codex,1564,0,0.555556,0.444444,80.75
2026-05-21T12:28:40.492262+00:00,UCtscFf8VayggrDYjOwDke_Q,Angela Collier ,1,0,1529,1529,0.086038,19081,103871,0.787281,7.474227,0,1,34.805195,2.554394,p6Ejmhwb8Sc,genesis mission (us government),1529,0,0,1,56.75
2026-05-21T12:28:40.492262+00:00,UCdulIs-x_xrRd1ezwJZR9ww,pildorasinformaticas,5,1,1627,64,0.086736,2084,2084,4.285714,60.438144,5,5,74.545455,0.89441,qbLhzFg22w4,Lenguajes y mercados en mayo 2026 | Rankings y empleo IT,1485,0,0,1,67.5
2026-05-21T12:28:40.492262+00:00,UCR9j1jqqB5Rse69wjUnbYwA,All About AI,7,1,2422,235.5,0.038808,5909,5909,4.285714,60.438144,7,7,58.441558,1.448718,kN4Hm0azqH0,How I Farm Money On The App Store Using AI (you can too),1470,0,0.142857,0.857143,77.25
2026-05-21T12:28:40.492262+00:00,UCWxlUwW9BgGISaakjGM37aw,Valkyrae,5,1,3935,1112,0.032011,14772,14772,4.285714,93.427835,5,5,74.025974,0.908736,37d4JpFJAr0,🔴LIVE! BEATING GOD OF WAR 2 TODAY!!! (also live on twitch),1428,0,0,1,70
2026-05-21T12:28:40.492262+00:00,UCtT7zEoC9-HNyLYb8cYWoww,Ale Marin,10,1,3208,41,0.072843,39757,145130,1.174031,12.371134,1,9,14.805195,5.372385,HB20PBw3C-0,MILO J ⚠️ Análisis SIN FILTRO | ¿Quién caraj es Milo J? | El artista más subestimado (y cancelado),1422,0,0.2,0.8,82.5
2026-05-21T12:28:40.492262+00:00,UCaZ5txM63JGqgzRTVXy5e9g,César Dabián Finanzas,5,0,2135,231,0.054489,23978,54128,1.898516,23.969072,2,5,28.571429,3.015584,irGF0_FStdA,Deja de Ahorrar en Tonterías,1320,0,0,1,73.75
2026-05-21T12:28:40.492262+00:00,UCF0L4jd9LcSIxsj5gKITMqQ,Jaime Higuera,2,0,1734,867,0.062826,7819,26015,1.288103,14.43299,0,1,63.376623,1.283887,cYDhCKATCbU,"Si tienes 20 y pico años, para. Necesitas ver esto.",1285,0,0,1,68.5
2026-05-21T12:28:40.492262+00:00,UCuhw3KIv3wM14By2-LcxDGw,El Consejero,16,1,2099,30,0.072257,10429,24889,1.795802,22.42268,4,13,37.402597,2.392857,MeshWcsTC-g,"Disciplina Tu Sombra, y Hasta el Caos Temerá Tu Presencia - Carl Jung",1281,0,0,1,93
2026-05-21T12:28:40.492262+00:00,UC52hytXteCKmuOzMViTK8_w,CdeCiencia,2,0,1528,764,0.096974,16837,114597,0.629672,5.154639,0,2,65.974026,1.169118,gPmmDEGCQLg,Por qué hacer Alioli es casi imposible,1218,0,1,0,68.5
2026-05-21T12:28:40.492262+00:00,UCcgVECVN4OKV6DH1jLkqmcA,Jake Paul,1,0,1214,1214,0.030005,5636,5636,4.285714,60.438144,1,1,89.61039,0.323677,t8aAUKiVcec,My First Ever IRL Livestream (Insane Guests Pull Up),1214,0,0,1,46.75
2026-05-21T12:28:40.492262+00:00,UC4jlzJyMNQkkcEcCN3EFG7g,Brin,3,1,1392,696,0.059327,10991,104887,0.449096,3.350515,1,3,42.597403,2.103448,rJx6qKcbxrs,Este STREAMER MATÓ a su HERMANITO por LA PEOR RAZÓN,1187,0,0,1,70.25
2026-05-21T12:28:40.492262+00:00,UC4JX40jDee_tINbkjycV4Sg,Tech With Tim,6,0,3066,484.5,0.030485,15662,15662,4.285714,60.438144,6,6,46.493506,1.915217,GFlFABWeqDc,Devin AI Is the Future of Coding… Full Tutorial,1187,0,0.333333,0.666667,75.5
2026-05-21T12:28:40.492262+00:00,UCm5iBOcQ0GET_2FqFI61QDA,Cara Nicole,7,0,1914,23,0.058161,10621,65874,0.690994,6.185567,1,7,9.350649,6.52,3vlzQ4KstLA,Let’s talk about deeply unaffordable healthcare…,1118,0,0.857143,0.142857,77.25
2026-05-21T12:28:40.492262+00:00,UCHMSzZaVrEjK35aYK3J7Htw,Pequeño Cerdo Capitalista,9,0,1835,51,0.073426,7600,50275,0.647865,5.670103,2,7,15.324675,5.34375,M9o3pFN769k,⚠️ ¿Ya NO podrás FACTURAR la GASOLINA? 😥,1088,0,0.555556,0.444444,80.75
2026-05-21T12:28:40.492262+00:00,UCs0QXHkbkBDM_NwnRiGFoTA,Crea Y Transforma,7,0,2247,258,0.048849,19825,109125,0.778596,7.216495,0,5,35.584416,2.536723,NZNz-Q1hXKQ,¿Por qué la edad para comprar casa pasó de 29 a 39 años?,1084,0,0,1,77.25
2026-05-21T12:28:40.492262+00:00,UCx2Y_55MBCq3lkc3aOtmAiw,profesor10demates,5,1,1860,377,0.070572,4336,4336,4.285714,60.438144,4,4,77.402597,0.825279,0j-s5ccvZBQ,PAU 2026 Cómo preparar matemáticas Sociales si has cursado mates de ciencias Selectividad,1060,0,0.4,0.6,66.25
2026-05-21T12:28:40.492262+00:00,UCLeusrqEwSzLNTDAVxPbi3w,Mariel de Viaje,3,0,1067,20,0.052143,1335,1335,4.285714,60.438144,3,3,83.636364,0.55,ZApF5QWAz6M,LO MEJOR de DUBÁI en un solo video 🇦🇪,1038,0,0.666667,0.333333,57.75
2026-05-21T12:28:40.492262+00:00,UCB34YbuG6ThXJzJsDAII5Dw,math2me,6,1,1027,12,0.025389,3202,3202,4.285714,60.438144,6,6,16.363636,5.25,3o2rUryu45E,Determina el ángulo de inclinación de una recta | Varias formas,932,0,0.333333,0.666667,75.5
2026-05-21T12:28:40.492262+00:00,UCbfYPyITQ-7l4upoX8nvctg,Two Minute Papers,7,0,2208,148,0.047672,34333,203399,0.723413,6.443299,0,6,41.558442,2.149378,4wC8hnQawiA,NVIDIA New AI Is An Efficiency Monster,910,0,0.857143,0.142857,77.25
2026-05-21T12:28:40.492262+00:00,UC6RTPEfYFMcb0-HLLMEpLdw,Caja de Peliculas,2,1,873,873,0.088691,3396,3396,4.285714,60.438144,2,2,95.324675,0.118182,o5iu2Z-KmvM,El REGRESO de UN SHOW MAS 🐦🦝,873,0,0,1,49.75
2026-05-21T12:28:40.492262+00:00,UC3nwmvE2aDzUSJ4evQ1NhoA,IA Innova,15,0,2050,30,0.045853,27682,93470,1.269254,14.175258,3,13,8.051948,6.857143,mUjWC22JmWM,¡Hermes Agent 3.0 es una LOCURA!,863,0,0.866667,0.133333,91.25
2026-05-21T12:28:40.492262+00:00,UCoMlNw7o21I7LqL4OsjSYAg,Feid,1,0,795,795,0.063186,2470,2470,4.285714,93.427835,1,1,96.623377,0.05283,RQe_YBIIwsw,PAPASITO ME SANAS LA VIDA ?? ESO LE DIJERON AL FERXXO EN ... VACAXIONES Television (CAPITULO 042),795,0,1,0,46.75
2026-05-21T12:28:40.492262+00:00,UCzKnSeOq30zVvgosDFlne5g,Finect - Invertir mejor,11,1,1354,42,0.051992,3176,3176,4.285714,93.427835,11,11,52.987013,1.704545,wuoLa-K81bg,Así invierte uno de los FONDOS más BUSCADOS en Finect (+95% a 12 meses) 🔋📈,789,0,0.363636,0.636364,84.25
2026-05-21T12:28:40.492262+00:00,UCF7UoUGGOUcSSNcVDndq7KQ,Itzcalli,4,0,1751,489.5,0.120154,18745,53106,1.512743,18.298969,1,3,57.662338,1.488848,INj5n4ISAi0,YUYA ES UNA GENIA DEL MARKETING,754,0,0.25,0.75,72
2026-05-21T12:28:40.492262+00:00,UCLYoURyGHMUuQ5YrfX55PWg,Aprendiz Financiero,14,1,1996,123,0.076945,17210,79909,0.923014,9.020619,1,12,40.519481,2.192,nj4Sab7uev8,👉 Tu día empieza mal por estas 5 cosas,737,0,1,0,89.5
2026-05-21T12:28:40.492262+00:00,UCrdWRLq10OHuy7HmSckV3Vg,Nathaniel Drew,1,0,730,730,0.084013,4834,21858,0.947806,9.278351,0,1,76.103896,0.85,yemarhfhVA0,Epic transformation of my 1850s house in France (start to finish),730,0,0,1,66.75
2026-05-21T12:28:40.492262+00:00,UCBVjMGOIkavEAhyqpxJ73Dw,Maroon 5,1,0,655,655,0.045004,2581,2581,4.285714,60.438144,1,1,98.441558,0.012214,QxOp9DU8S38,“Heroine” single and lyric video out now 💋,655,0,1,0,46.75
2026-05-21T12:28:40.492262+00:00,UCanMxWvOoiwtjLYm08Bo8QQ,Matemáticas profe Alex,8,1,1664,149,0.072626,5911,5911,4.285714,60.438144,8,8,62.337662,1.294479,oVE7ZdxUsnI,Propiedades de la potenciación combinadas | Ejercicio 4,613,0,0.375,0.625,79
2026-05-21T12:28:40.492262+00:00,UCvPGx8qh8AkrFZW06tESvaA,Dot Dager,5,0,977,139,0.082966,10319,33662,1.313775,14.690722,2,4,31.688312,2.739496,wgtGulLPwE8,Libros de AUTOAYUDA que SÍ SIRVEN.,582,0,0.2,0.8,73.75
2026-05-21T12:28:40.492262+00:00,UCOxW1h1VV379Q8GDdUJOhgw,Mariano Trejo,3,0,951,359,0.060191,6017,25974,0.992806,10.56701,0,3,57.402597,1.48954,WsK8Ht_a9J4,"10 Lecciones que Aprendí de ""El Arte de Gastar Dinero""",517,0,0.333333,0.666667,70.25
2026-05-21T12:28:40.492262+00:00,UChl76B7zqfMcNzfMi9vJruw,Mizkif,1,0,482,482,0.084661,1767,1767,4.285714,60.438144,1,1,94.545455,0.14082,9qWGchmM7dY,"I Let My Chat Invest $300,000 to prove its all luck",482,0,0,1,46.75
2026-05-21T12:28:40.492262+00:00,UCQIUhtP5WYIx_pMG8UvMYHg,Cristina Dayz ,6,0,905,47,0.073538,8995,17521,2.200217,28.608247,2,6,28.051948,3.052632,9plSVZP3Zx8,Cómo ganar más dinero (aunque seas tonto),453,0,0,1,75.5
2026-05-21T12:28:40.492262+00:00,UCYZLVhSSwdBllvn4tw5a4uQ,Rob Paper Sheet,3,1,731,365.5,0.081594,4957,100105,0.21222,1.546392,1,2,52.467532,1.71312,POn6IRgP5-A,La INFIDELIDAD está Fuera de Control...,442,0,0,1,70.25
2026-05-21T12:28:40.492262+00:00,UCRfa8Ea9f96LGXE3nvEYm7w,Mundukos,3,0,841,256,0.063896,4808,4808,4.285714,60.438144,3,3,85.194805,0.472585,Nrv6jBHdpXM,¿Cómo organizo un viaje a Europa en 2026 por mi cuenta?,437,0,0.333333,0.666667,60.25
2026-05-21T12:28:40.492262+00:00,UC7DdEm33SyaTDtWYGO2CwdA,Physics Girl,1,0,418,418,0.069687,3472,128979,0.115368,0.773196,0,1,52.207792,1.730162,Ycdklm6W1_o,What happened to my face,418,0,1,0,66.75
2026-05-21T12:28:40.492262+00:00,UC4a-Gbdw7vOaccHmFo40b9g,Khan Academy,2,0,649,324.5,0.012392,649,649,4.285714,60.438144,2,2,99.480519,0,7StiLL99KYg,SAT Prep That Works: Why Districts Choose Khan Academy,417,0,0.5,0.5,48.5
2026-05-21T12:28:40.492262+00:00,UC7MkZfrLCeE4Xwh9h2QnN0A,Arcade's Books,2,0,582,291,0.090754,4822,33587,0.615289,4.896907,0,1,71.428571,1.005076,_twN29IEQlc,"La DECADENCIA del PENSAMIENTO CRÍTICO 🐍 ¿Crítica, adulación o ""hate""? | Arcade's Books",394,0,0,1,68.5
2026-05-21T12:28:40.492262+00:00,UCBHcMCGaiJhv-ESTcWGJPcw,NVIDIA Developer,7,2,609,44,0.049329,2312,2312,4.285714,60.438144,6,6,35.324675,2.544,sVpKonYJ4D4,How to Authenticate Agent Skills Before Execution | Nemotron Labs,329,0,0.285714,0.714286,77.25
2026-05-21T12:28:40.492262+00:00,UCv85NiROLKddHa0fBATwTzw,Victor Robles WEB,7,1,621,40,0.04918,2148,2148,4.285714,93.427835,7,7,29.61039,2.864865,i0qEwPy4dmc,OpenAI pierde dinero con ChatGPT y han hecho esto... #inteligenciaartificial #chatgpt,323,0,0.285714,0.714286,77.25
2026-05-21T12:28:40.492262+00:00,UCJkMlOu7faDgqh4PfzbpLdg,Nerdwriter1,1,0,316,316,0.055866,2241,46179,0.20798,1.28866,0,0,72.987013,0.94462,sj1y9FDJKCM,The Film That Attacks You,316,0,1,0,66.75
2026-05-21T12:28:40.492262+00:00,UCdfnfXWCGkBAx2cN2l-4u2w,Semo Historia,4,0,596,142.5,0.076392,18299,90377,0.867746,7.989691,0,3,26.233766,3.359155,gV-VoaHsy-c,El hundimiento de CDMX no es como lo cuentan #cdmx,308,0,0.5,0.5,72
2026-05-21T12:28:40.492262+00:00,UC3aj05GEEyzdOqYM5FLSFeg,midulive,3,1,476,238,0.045437,3552,63299,0.240491,2.061856,1,3,27.272727,3.104359,J6Tn0FgJ768,OpenAI y Claude crean su propia consultora,288,0,0,1,70.25
2026-05-21T12:28:40.492262+00:00,UCabaQPYxxKepWUsEVQMT4Kw,Healthcare Triage,2,0,307,153.5,0.099155,1150,1150,4.285714,33.118557,2,2,24.155844,3.507937,I1u-uVoQIe8,Why Do I have to Wait to See a Doctor? Getting Care in the US Part 1,274,0,1,0,52.25
2026-05-21T12:28:40.492262+00:00,UCpuqYFKLkcEryEieomiAv3Q,Therapy in a Nutshell,2,0,523,261.5,0.051125,6443,6443,4.285714,60.438144,2,2,74.805195,0.889081,5gfc978c_2g,Playing Uno Reverse Card on Panic Attacks,265,0,1,0,53.5
2026-05-21T12:28:40.492262+00:00,UC1m55IoeEf7LKC9s68PDHDg,DonebyLaura,1,0,257,257,0.064499,1838,18971,0.41522,2.835052,0,1,71.168831,1.018476,eYDQWSBQ47s,Creo una app con IA pero usando solo el móvil.,257,0,1,0,66.75
2026-05-21T12:28:40.492262+00:00,UCLXRGxAzeaLDGaOphqapzmg,codigofacilito,3,0,221,9,0.067552,885,885,4.285714,60.438144,2,2,81.818182,0.636364,KbIBnQBdp_o,Construye tu propio MCP de base de datos utilizando los servicios de Azure,211,0,0,1,57.75
2026-05-21T12:28:40.492262+00:00,UCsMica-v34Irf9KVTh6xx-g,Microsoft Developer,27,2,686,13,0.028335,2404,2404,4.285714,60.438144,27,27,73.246753,0.941176,KHJfukNZFUg,Agent Academy Live,207,0,0.444444,0.555556,100
2026-05-21T12:28:40.492262+00:00,UC-ktYMwvFKNmhQdps8VDrkg,Daniel Felipe Medina,2,0,140,70,0.057169,4044,6712,2.582156,30.412371,1,2,0.25974,22.217391,p57YXg-qMdM,La verdad sobre la MUERTE de los cursos online,135,0,1,0,68.5
2026-05-21T12:28:40.492262+00:00,UCXgNowiGxwwnLeQ7DXTwXPg,The Science Asylum,1,0,133,133,0.102699,1897,19295,0.421353,3.092784,0,0,58.181818,1.469352,Ehoi-h7_rgM,Is the Universe just a Machine?,133,0,1,0,60.5
2026-05-21T12:28:40.492262+00:00,UCFtEEv80fQVKkD4h1PF-Xqw,Microsoft,2,1,100,100,0.06304,100,100,4.285714,60.438144,2,2,100,,53KqVqZ39eg,Scope uses Microsoft 365 Copilot to remove barriers and empower every employee,100,0,1,0,47.25
2026-05-21T12:28:40.492262+00:00,UCIkCzk3ezlAxX5r2OFlHLaQ,julioprofe,2,1,98,98,0.09523,409,409,4.285714,60.438144,2,2,91.168831,0.257576,oaKlwpBf8yE,Operaciones con matrices | Ej. 3 #julioprofe y #casio,98,0,0,1,49.75
2026-05-21T12:28:40.492262+00:00,UCB8h5BJZmSi3k15t8FCPyvA,Vilma OS,1,0,95,95,0.078271,589,589,4.285714,60.438144,1,1,99.480519,0,c_rUerjxcZw,La verdad sobre la IA que reemplaza profesionales en 2026 - #VilmaNúñez,95,0,1,0,45.5
2026-05-21T12:28:40.492262+00:00,UCOD6LXgeBoeiUZTsPLdG-0g,Vida MRR - Programacion web,11,1,166,9,0.057282,4496,7916,2.43413,29.896907,3,11,42.857143,2.1,swsjPsze8kA,Adiós a GitHub Copilot #developers,86,0,0.272727,0.727273,84.25
2026-05-21T12:28:40.492262+00:00,UC04FyDIvYXNecpbG8gyOw4A,Meta,1,0,84,84,0.03125,241,241,4.285714,60.438144,1,1,92.987013,0.214286,qEUx-6av8lE,Jurassic Coast beach finds from @sams_natural_habitat on IG,84,0,1,0,46.75
2026-05-21T12:28:40.492262+00:00,UCSIvk78tK2TiviLQn4fSHaw,Up and Atom,1,0,76,76,0.118141,771,40602,0.081382,0.515464,0,0,68.571429,1.087344,ND9eyW5Fw0s,Could a TRILLION Monkeys Write Shakespeare Before the Universe Ends?,76,0,0,1,66.75
2026-05-21T12:28:40.492262+00:00,UCJ-DXBlPN6AIoUq3YCM8I4A,Paco Lodeiro - Academia de Inversion,2,0,92,46,0.037434,7841,7841,4.285714,60.438144,2,2,68.051948,1.102439,XKGlNSEb0mc,422. Gerunda Global con Martí Alonso y Albert Mendoza,75,0,0,1,53.5
2026-05-21T12:28:40.492262+00:00,UCiqJoWIT-vm-hJoXilFGiUQ,Inversión Inteligente - Alain Cortés,21,0,137,0,0.039918,2190,35417,0.265006,2.319588,2,19,1.818182,12.5,a9BK7d1X5tQ,NICAP SOFIPOS: estas MEJORAN… ¡y una ya está en PROBLEMAS!,62,0,0.809524,0.190476,100
2026-05-21T12:28:40.492262+00:00,UCsmEAwbV7WbYndpQKbY4Ntw,Juan Villalvazo,7,1,182,28,0.114458,3220,14315,0.964024,9.793814,3,7,22.597403,3.853659,GlgzzZEePXo,La IA Fue Un Fracaso: Cuesta Más Que Contratar Programadores,61,0,0.142857,0.857143,77.25
2026-05-21T12:28:40.492262+00:00,UCP7PV59jal4PobLeo5cSG_Q,Santiago Amat,15,1,161,8.5,0.13297,2000,11193,0.765785,6.701031,3,13,27.012987,3.181818,fbStigxrqsk,Chau Arbitraje | Bloqueos Masivos de cuentas Bancarias,60,0,0.066667,0.933333,91.25
2026-05-21T12:28:40.492262+00:00,UCpLie5obXFdf8T0NG-IRHsA,El podcast de Value School,1,0,57,57,0.052575,296,296,4.285714,60.438144,1,1,85.974026,0.457143,SqxFYSsQCls,"Capitalismo, ahorro y trabajo «duru». Una conversación con Emilio Gómez Cortina.",57,0,0,1,46.75
2026-05-21T12:28:40.492262+00:00,UC2RIppRBTTa6JBY-Zwv6lQw,El Maikini Dev,1,0,49,49,0.114068,210,685,1.313869,14.948454,0,1,82.597403,0.597015,qGa8y4tPUkc,Calificando comentarios de mis videos junto a ChatGPT,49,0,1,0,66.75
2026-05-21T12:28:40.492262+00:00,UCOQEA3qmyzFmJdi6Z137yrA,Monitor fantasma,2,0,52,26,0.098948,463,8336,0.238038,1.804124,0,1,29.090909,2.952381,mJsIzeo1Onw,Me equivoqué con el Dr Mariano Barbacid,40,0,0,1,68.5
2026-05-21T12:28:40.492262+00:00,UC4EY_qnSeAP1xGsh61eOoJA,YaleCourses,2,0,48,24,0.021163,176,176,4.285714,93.427835,2,2,80.779221,0.690909,-JrvO_jUwVU,When Spanish Learning Comes to Life: Watertown Students Visit Yale,36,0,0.5,0.5,53.5
2026-05-21T12:28:40.492262+00:00,UCgZoKiTvvpEnr1zI6Kv_i7A,ManzDev,5,1,60,15.5,0.114664,275,275,4.285714,93.427835,5,5,75.064935,0.883721,ck-g_MYrYmw,¿Sigues usando border-radius como en 2015?,25,0,0.4,0.6,70
2026-05-21T12:28:40.492262+00:00,UCfOaXuYSAQXm7CTYWD8dUXQ,MIGALA D,1,0,18,18,0.091807,190,4446,0.18315,1.030928,0,1,58.961039,1.425287,RNUjufFVGXs,El aguacate,18,0,0,1,65.5
2026-05-21T12:28:40.492262+00:00,UCHlRUpxdyDSBCbshgMCniAQ,Impulso Supremo,1,0,10,10,0.107692,34,34,4.285714,60.438144,1,1,99.480519,0,8cEGEiZFP4o,El Consejo Que Cambió la Vida de 10 Millones de Personas | Jim Rohn,10,0,1,0,45.5
2026-05-21T12:28:40.492262+00:00,UC5WjFrtBdufl6CZojX3D8dQ,Tesla,1,1,0,,0.080701,0,0,0,0.128866,1,1,100,,,,,0,0,1,38
2026-05-21T12:28:40.492262+00:00,UC8BcjeZ5Iz5hgmb_QgLRapQ,ChristianNodalVEVO,1,1,0,,0.196723,0,0,0,0.128866,1,1,100,,,,,0,1,0,38
