execution_date,video_id,views_delta,likes_delta,comments_delta,previous_views,current_views,previous_likes,current_likes,previous_comments,current_comments,is_new_video,title_changed,description_changed,tags_changed
2026-05-01T10:45:40.740554+00:00,3W1KfxQnQiU,1128,51,2,7854,8982,530,581,26,28,False,False,False,False
2026-05-01T10:45:40.740554+00:00,VKaslzzv1QM,4165,106,4,83646,87811,3077,3183,197,201,False,False,False,False
2026-05-01T10:45:40.740554+00:00,E6IrH04B8wg,107,2,0,6060,6167,91,93,9,9,False,False,False,False
2026-05-01T10:45:40.740554+00:00,SYdW3cZKdmY,791,5,3,11764,12555,289,294,7,10,False,False,False,False
2026-05-01T10:45:40.740554+00:00,TSAh8dzN0cw,86,2,0,10583,10669,241,243,3,3,False,False,False,False
2026-05-01T10:45:40.740554+00:00,DHk0gFHyHeE,1266,36,0,146459,147725,4547,4583,360,360,False,False,False,False
2026-05-01T10:45:40.740554+00:00,QSe13hyv68o,1272,18,0,30636,31908,469,487,17,17,False,False,False,False
2026-05-01T10:45:40.740554+00:00,PZ2yduZysf0,50,1,0,5851,5901,168,169,7,7,False,False,False,False
2026-05-01T10:45:40.740554+00:00,Rdfd1KAX6NU,70,2,0,7425,7495,260,262,5,5,False,False,False,False
2026-05-01T10:45:40.740554+00:00,uAOfsghz2NY,360,1,0,27705,28065,227,228,12,12,False,False,False,False
2026-05-01T10:45:40.740554+00:00,qCFEWA_Nu3k,235,5,0,24571,24806,471,476,9,9,False,False,False,False
2026-05-01T10:45:40.740554+00:00,aNfOwttNQcg,41,0,0,4364,4405,114,114,2,2,False,False,False,False
2026-05-01T10:45:40.740554+00:00,Xq-4lUaLIp8,97,3,0,7529,7626,184,187,4,4,False,False,False,False
2026-05-01T10:45:40.740554+00:00,ZB9IMq0ee0k,226,6,0,65406,65632,2888,2894,177,177,False,False,False,False
2026-05-01T10:45:40.740554+00:00,Lw3RJgDjXh0,20,2,0,7230,7250,169,171,1,1,False,False,False,False
2026-05-01T10:45:40.740554+00:00,PiKd0maLI6o,88,3,0,10277,10365,607,610,8,8,False,False,False,False
2026-05-01T10:45:40.740554+00:00,mTqDtRTKvqE,26,1,0,6339,6365,220,221,18,18,False,False,False,False
2026-05-01T10:45:40.740554+00:00,BwIlVEvq7mU,29,2,0,6835,6864,139,141,8,8,False,False,False,False
2026-05-01T10:45:40.740554+00:00,lrl7lslhv2s,45,0,0,8572,8617,297,297,3,3,False,False,False,False
2026-05-01T10:45:40.740554+00:00,BPt0fwBCDbQ,23762,282,4,322115,345877,3852,4134,104,108,False,False,False,False
2026-05-01T10:45:40.740554+00:00,EvauKuWaNmk,270,7,0,59762,60032,2791,2798,267,267,False,False,False,False
2026-05-01T10:45:40.740554+00:00,zEUstENVghI,95,1,0,12025,12120,401,402,31,31,False,False,False,False
2026-05-01T10:45:40.740554+00:00,Enic64S66_s,17,0,0,6051,6068,168,168,3,3,False,False,False,False
2026-05-01T10:45:40.740554+00:00,YldxYShWvGE,15,1,0,7144,7159,148,149,2,2,False,False,False,False
2026-05-01T10:45:40.740554+00:00,QeK4l-iH51Y,11,0,0,4365,4376,152,152,4,4,False,False,False,False
2026-05-01T10:45:40.740554+00:00,tqD_yn5Y_zQ,8,1,0,4024,4032,67,68,1,1,False,False,False,False
2026-05-01T10:45:40.740554+00:00,VjqsnOrW3AM,6070,179,12,92464,98534,2269,2448,82,94,False,False,False,False
2026-05-01T10:45:40.740554+00:00,sjbKZ4CY1Ow,11922,121,3,115388,127310,1930,2051,115,118,False,False,False,False
2026-05-01T10:45:40.740554+00:00,iaYdIU5n6vw,11288,292,35,639253,650541,11992,12284,1987,2022,False,False,False,False
2026-05-01T10:45:40.740554+00:00,Fy8H9I2kJkI,5825,57,2,311000,316825,4889,4946,281,283,False,False,False,False
2026-05-01T10:45:40.740554+00:00,AVyYMXc_t9s,470,12,1,5887,6357,390,402,32,33,False,False,True,False
2026-05-01T10:45:40.740554+00:00,HOwVuamQvTc,389,10,0,5680,6069,328,338,10,10,False,False,False,False
2026-05-01T10:45:40.740554+00:00,k0ZYVWoVWAc,775,21,13,18517,19292,832,853,186,199,False,False,True,False
2026-05-01T10:45:40.740554+00:00,ra8QknbAJs4,116,2,0,4928,5044,172,174,6,6,False,False,False,False
2026-05-01T10:45:40.740554+00:00,TpncXdKNLTQ,201,3,0,4326,4527,138,141,4,4,False,False,False,False
2026-05-01T10:45:40.740554+00:00,7m9uIc31Egw,739,17,0,5257,5996,215,232,6,6,False,False,False,False
2026-05-01T10:45:40.740554+00:00,q__FKs64J28,23,0,0,3230,3253,170,170,2,2,False,False,False,False
2026-05-01T10:45:40.740554+00:00,C9V8L2emj9M,7,0,0,3793,3800,194,194,0,0,False,False,False,False
2026-05-01T10:45:40.740554+00:00,EZLeWRbCEbA,966,28,1,34235,35201,1394,1422,81,82,False,False,False,False
2026-05-01T10:45:40.740554+00:00,QduEFho6dLg,161,3,1,8683,8844,524,527,29,30,False,False,True,False
2026-05-01T10:45:40.740554+00:00,ZhRgnBzcYHQ,4924,261,5,30544,35468,2228,2489,78,83,False,False,False,False
2026-05-01T10:45:40.740554+00:00,6WqWhSmCbXk,6846,202,10,82767,89613,3320,3522,169,179,False,False,False,False
2026-05-01T10:45:40.740554+00:00,pdNaIhcp3z4,2671,84,3,21248,23919,1069,1153,75,78,False,False,False,False
2026-05-01T10:45:40.740554+00:00,_BHe9R7pYNw,231,7,0,7179,7410,522,529,34,34,False,False,False,False
2026-05-01T10:45:40.740554+00:00,5Z4z2oEoxw8,521,19,3,27529,28050,1527,1546,74,77,False,False,False,False
2026-05-01T10:45:40.740554+00:00,0O8CF6F7CVs,0,0,0,0,0,0,0,0,0,False,False,False,False
2026-05-01T10:45:40.740554+00:00,7Ocx3WwDK_c,226,7,0,3900,4126,171,178,6,6,False,False,False,False
2026-05-01T10:45:40.740554+00:00,Cp3DxMyEBIM,10098,209,5,101397,111495,2462,2671,223,228,False,False,True,False
2026-05-01T10:45:40.740554+00:00,M_FKC2NTb24,4203,44,1,19945,24148,444,488,7,8,False,False,False,False
2026-05-01T10:45:40.740554+00:00,5zwotvZ1rl0,553,8,0,10953,11506,272,280,35,35,False,False,False,False
2026-05-01T10:45:40.740554+00:00,F1D4G7VTBnY,34,2,0,3831,3865,167,169,1,1,False,False,False,False
2026-05-01T10:45:40.740554+00:00,kp1dLUox9_Y,535,9,3,20521,21056,893,902,27,30,False,False,False,False
2026-05-01T10:45:40.740554+00:00,FR04V2DkErI,22,0,0,2252,2274,107,107,0,0,False,False,False,False
2026-05-01T10:45:40.740554+00:00,raie7EtagZk,203,1,0,10276,10479,939,940,8,8,False,False,False,False
2026-05-01T10:45:40.740554+00:00,2Z1aJVGA1-M,21,0,0,7262,7283,301,301,8,8,False,False,False,False
2026-05-01T10:45:40.740554+00:00,6cUe6qrXxJU,111,1,0,14871,14982,507,508,10,10,False,False,False,False
2026-05-01T10:45:40.740554+00:00,5DilrEUdYnY,8,1,0,4665,4673,354,355,4,4,False,False,False,False
2026-05-01T10:45:40.740554+00:00,Nq-c06vj5PM,766,20,4,22571,23337,704,724,110,114,False,False,False,False
2026-05-01T10:45:40.740554+00:00,7u0DJM1SNPs,389,2,0,20419,20808,352,354,8,8,False,False,False,False
2026-05-01T10:45:40.740554+00:00,FAerQflosns,48,1,0,7807,7855,289,290,12,12,False,False,False,False
2026-05-01T10:45:40.740554+00:00,l8F9Omk197E,32,0,0,8953,8985,282,282,5,5,False,False,False,False
2026-05-01T10:45:40.740554+00:00,IwjPma4PPTM,2763,116,1,66827,69590,3860,3976,115,116,False,False,False,False
2026-05-01T10:45:40.740554+00:00,XXZ2wOom1l0,4357,151,4,79949,84306,4019,4170,124,128,False,False,False,False
2026-05-01T10:45:40.740554+00:00,Lqq78q17jDY,21728,1006,53,287814,309542,15736,16742,1035,1088,False,False,False,False
2026-05-01T10:45:40.740554+00:00,sKME5er1OKc,15486,890,52,132916,148402,6778,7668,299,351,False,False,False,False
2026-05-01T10:45:40.740554+00:00,r6AB_e8Rk1I,5052,180,8,140795,145847,4915,5095,169,177,False,False,False,False
2026-05-01T10:45:40.740554+00:00,OkuWh46I4m4,1062,43,2,14605,15667,909,952,26,28,False,False,False,False
2026-05-01T10:45:40.740554+00:00,THMW7bXTog4,5045,407,3,167098,172143,12733,13140,142,145,False,False,False,False
2026-05-01T10:45:40.740554+00:00,uvfU2B8b4G4,1739,81,0,43311,45050,2044,2125,17,17,False,False,False,False
2026-05-01T10:45:40.740554+00:00,G9L3zK57X6Y,1050,28,0,86289,87339,4611,4639,85,85,False,False,False,False
2026-05-01T10:45:40.740554+00:00,TeheJAFWwYs,190,8,-1,7547,7737,479,487,55,54,False,False,False,False
2026-05-01T10:45:40.740554+00:00,uSjcVPbJayU,7298,400,13,303206,310504,15992,16392,961,974,False,False,False,False
2026-05-01T10:45:40.740554+00:00,au_CNv7ZBS4,183,10,0,15390,15573,977,987,29,29,False,False,False,False
2026-05-01T10:45:40.740554+00:00,UszcZZ1QZho,2175,52,0,15695,17870,634,686,26,26,False,False,False,False
2026-05-01T10:45:40.740554+00:00,UN6X2Jj-qrQ,202,6,0,8778,8980,732,738,2,2,False,False,False,False
2026-05-01T10:45:40.740554+00:00,9361MUAmA24,342,21,0,14059,14401,1036,1057,10,10,False,False,False,False
2026-05-01T10:45:40.740554+00:00,sQoa8y7eN-8,93,4,0,8232,8325,691,695,5,5,False,False,False,False
2026-05-01T10:45:40.740554+00:00,UacKz43AiDQ,186,3,0,1912,2098,52,55,1,1,False,False,False,False
2026-05-01T10:45:40.740554+00:00,9T90MfOpaZY,102,1,1,1921,2023,67,68,5,6,False,False,False,False
2026-05-01T10:45:40.740554+00:00,5qoKwHygsy8,38,1,0,3452,3490,150,151,6,6,False,False,False,False
2026-05-01T10:45:40.740554+00:00,0IGNbK4bbXA,1205,63,2,12980,14185,859,922,58,60,False,False,False,False
2026-05-01T10:45:40.740554+00:00,ppy-SwlSnEo,17,2,0,2410,2427,84,86,2,2,False,False,False,False
2026-05-01T10:45:40.740554+00:00,-bFkzPRxH4w,56,3,2,15084,15140,256,259,390,392,False,False,False,False
2026-05-01T10:45:40.740554+00:00,87jnYKGVetM,1270,43,0,28057,29327,1108,1151,12,12,False,False,False,False
2026-05-01T10:45:40.740554+00:00,zyJ1yZwX_tE,2386,43,0,38239,40625,929,972,7,7,False,False,False,False
2026-05-01T10:45:40.740554+00:00,IJJbQTVdAtE,8252,290,0,63477,71729,2054,2344,14,14,False,False,False,False
2026-05-01T10:45:40.740554+00:00,rhVEOqNhjKo,1842,40,0,28712,30554,905,945,16,16,False,False,False,False
2026-05-01T10:45:40.740554+00:00,myMj_ZfZ_xI,3013,47,0,39460,42473,964,1011,9,9,False,False,False,False
2026-05-01T10:45:40.740554+00:00,wd_xh6gSSOs,5675,237,4,51767,57442,2360,2597,45,49,False,False,False,False
2026-05-01T10:45:40.740554+00:00,p5zWy46yWxU,846,18,0,58658,59504,1183,1201,15,15,False,False,False,False
2026-05-01T10:45:40.740554+00:00,IQZiAOokKXo,1574,27,0,27145,28719,707,734,3,3,False,False,False,False
2026-05-01T10:45:40.740554+00:00,x3P8Zqux4A4,2640,65,2,51437,54077,2121,2186,14,16,False,False,False,False
2026-05-01T10:45:40.740554+00:00,7vdW8a6jEfw,510,10,0,36886,37396,1188,1198,10,10,False,False,False,False
2026-05-01T10:45:40.740554+00:00,wJwQm_aqC8U,304,9,0,25643,25947,1142,1151,7,7,False,False,False,False
2026-05-01T10:45:40.740554+00:00,I-rogofBX8c,869,18,0,23682,24551,907,925,7,7,False,False,False,False
2026-05-01T10:45:40.740554+00:00,HEW0VJx9iw0,1581,51,1,52023,53604,1939,1990,14,15,False,False,False,False
2026-05-01T10:45:40.740554+00:00,GMXWOLJHnJc,3720,136,2,63017,66737,2798,2934,27,29,False,False,False,False
2026-05-01T10:45:40.740554+00:00,gtdao7DVsBo,434,7,0,27041,27475,808,815,7,7,False,False,False,False
2026-05-01T10:45:40.740554+00:00,tveRHTJJyy8,180,6,0,21550,21730,791,797,5,5,False,False,False,False
2026-05-01T10:45:40.740554+00:00,DB1fSfulSJQ,3630,85,0,54578,58208,2227,2312,17,17,False,False,False,False
2026-05-01T10:45:40.740554+00:00,FpwEaued1Hc,293,13,0,45477,45770,2264,2277,29,29,False,False,False,False
2026-05-01T10:45:40.740554+00:00,0EqJD2o-Mnk,2525,47,3,34683,37208,837,884,53,56,False,False,False,False
2026-05-01T10:45:40.740554+00:00,Y9HJ_U3TdXk,7822,245,0,146850,154672,5568,5813,28,28,False,False,False,False
2026-05-01T10:45:40.740554+00:00,f7fbvRa4eJE,176,0,0,26561,26737,770,770,11,11,False,False,False,False
2026-05-01T10:45:40.740554+00:00,01NMf5-J_P4,1077,39,0,55279,56356,2406,2445,18,18,False,False,False,False
2026-05-01T10:45:40.740554+00:00,OuOIrxBXB0M,4294,84,0,121888,126182,2687,2771,17,17,False,False,False,False
2026-05-01T10:45:40.740554+00:00,wR8P970sqH8,201,5,0,25296,25497,988,993,9,9,False,False,False,False
2026-05-01T10:45:40.740554+00:00,664cs6FZEZo,1214,15,1,67577,68791,1951,1966,34,35,False,False,False,False
2026-05-01T10:45:40.740554+00:00,ABoKfabPQyY,5131,68,1,218920,224051,4620,4688,44,45,False,False,False,False
2026-05-01T10:45:40.740554+00:00,UQXupr6-Wmg,429,1,0,65228,65657,2074,2075,19,19,False,False,False,False
2026-05-01T10:45:40.740554+00:00,s47EWzAbZL4,347,3,0,45918,46265,1155,1158,9,9,False,False,False,False
2026-05-01T10:45:40.740554+00:00,Wj8owIKaQKQ,286,14,0,32106,32392,1657,1671,15,15,False,False,False,False
2026-05-01T10:45:40.740554+00:00,0moz0GJcIHg,224,7,0,27712,27936,1023,1030,14,14,False,False,False,False
2026-05-01T10:45:40.740554+00:00,5tW7CPAVii0,7364,164,4,218162,225526,6203,6367,132,136,False,False,False,False
2026-05-01T10:45:40.740554+00:00,vrW0swCG3Kg,351,15,0,30843,31194,1638,1653,26,26,False,False,False,False
2026-05-01T10:45:40.740554+00:00,yIUDe9YH0ac,2304,53,0,199671,201975,5500,5553,97,97,False,False,False,False
2026-05-01T10:45:40.740554+00:00,Z0uWs_W9S1A,69,0,0,14888,14957,439,439,12,12,False,False,False,False
2026-05-01T10:45:40.740554+00:00,uWOLkr7S47A,958,13,0,73390,74348,1730,1743,5,5,False,False,False,False
2026-05-01T10:45:40.740554+00:00,E7PxcFm-Xs8,92,5,0,29824,29916,1377,1382,6,6,False,False,False,False
2026-05-01T10:45:40.740554+00:00,FfMFahO2VE4,122,3,0,30798,30920,1620,1623,13,13,False,False,False,False
2026-05-01T10:45:40.740554+00:00,jq7ocNZXg_s,123,11,0,24871,24994,2566,2577,43,43,False,False,False,False
2026-05-01T10:45:40.740554+00:00,fHes8kAGJHs,370,9,0,38490,38860,1604,1613,12,12,False,False,False,False
2026-05-01T10:45:40.740554+00:00,fr78adfAnuA,4398,88,3,139448,143846,4488,4576,175,178,False,False,False,False
2026-05-01T10:45:40.740554+00:00,HnafDG2aj1I,72,1,0,29369,29441,925,926,6,6,False,False,False,False
2026-05-01T10:45:40.740554+00:00,nJ0oh5u6YbM,2115,48,0,110745,112860,3896,3944,26,26,False,False,False,False
2026-05-01T10:45:40.740554+00:00,07T7V-Szcx0,9860,274,4,396864,406724,12004,12278,196,200,False,False,False,False
2026-05-01T10:45:40.740554+00:00,gS87TtB9nk4,426,5,0,108084,108510,2271,2276,22,22,False,False,False,False
2026-05-01T10:45:40.740554+00:00,mPbb2Gk3fr4,130,0,0,53160,53290,1503,1503,6,6,False,False,False,False
2026-05-01T10:45:40.740554+00:00,CZtseHx5dAM,219,5,0,32778,32997,1095,1100,11,11,False,False,False,False
2026-05-01T10:45:40.740554+00:00,DykSRxbFZZo,57,-1,0,29104,29161,1145,1144,16,16,False,False,False,False
2026-05-01T10:45:40.740554+00:00,g47pe7T6-KE,57,1,0,25395,25452,1374,1375,11,11,False,False,False,False
2026-05-01T10:45:40.740554+00:00,0Z1lChyi2W4,33087,452,14,557552,590639,15701,16153,538,552,False,False,False,False
2026-05-01T10:45:40.740554+00:00,v_1Dhh8G84c,146738,2632,34,1379283,1526021,42175,44807,653,687,False,False,False,False
2026-05-01T10:45:40.740554+00:00,pcAJLeGAtwc,65651,1169,12,815650,881301,22543,23712,456,468,False,False,False,False
2026-05-01T10:45:40.740554+00:00,roUppNywDks,57716,755,320,714524,772240,12928,13683,5624,5944,False,False,False,False
2026-05-01T10:45:40.740554+00:00,Bcag49Fk3zA,113125,2070,25,1210813,1323938,38585,40655,397,422,False,False,False,False
2026-05-01T10:45:40.740554+00:00,0HSNPIttevk,35349,591,11,873197,908546,22055,22646,720,731,False,False,False,False
2026-05-01T10:45:40.740554+00:00,IMM5cm6xrXQ,97240,1553,29,1316221,1413461,29469,31022,757,786,False,False,False,False
2026-05-01T10:45:40.740554+00:00,0t118SCf-2w,83582,732,17,1659966,1743548,30450,31182,540,557,False,False,False,False
2026-05-01T10:45:40.740554+00:00,_WrHMsTYlOU,28669,531,27,842106,870775,22990,23521,1137,1164,False,False,False,False
2026-05-01T10:45:40.740554+00:00,-uSQcEfnKp0,43594,1096,38,537876,581470,19834,20930,613,651,False,False,False,False
2026-05-01T10:45:40.740554+00:00,S0WQP5GeTZs,28380,450,6,878824,907204,22755,23205,705,711,False,False,False,False
2026-05-01T10:45:40.740554+00:00,OwbaFLtBpkQ,19352,354,4,613362,632714,13433,13787,259,263,False,False,False,False
2026-05-01T10:45:40.740554+00:00,UncqiOQc4rI,299211,7046,129,2828357,3127568,84806,91852,1101,1230,False,False,False,False
2026-05-01T10:45:40.740554+00:00,8u7HqZJQHDM,26493,316,93,897777,924270,14134,14450,5346,5439,False,False,False,False
2026-05-01T10:45:40.740554+00:00,K9S3YgFZN9Y,17377,257,3,605964,623341,14275,14532,263,266,False,False,False,False
2026-05-01T10:45:40.740554+00:00,WeliLUboy3M,54206,728,7,1083849,1138055,17484,18212,522,529,False,False,False,False
2026-05-01T10:45:40.740554+00:00,Czf68kDF_7Y,119044,2634,73,1867802,1986846,45411,48045,810,883,False,False,False,False
2026-05-01T10:45:40.740554+00:00,kTlm_3HwRFg,6184,107,0,310954,317138,7604,7711,88,88,False,False,False,False
2026-05-01T10:45:40.740554+00:00,ucN2hf0CgI8,29244,347,1,1356169,1385413,35069,35416,336,337,False,False,False,False
2026-05-01T10:45:40.740554+00:00,up__2flbXw4,27278,310,5,847022,874300,18144,18454,428,433,False,False,False,False
2026-05-01T10:45:40.740554+00:00,msYTFQ4OIu8,14605,161,48,948432,963037,14083,14244,6632,6680,False,False,False,False
2026-05-01T10:45:40.740554+00:00,9LsgBjswQZY,6419,52,1,123497,129916,2614,2666,31,32,False,False,False,False
2026-05-01T10:45:40.740554+00:00,HRxULulg_hM,14776,377,3,855075,869851,27088,27465,348,351,False,False,False,False
2026-05-01T10:45:40.740554+00:00,5wuHYQMnYhA,18048,542,9,823637,841685,31373,31915,666,675,False,False,False,False
2026-05-01T10:45:40.740554+00:00,D4fkiQfzw_I,9703,374,21,74343,84046,3860,4234,213,234,False,False,False,False
2026-05-01T10:45:40.740554+00:00,XAQ275WwWnw,251,3,0,15160,15411,444,447,6,6,False,False,False,False
2026-05-01T10:45:40.740554+00:00,VREVC0wXPfs,373,6,0,24711,25084,669,675,3,3,False,False,False,False
2026-05-01T10:45:40.740554+00:00,MSl5mD3E7PE,465,30,1,19271,19736,1758,1788,96,97,False,False,False,False
2026-05-01T10:45:40.740554+00:00,J9p4GMskefU,476,47,2,28694,29170,2614,2661,79,81,False,False,False,False
2026-05-01T10:45:40.740554+00:00,MX1a5garnwc,367,15,0,7446,7813,525,540,87,87,False,False,False,False
2026-05-01T10:45:40.740554+00:00,v8z-clVwRxM,292,6,0,31694,31986,1008,1014,96,96,False,False,False,False
2026-05-01T10:45:40.740554+00:00,e7IyFScAa-Q,541,10,0,14726,15267,631,641,46,46,False,False,False,False
2026-05-01T10:45:40.740554+00:00,1gyuiKoSc-w,966,39,0,1815,2781,99,138,6,6,False,False,False,False
2026-05-01T10:45:40.740554+00:00,-tzJJPnAenI,499,30,0,2421,2920,108,138,0,0,False,False,False,False
2026-05-01T10:45:40.740554+00:00,vaEGXlhFrJQ,11,0,0,136,147,5,5,1,1,False,False,False,False
2026-05-01T10:45:40.740554+00:00,BYv6i1MhiRA,13,0,0,2429,2442,19,19,0,0,False,False,False,False
2026-05-01T10:45:40.740554+00:00,lYpHv3Tg0Vg,460,33,0,14810,15270,314,347,3,3,False,False,False,False
2026-05-01T10:45:40.740554+00:00,kFVzax1iFW8,7,0,0,196,203,10,10,0,0,False,False,False,False
2026-05-01T10:45:40.740554+00:00,u03PlL13QDw,124,0,0,3261,3385,47,47,0,0,False,False,False,False
2026-05-01T10:45:40.740554+00:00,bjFyP8D_XvM,2,0,0,1873,1875,134,134,0,0,False,False,False,False
2026-05-01T10:45:40.740554+00:00,dUo1R8tp6zQ,6,0,0,269,275,15,15,0,0,False,False,False,False
2026-05-01T10:45:40.740554+00:00,YPM2Fep2P3A,1,0,0,1796,1797,88,88,2,2,False,False,False,False
2026-05-01T10:45:40.740554+00:00,uJzhn5czGL4,4,0,0,1605,1609,109,109,2,2,False,False,False,False
2026-05-01T10:45:40.740554+00:00,V4tlvp9IP_8,8,0,0,174,182,21,21,3,3,False,False,False,False
2026-05-01T10:45:40.740554+00:00,dCJJcNtrNjo,7,1,0,1131,1138,72,73,0,0,False,False,False,False
2026-05-01T10:45:40.740554+00:00,WVEngsk1RuQ,5,1,0,1732,1737,79,80,0,0,False,False,False,False
2026-05-01T10:45:40.740554+00:00,IkNEALHWXUo,6,0,0,625,631,24,24,1,1,False,False,False,False
2026-05-01T10:45:40.740554+00:00,8XfsycyMf48,28,2,0,4512,4540,209,211,1,1,False,False,False,False
2026-05-01T10:45:40.740554+00:00,Tx6waClZSYM,4,0,0,2942,2946,136,136,1,1,False,False,False,False
2026-05-01T10:45:40.740554+00:00,4NHnN9EmDk0,8,0,0,350,358,27,27,2,2,False,False,False,False
2026-05-01T10:45:40.740554+00:00,UkbeRKmr5kM,412,9,0,55490,55902,663,672,13,13,False,False,False,False
2026-05-01T10:45:40.740554+00:00,vd8fb3noIgY,994,53,1,15225,16219,1279,1332,14,15,False,False,False,False
2026-05-01T10:45:40.740554+00:00,nZlhHf8vSbU,622,66,0,8170,8792,819,885,8,8,False,False,False,False
2026-05-01T10:45:40.740554+00:00,qsJSGpOs5q4,686,23,0,13028,13714,814,837,6,6,False,False,False,False
2026-05-01T10:45:40.740554+00:00,Mxv60XerzG4,478,30,1,6522,7000,456,486,15,16,False,False,False,False
2026-05-01T10:45:40.740554+00:00,pVXm6lt1F7w,1520,119,1,18046,19566,1877,1996,15,16,False,False,False,False
2026-05-01T10:45:40.740554+00:00,jIj6PuMrDGA,5516,226,4,30449,35965,2426,2652,29,33,False,False,False,False
2026-05-01T10:45:40.740554+00:00,XzkJ2WrHR2c,911,48,0,17136,18047,1048,1096,37,37,False,False,False,False
2026-05-01T10:45:40.740554+00:00,PMX-urJB7uw,33,0,0,2665,2698,232,232,6,6,False,False,False,False
2026-05-01T10:45:40.740554+00:00,MdYM6kw372Q,325,23,0,16479,16804,1048,1071,18,18,False,False,False,False
2026-05-01T10:45:40.740554+00:00,3QRWlCFdzyE,1195,42,0,15735,16930,778,820,19,19,False,False,False,False
2026-05-01T10:45:40.740554+00:00,rXs8JlFIS-U,600,16,0,16972,17572,898,914,15,15,False,False,False,False
2026-05-01T10:45:40.740554+00:00,SK8tkpErsm8,1087,30,0,20516,21603,1175,1205,15,15,False,False,False,False
2026-05-01T10:45:40.740554+00:00,RBz3O-4xBYE,304,25,3,14467,14771,1220,1245,31,34,False,False,False,False
2026-05-01T10:45:40.740554+00:00,03uRM4Uz5t8,457,23,0,18987,19444,1363,1386,37,37,False,False,False,False
2026-05-01T10:45:40.740554+00:00,rzqgWnJPamU,7,0,0,2952,2959,161,161,4,4,False,False,False,False
2026-05-01T10:45:40.740554+00:00,nLlqkXdlNsM,182,6,0,23166,23348,1042,1048,12,12,False,False,False,False
2026-05-01T10:45:40.740554+00:00,fIZkXHaOuvY,8,0,0,2519,2527,124,124,4,4,False,False,False,False
2026-05-01T10:45:40.740554+00:00,t3oZncJYgwE,16,3,0,3857,3873,355,358,6,6,False,False,False,False
2026-05-01T10:45:40.740554+00:00,h5Snd8uqih8,21,1,0,2743,2764,116,117,3,3,False,False,False,False
2026-05-01T10:45:40.740554+00:00,Z-xAO96GQtU,71,1,0,10070,10141,1115,1116,6,6,False,False,False,False
2026-05-01T10:45:40.740554+00:00,TlwFNKM1OyA,32,2,0,6176,6208,400,402,7,7,False,False,False,False
2026-05-01T10:45:40.740554+00:00,kLZUfQUWNNw,17,2,0,2217,2234,145,147,7,7,False,False,False,False
2026-05-01T10:45:40.740554+00:00,uOGqRV25LOc,9,0,0,1963,1972,99,99,2,2,False,False,False,False
2026-05-01T10:45:40.740554+00:00,FOyH5MIRyD4,187,1,0,18302,18489,1035,1036,10,10,False,False,False,False
2026-05-01T10:45:40.740554+00:00,X5MyBjZ8Jgw,128,2,0,23932,24060,1317,1319,11,11,False,False,False,False
2026-05-01T10:45:40.740554+00:00,Ux-bi7bqrUU,52,1,0,6368,6420,542,543,5,5,False,False,False,False
2026-05-01T10:45:40.740554+00:00,0xTKuxdSrRI,410,16,0,25902,26312,1016,1032,12,12,False,False,False,False
2026-05-01T10:45:40.740554+00:00,uHx1N_qFfTw,20,1,0,2871,2891,239,240,3,3,False,False,False,False
2026-05-01T10:45:40.740554+00:00,SrN39dykl7A,15,0,0,3814,3829,248,248,3,3,False,False,False,False
2026-05-01T10:45:40.740554+00:00,YY3pLnSX1W4,17,2,0,3866,3883,291,293,2,2,False,False,False,False
2026-05-01T10:45:40.740554+00:00,qO9602XOIfY,93,5,1,16170,16263,907,912,12,13,False,False,False,False
2026-05-01T10:45:40.740554+00:00,WBBOTxvDook,4,0,0,3659,3663,245,245,4,4,False,False,False,False
2026-05-01T10:45:40.740554+00:00,weyrpnOTB-A,12,0,0,3761,3773,451,451,1,1,False,False,False,False
2026-05-01T10:45:40.740554+00:00,Jlw306k4Sv0,4,0,0,2201,2205,110,110,4,4,False,False,False,False
2026-05-01T10:45:40.740554+00:00,PfdNPN9Jv6s,437,28,2,18648,19085,1476,1504,17,19,False,False,False,False
2026-05-01T10:45:40.740554+00:00,jKwIvjb9kgM,80,1,0,8165,8245,667,668,6,6,False,False,False,False
2026-05-01T10:45:40.740554+00:00,kyojR7HQsVs,22,2,0,4504,4526,268,270,7,7,False,False,False,False
2026-05-01T10:45:40.740554+00:00,8ImVuaOhTf4,56,4,0,12526,12582,962,966,15,15,False,False,False,False
2026-05-01T10:45:40.740554+00:00,dINRvKoLQ-c,154,14,1,32597,32751,1753,1767,34,35,False,False,False,False
2026-05-01T10:45:40.740554+00:00,SxYWhC51qFo,16,1,0,8132,8148,475,476,4,4,False,False,False,False
2026-05-01T10:45:40.740554+00:00,ymxpml7CipE,8,0,0,5207,5215,332,332,3,3,False,False,False,False
2026-05-01T10:45:40.740554+00:00,LikC_lxkVEg,10,0,0,6036,6046,546,546,7,7,False,False,False,False
2026-05-01T10:45:40.740554+00:00,TCGbMJYgaYA,13,1,0,4728,4741,294,295,3,3,False,False,False,False
2026-05-01T10:45:40.740554+00:00,xSS2WTAglww,6,0,0,2991,2997,225,225,7,7,False,False,False,False
2026-05-01T10:45:40.740554+00:00,tysrC1PivVE,13,0,0,3682,3695,330,330,5,5,False,False,False,False
2026-05-01T10:45:40.740554+00:00,2Ylfj8r_-V8,19,0,0,9283,9302,598,598,12,12,False,False,False,False
2026-05-01T10:45:40.740554+00:00,3wJvtiigDcg,15,0,0,2614,2629,224,224,3,3,False,False,False,False
2026-05-01T10:45:40.740554+00:00,1lx0bttCAbs,2249,102,4,32725,34974,1688,1790,31,35,False,False,False,False
2026-05-01T10:45:40.740554+00:00,AWWSm291p7c,8,1,0,4777,4785,395,396,6,6,False,False,False,False
2026-05-01T10:45:40.740554+00:00,GQtuLY1Qs1Q,4,0,0,3663,3667,124,124,4,4,False,False,False,False
2026-05-01T10:45:40.740554+00:00,izQP0WI1i9A,7,1,0,4344,4351,126,127,1,1,False,False,False,False
2026-05-01T10:45:40.740554+00:00,hx45I5QyAFw,5,0,0,7255,7260,583,583,11,11,False,False,False,False
2026-05-01T10:45:40.740554+00:00,cRKwXRLqKQM,12,0,0,3341,3353,92,92,2,2,False,False,False,False
2026-05-01T10:45:40.740554+00:00,VsjETURd7No,6,0,0,1771,1777,77,77,3,3,False,False,False,False
2026-05-01T10:45:40.740554+00:00,EJfh57hfc_E,70,4,0,20736,20806,1269,1273,24,24,False,False,False,False
2026-05-01T10:45:40.740554+00:00,vyUuhcDRcf4,81,1,0,9985,10066,397,398,7,7,False,False,False,False
2026-05-01T10:45:40.740554+00:00,9Ke8dmefEqo,54,1,0,8401,8455,575,576,7,7,False,False,False,False
2026-05-01T10:45:40.740554+00:00,50Esq3fgXzA,5,0,1,4022,4027,322,322,6,7,False,False,False,False
2026-05-01T10:45:40.740554+00:00,-rDMPyp2tvQ,6,0,0,5572,5578,413,413,5,5,False,False,False,False
2026-05-01T10:45:40.740554+00:00,tQCVAU-fZPA,5426,290,5,291994,297420,13227,13517,147,152,False,False,False,False
2026-05-01T10:45:40.740554+00:00,vW1rzDI4KhM,6,0,0,3296,3302,145,145,5,5,False,False,False,False
2026-05-01T10:45:40.740554+00:00,SZLTZDoVcfA,8,0,0,3470,3478,312,312,3,3,False,False,False,False
2026-05-01T10:45:40.740554+00:00,5aR4agCS1OM,7,0,0,6360,6367,357,357,7,7,False,False,False,False
2026-05-01T10:45:40.740554+00:00,aFvAFWzCwF8,143,8,0,22500,22643,1448,1456,39,39,False,False,False,False
2026-05-01T10:45:40.740554+00:00,m8mdQGF-Pmw,65,4,0,22966,23031,1356,1360,25,25,False,False,False,False
2026-05-01T10:45:40.740554+00:00,wm1qu3D9-ho,15,0,0,4084,4099,272,272,2,2,False,False,False,False
2026-05-01T10:45:40.740554+00:00,eoXIFY2GZTw,31,1,0,21487,21518,1552,1553,16,16,False,False,False,False
2026-05-01T10:45:40.740554+00:00,crrTHKN_R58,5801,339,28,100040,105841,7427,7766,539,567,False,False,False,False
2026-05-01T10:45:40.740554+00:00,La4ogJrxI0g,645,25,0,46537,47182,3350,3375,188,188,False,False,False,False
2026-05-01T10:45:40.740554+00:00,OEqMxMEBQQY,3912,124,3,29743,33655,1236,1360,64,67,False,False,False,False
2026-05-01T10:45:40.740554+00:00,0ShXZN7aHqA,968,72,0,5338,6306,400,472,4,4,False,False,False,False
2026-05-01T10:45:40.740554+00:00,DQiQ30VepbU,1828,87,11,17873,19701,744,831,66,77,False,False,False,False
2026-05-01T10:45:40.740554+00:00,lvw8Fe5wcBo,997,35,3,10209,11206,360,395,22,25,False,False,False,False
2026-05-01T10:45:40.740554+00:00,-txFIHA4ez8,3692,122,3,54032,57724,2491,2613,95,98,False,False,False,False
2026-05-01T10:45:40.740554+00:00,eEfZlpKPAIU,351,13,0,17390,17741,705,718,17,17,False,False,False,False
2026-05-01T10:45:40.740554+00:00,l1-D1s67YU4,716,21,1,50518,51234,2258,2279,174,175,False,False,False,False
2026-05-01T10:45:40.740554+00:00,RtCDqPRlu48,253,6,0,17021,17274,735,741,17,17,False,False,False,False
2026-05-01T10:45:40.740554+00:00,5jOtf3OIgHg,126,6,0,9057,9183,421,427,6,6,False,False,False,False
2026-05-01T10:45:40.740554+00:00,VszurX3VCPE,99,2,0,13311,13410,524,526,21,21,False,False,False,False
2026-05-01T10:45:40.740554+00:00,w9LJSjmwufQ,79,3,0,9281,9360,533,536,4,4,False,False,False,False
2026-05-01T10:45:40.740554+00:00,gGvkfd-LiKA,181,6,0,11595,11776,487,493,42,42,False,False,False,False
2026-05-01T10:45:40.740554+00:00,oYu0ZgihU8Q,61,1,0,3504,3565,125,126,8,8,False,False,False,False
2026-05-01T10:45:40.740554+00:00,5Tsi4Beca6g,124,6,0,9559,9683,411,417,21,21,False,False,False,False
2026-05-01T10:45:40.740554+00:00,AxHTi--S-sU,137,4,0,36445,36582,1926,1930,204,204,False,False,False,False
2026-05-01T10:45:40.740554+00:00,9R7IaubJFhA,41,0,0,10522,10563,571,571,30,30,False,False,False,False
2026-05-01T10:45:40.740554+00:00,ZrTIAjdcBGM,35,0,0,13360,13395,550,550,51,51,False,False,False,False
2026-05-01T10:45:40.740554+00:00,lkM12v2VZyE,361,12,1,45266,45627,1423,1435,34,35,False,False,False,False
2026-05-01T10:45:40.740554+00:00,QCcQpkBhOvI,121,5,0,12104,12225,571,576,16,16,False,False,False,False
2026-05-01T10:45:40.740554+00:00,R6VQrYkJf74,107,0,0,19547,19654,691,691,33,33,False,False,False,False
2026-05-01T10:45:40.740554+00:00,6Np0FPnWdMs,138,2,0,19483,19621,777,779,16,16,False,False,False,False
2026-05-01T10:45:40.740554+00:00,sa3zzPEnz_4,168,4,0,33922,34090,1276,1280,79,79,False,False,False,False
2026-05-01T10:45:40.740554+00:00,pgFxsauDXjc,11,0,0,7910,7921,313,313,11,11,False,False,False,False
2026-05-01T10:45:40.740554+00:00,G-i7hiu_yPU,177,19,1,7661,7838,696,715,83,84,False,False,False,False
2026-05-01T10:45:40.740554+00:00,6UPfq3KETg4,13572,268,9,140434,154006,4916,5184,110,119,False,False,False,False
2026-05-01T10:45:40.740554+00:00,-wkZoxeFIpM,211,6,0,4209,4420,341,347,9,9,False,False,False,False
2026-05-01T10:45:40.740554+00:00,6-PunI-5Ts4,987,61,1,26541,27528,2680,2741,86,87,False,False,False,False
2026-05-01T10:45:40.740554+00:00,QDZUOBnmf4Q,1320,88,1,36186,37506,3272,3360,109,110,False,False,False,False
2026-05-01T10:45:40.740554+00:00,TekYNY3eGC0,3030,184,5,104675,107705,6116,6300,192,197,False,False,False,False
2026-05-01T10:45:40.740554+00:00,OWkM5YoEhgM,982,64,2,67073,68055,5130,5194,93,95,False,False,False,False
2026-05-01T10:45:40.740554+00:00,DgX6SMZaC_8,810,65,0,46645,47455,3757,3822,65,65,False,False,False,False
2026-05-01T10:45:40.740554+00:00,OPDzJP8iWLo,289,25,0,30262,30551,2999,3024,59,59,False,False,False,False
2026-05-01T10:45:40.740554+00:00,shkHigLwBnM,30797,507,12,284861,315658,9843,10350,362,374,False,False,False,False
2026-05-01T10:45:40.740554+00:00,BOmc_wliaRg,34696,842,80,701823,736519,31114,31956,4460,4540,False,False,False,False
2026-05-01T10:45:40.740554+00:00,94PJFiyaSrs,311,4,0,36043,36354,2048,2052,136,136,False,False,False,False
2026-05-01T10:45:40.740554+00:00,rfnB9MhBI44,3942,226,5,162952,166894,11483,11709,233,238,False,False,False,False
2026-05-01T10:45:40.740554+00:00,g_7mUw6Xt2E,2708,104,5,133396,136104,6685,6789,655,660,False,False,False,False
2026-05-01T10:45:40.740554+00:00,a8LrJMGoVL4,1292,106,2,123771,125063,9175,9281,468,470,False,False,False,False
2026-05-01T10:45:40.740554+00:00,u_f8bJkfg68,345061,5746,25,2925221,3270282,91083,96829,850,875,False,False,False,False
2026-05-01T10:45:40.740554+00:00,WgcdDVIUXcI,419447,3719,9,4838239,5257686,100298,104017,306,315,False,False,False,False
2026-05-01T10:45:40.740554+00:00,UEBpQgCIFTk,9495,265,4,565479,574974,24401,24666,203,207,False,False,False,False
2026-05-01T10:45:40.740554+00:00,GmTuhpMe1oM,2309,84,0,162789,165098,10286,10370,83,83,False,False,False,False
2026-05-01T10:45:40.740554+00:00,0kHJZFOuMWc,12400,381,0,843062,855462,44508,44889,233,233,False,False,False,False
2026-05-01T10:45:40.740554+00:00,KXpgCNB6Dcs,4348,225,4,455273,459621,35245,35470,199,203,False,False,False,False
2026-05-01T10:45:40.740554+00:00,gPmmDEGCQLg,4095,295,4,275199,279294,24483,24778,448,452,False,False,False,False
2026-05-01T10:45:40.740554+00:00,hXPy19kPego,7213,420,34,109117,116330,8596,9016,682,716,False,False,False,False
2026-05-01T10:45:40.740554+00:00,yaBzATxyEYs,406,36,2,39470,39876,2963,2999,113,115,False,False,False,False
2026-05-01T10:45:40.740554+00:00,SY53rwqE2i0,331,7,0,25579,25910,1339,1346,67,67,False,False,False,False
2026-05-01T10:45:40.740554+00:00,LPTQADIf6Xk,1839,89,11,120768,122607,8023,8112,491,502,False,False,False,False
2026-05-01T10:45:40.740554+00:00,Ycdklm6W1_o,10156,507,9,289388,299544,20502,21009,578,587,False,False,False,False
2026-05-01T10:45:40.740554+00:00,iRach9lpIlg,17816,254,4,959398,977214,19523,19777,514,518,False,False,False,False
2026-05-01T10:45:40.740554+00:00,MVFd0qFB9TE,158717,4697,45,3838465,3997182,119402,124099,1503,1548,False,False,False,False
2026-05-01T10:45:40.740554+00:00,EFhMcL3Kf1c,7561,291,9,300188,307749,12706,12997,689,698,False,False,False,False
2026-05-01T10:45:40.740554+00:00,bouvNyq8xCY,822,40,0,28321,29143,1962,2002,66,66,False,False,False,False
2026-05-01T10:45:40.740554+00:00,4ZK7Ms4IZ7g,1963,6,0,21272,23235,173,179,6,6,False,False,False,False
2026-05-01T10:45:40.740554+00:00,XV4eV0wnx-c,567,22,0,18814,19381,692,714,9,9,False,False,False,False
2026-05-01T10:45:40.740554+00:00,B2ag364pRgQ,2150,52,9,61439,63589,2131,2183,388,397,False,False,False,False
2026-05-01T10:45:40.740554+00:00,1a5xOhqvm-I,308,6,0,12386,12694,393,399,13,13,False,False,False,False
2026-05-01T10:45:40.740554+00:00,bfENsVP77VQ,8346,160,33,146407,154753,3316,3476,297,330,False,False,False,False
2026-05-01T10:45:40.740554+00:00,f1rK6WfCjCQ,461,13,0,35944,36405,967,980,17,17,False,False,False,False
2026-05-01T10:45:40.740554+00:00,yemarhfhVA0,1957,115,3,106292,108249,8906,9021,548,551,False,False,False,False
2026-05-01T10:45:40.740554+00:00,TET8fTKH1e8,23553,653,10,472385,495938,20646,21299,618,628,False,False,False,False
2026-05-01T10:45:40.740554+00:00,n16KlvFN28c,300,8,0,21072,21372,1031,1039,9,9,False,False,False,False
2026-05-01T10:45:40.740554+00:00,MK-6-YuFzC4,223,6,0,14047,14270,773,779,83,83,False,False,False,False
2026-05-01T10:45:40.740554+00:00,Xf_v62TQOx4,639,16,0,67346,67985,3149,3165,339,339,False,False,False,False
2026-05-01T10:45:40.740554+00:00,40kncAedwjs,110,2,0,2390,2500,188,190,17,17,False,False,False,False
2026-05-01T10:45:40.740554+00:00,rbbMgCB90fk,42,1,0,1649,1691,110,111,5,5,False,False,False,False
2026-05-01T10:45:40.740554+00:00,Bv4wqAVZ6Ps,27,1,0,2373,2400,161,162,10,10,False,False,False,False
2026-05-01T10:45:40.740554+00:00,N14hiQw7Wdk,605,5,3,1824,2429,68,73,24,27,False,False,False,False
2026-05-01T10:45:40.740554+00:00,tLlucpJbi5E,83,0,0,744,827,20,20,2,2,False,False,False,False
2026-05-01T10:45:40.740554+00:00,saLXbA_OCkE,1,0,0,410,411,13,13,0,0,False,False,False,False
2026-05-01T10:45:40.740554+00:00,MCnA_GAeAfg,3,0,0,486,489,11,11,0,0,False,False,False,False
2026-05-01T10:45:40.740554+00:00,kLhNERKdwd4,24,0,0,839,863,20,20,1,1,False,False,False,False
2026-05-01T10:45:40.740554+00:00,YNW_D7b60I4,17,0,0,730,747,20,20,0,0,False,False,False,False
2026-05-01T10:45:40.740554+00:00,MOpYEt-XfaU,10,0,0,810,820,14,14,2,2,False,False,False,False
2026-05-01T10:45:40.740554+00:00,G1xuyxMOUNM,13,1,0,1433,1446,19,20,1,1,False,False,False,False
2026-05-01T10:45:40.740554+00:00,dA8XrnlFY5w,693,2,0,1930,2623,87,89,15,15,False,False,False,False
2026-05-01T10:45:40.740554+00:00,sZoT8IoDJTU,13,0,0,683,696,17,17,0,0,False,False,False,False
2026-05-01T10:45:40.740554+00:00,wlOrP9Q1akA,0,0,0,757,757,15,15,0,0,False,False,False,False
2026-05-01T10:45:40.740554+00:00,Mm2C9CRyDxY,1,0,0,651,652,18,18,0,0,False,False,False,False
2026-05-01T10:45:40.740554+00:00,wvJLjIR3nRI,1,0,0,685,686,23,23,0,0,False,False,False,False
2026-05-01T10:45:40.740554+00:00,nIrSjC_gsk8,1,0,0,624,625,14,14,0,0,False,False,False,False
2026-05-01T10:45:40.740554+00:00,IaUn-c8Lxss,0,0,0,579,579,16,16,0,0,False,False,False,False
2026-05-01T10:45:40.740554+00:00,fQK8Lx-oRIU,318,25,0,14802,15120,653,678,30,30,False,False,False,False
2026-05-01T10:45:40.740554+00:00,h9kh7KssnMc,4518,118,1,102113,106631,2292,2410,61,62,False,False,False,False
2026-05-01T10:45:40.740554+00:00,XyFrfcsbDGY,159,7,0,56769,56928,2392,2399,75,75,False,False,False,False
2026-05-01T10:45:40.740554+00:00,zxQJIBt9CBI,15705,524,18,119398,135103,6608,7132,276,294,False,False,False,False
2026-05-01T10:45:40.740554+00:00,Xy09nfcwZ3E,1613,46,0,32140,33753,1251,1297,5,5,False,False,False,False
2026-05-01T10:45:40.740554+00:00,-APimd6TUro,2706,30,1,26510,29216,639,669,2,3,False,False,False,False
2026-05-01T10:45:40.740554+00:00,rzHYdFYDjcQ,74,3,0,2662,2736,86,89,2,2,False,False,False,False
2026-05-01T10:45:40.740554+00:00,-5kkpHpexIA,787,13,0,30675,31462,643,656,4,4,False,False,False,False
2026-05-01T10:45:40.740554+00:00,-JTeDTLElVg,565,7,0,16879,17444,603,610,3,3,False,False,False,False
2026-05-01T10:45:40.740554+00:00,u7sbQBw3X3g,624,9,0,20906,21530,477,486,0,0,False,False,False,False
2026-05-01T10:45:40.740554+00:00,QIKiQjEMUjY,6523,108,12,212329,218852,6954,7062,706,718,False,False,False,False
2026-05-01T10:45:40.740554+00:00,_EHKT75Ir0g,13,1,0,2917,2930,173,174,2,2,False,False,False,False
2026-05-01T10:45:40.740554+00:00,wB2Kb0MiyAc,545,8,0,32821,33366,613,621,6,6,False,False,False,False
2026-05-01T10:45:40.740554+00:00,bGis_LtFRRo,5,0,0,1292,1297,40,40,0,0,False,False,False,False
2026-05-01T10:45:40.740554+00:00,UgfrzicHc80,3691,107,5,185805,189496,5874,5981,660,665,False,False,False,False
2026-05-01T10:45:40.740554+00:00,2F50vE7VUIw,6,0,0,4636,4642,441,441,4,4,False,False,False,False
2026-05-01T10:45:40.740554+00:00,qC_5K9u8nY4,7,0,0,5829,5836,181,181,1,1,False,False,False,False
2026-05-01T10:45:40.740554+00:00,WSSQ8mtQicE,6,0,0,3995,4001,125,125,0,0,False,False,False,False
2026-05-01T10:45:40.740554+00:00,jdrW-vJOD1w,1212,19,1,12534,13746,742,761,29,30,False,False,False,False
2026-05-01T10:45:40.740554+00:00,6AKlPLtjBR8,649,25,1,14307,14956,750,775,24,25,False,False,False,False
2026-05-01T10:45:40.740554+00:00,ZjtJALByo70,691,34,0,9098,9789,546,580,9,9,False,False,False,False
2026-05-01T10:45:40.740554+00:00,0VjrLsr61pk,4485,97,3,131694,136179,4964,5061,326,329,False,False,False,False
2026-05-01T10:45:40.740554+00:00,uay_qpfTJOE,196,2,0,3701,3897,87,89,3,3,False,False,False,False
2026-05-01T10:45:40.740554+00:00,AXvou3mSGQA,1259,7,1,31469,32728,1075,1082,42,43,False,False,False,False
2026-05-01T10:45:40.740554+00:00,Zu3g28TTetU,337,21,5,47992,48329,2331,2352,175,180,False,False,False,False
2026-05-01T10:45:40.740554+00:00,MbX7gs6huVE,372,2,0,12806,13178,600,602,14,14,False,False,False,False
2026-05-01T10:45:40.740554+00:00,ckyeC880OPA,1486,12,0,46012,47498,1650,1662,38,38,False,False,False,False
2026-05-01T10:45:40.740554+00:00,AzNb2nQrM7U,4784,149,4,36049,40833,2143,2292,293,297,False,False,False,False
2026-05-01T10:45:40.740554+00:00,q1l42BPzbIk,3371,183,19,101481,104852,9075,9258,1269,1288,False,False,False,False
2026-05-01T10:45:40.740554+00:00,3LnNwS6rqk8,31818,1393,26,343900,375718,21452,22845,658,684,False,False,False,False
2026-05-01T10:45:40.740554+00:00,AxM96v9ZCzI,1031,33,0,64037,65068,1678,1711,12,12,False,False,False,False
2026-05-01T10:45:40.740554+00:00,4vHF2qU89Jo,1732,121,9,63543,65275,6629,6750,424,433,False,False,False,False
2026-05-01T10:45:40.740554+00:00,-Ap6qWvqk0I,445,49,2,18605,19050,2586,2635,144,146,False,False,False,False
2026-05-01T10:45:40.740554+00:00,na5Enw8P18A,5430,180,5,157522,162952,9519,9699,289,294,False,False,False,False
2026-05-01T10:45:40.740554+00:00,UM9dcnJXX0k,27777,894,116,283633,311410,12762,13656,3129,3245,False,False,False,False
2026-05-01T10:45:40.740554+00:00,4IeYytwcpuQ,2428,62,5,97949,100377,6032,6094,192,197,False,False,False,False
2026-05-01T10:45:40.740554+00:00,xO5diVmgE8Y,1123,20,6,47235,48358,3192,3212,340,346,False,False,False,False
2026-05-01T10:45:40.740554+00:00,_twN29IEQlc,2941,210,20,25445,28386,2555,2765,220,240,False,False,False,False
2026-05-01T10:45:40.740554+00:00,PN8bHAr0f1M,5800,87,0,158139,163939,4160,4247,63,63,False,False,False,False
2026-05-01T10:45:40.740554+00:00,iq599kyAjVA,390,7,0,146165,146555,3858,3865,80,80,False,False,False,False
2026-05-01T10:45:40.740554+00:00,48hHo2WcAQI,32333,2305,394,385966,418299,32562,34867,2848,3242,False,False,False,False
2026-05-01T10:45:40.740554+00:00,NlW_R21cBXs,4933,363,21,193771,198704,14998,15361,730,751,False,False,False,False
2026-05-01T10:45:40.740554+00:00,Cs1nC8kqS5k,1312,42,6,44490,45802,3022,3064,257,263,False,False,False,False
2026-05-01T10:45:40.740554+00:00,XX7hskkX1AA,1432,54,0,87824,89256,3985,4039,124,124,False,False,False,False
2026-05-01T10:45:40.740554+00:00,vTXoE7BLv9s,6160,445,25,255735,261895,22961,23406,706,731,False,False,False,False
2026-05-01T10:45:40.740554+00:00,8Uk97zU2GCg,3096,98,7,236130,239226,12341,12439,1487,1494,False,False,False,False
2026-05-01T10:45:40.740554+00:00,tg0LuGGeOPA,836,37,0,117395,118231,7061,7098,211,211,False,False,False,False
2026-05-01T10:45:40.740554+00:00,SZ8r5VKtGes,8133,477,26,353038,361171,25649,26126,1789,1815,False,False,False,False
2026-05-01T10:45:40.740554+00:00,PCAPjDDY-h4,294,9,3,64520,64814,4845,4854,528,531,False,False,False,False
2026-05-01T10:45:40.740554+00:00,nHH771Vtkxw,3784,309,1,347224,351008,28240,28549,734,735,False,False,False,False
2026-05-01T10:45:40.740554+00:00,GybLbhXj2Nw,7480,325,40,141923,149403,10828,11153,1459,1499,False,False,False,False
2026-05-01T10:45:40.740554+00:00,x2r3FTy9HHE,8249,377,25,243393,251642,15796,16173,1060,1085,False,False,False,False
2026-05-01T10:45:40.740554+00:00,AHyZdLVYJfc,2733,183,27,179321,182054,16331,16514,2180,2207,False,False,False,False
2026-05-01T10:45:40.740554+00:00,x0HFad-M2iE,749,40,0,21464,22213,2150,2190,34,34,False,False,False,False
2026-05-01T10:45:40.740554+00:00,y3HkZSayX2s,2023,125,1,13327,15350,696,821,17,18,False,False,False,False
2026-05-01T10:45:40.740554+00:00,pqIZk9qrBEM,524,15,0,19419,19943,1395,1410,64,64,False,False,False,False
2026-05-01T10:45:40.740554+00:00,Q9qmcTjw89Q,76,3,0,24673,24749,839,842,11,11,False,False,False,False
2026-05-01T10:45:40.740554+00:00,h_G5spN1nJk,60,0,1,18354,18414,1163,1163,20,21,False,False,False,False
2026-05-01T10:45:40.740554+00:00,MqpQhyjFZQU,13528,419,19,191506,205034,8220,8639,487,506,False,False,False,False
2026-05-01T10:45:40.740554+00:00,NM-bwZZoX80,2531,91,2,76007,78538,3889,3980,230,232,False,False,False,False
2026-05-01T10:45:40.740554+00:00,vm8Yn0BN-TQ,46,3,0,5967,6013,288,291,25,25,False,False,False,False
2026-05-01T10:45:40.740554+00:00,6q8iEtd0IGE,109,3,0,1884,1993,137,140,10,10,False,False,False,False
2026-05-01T10:45:40.740554+00:00,SHPKe7pGqMk,44,0,0,6303,6347,314,314,11,11,False,False,False,False
2026-05-01T10:45:40.740554+00:00,-0FsgHxwxgQ,1973,50,1,74989,76962,2810,2860,115,116,False,False,False,False
2026-05-01T10:45:40.740554+00:00,krqt6eg3UoI,1685,39,1,57220,58905,2432,2471,135,136,False,False,False,False
2026-05-01T10:45:40.740554+00:00,HyTkdC8bhCg,35,0,0,5578,5613,269,269,15,15,False,False,False,False
2026-05-01T10:45:40.740554+00:00,FjxyqtLuh_M,28,0,0,7288,7316,333,333,20,20,False,False,False,False
2026-05-01T10:45:40.740554+00:00,sPHe-L95K0o,136,1,0,1489,1625,26,27,10,10,False,False,False,False
2026-05-01T10:45:40.740554+00:00,KW2YQ1C0ECs,11,0,0,646,657,66,66,21,21,False,False,False,False
2026-05-01T10:45:40.740554+00:00,2q62qBqugJE,11,0,0,889,900,89,89,67,67,False,False,False,False
2026-05-01T10:45:40.740554+00:00,wFTojQEC2eE,27,1,0,1167,1194,98,99,30,30,False,False,False,False
2026-05-01T10:45:40.740554+00:00,zj0BKLv9r8Y,4777,101,16,84519,89296,3702,3803,530,546,False,False,False,False
2026-05-01T10:45:40.740554+00:00,kijJaXVri7Q,35756,1556,32,636576,672332,45099,46655,1381,1413,False,False,False,False
2026-05-01T10:45:40.740554+00:00,UUzxEVhRQgQ,12782,790,12,682535,695317,59775,60565,2310,2322,False,False,False,False
2026-05-01T10:45:40.740554+00:00,tbvteFr4SPQ,25252,1078,51,1320673,1345925,81771,82849,7266,7317,False,False,False,False
2026-05-01T10:45:40.740554+00:00,_9bYQ2tvc_s,4919,264,4,221177,226096,16750,17014,561,565,False,False,False,False
2026-05-01T10:45:40.740554+00:00,3skIuC1lP00,1762,87,1,11744,13506,611,698,18,19,False,False,False,False
2026-05-01T10:45:40.740554+00:00,L8_m7pOI2-A,969,21,2,82689,83658,3949,3970,424,426,False,False,False,False
2026-05-01T10:45:40.740554+00:00,-6t20SnbOyc,470,14,1,72437,72907,4172,4186,218,219,False,False,False,False
2026-05-01T10:45:40.740554+00:00,9dIy1d0jmXw,98,3,1,11529,11627,449,452,58,59,False,False,False,False
2026-05-01T10:45:40.740554+00:00,TfojYStTlZE,4853,392,9,90341,95194,10043,10435,619,628,False,False,False,False
2026-05-01T10:45:40.740554+00:00,EnLpF9i3I4I,192,10,0,5507,5699,393,403,4,4,False,False,False,False
2026-05-01T10:45:40.740554+00:00,0YCyZKuGPmA,145,10,0,7766,7911,534,544,9,9,False,False,False,False
2026-05-01T10:45:40.740554+00:00,7y8W9bita7o,58,2,0,4218,4276,343,345,7,7,False,False,False,False
2026-05-01T10:45:40.740554+00:00,5cynqLNd1gA,34,5,0,4869,4903,458,463,10,10,False,False,False,False
2026-05-01T10:45:40.740554+00:00,5ov8sBSV-pc,426,20,0,3240,3666,295,315,9,9,False,False,False,False
2026-05-01T10:45:40.740554+00:00,rg1PhRvmFXk,155,7,1,3499,3654,425,432,16,17,False,False,False,False
2026-05-01T10:45:40.740554+00:00,TUSbI3pqiCM,1251,69,1,15942,17193,1201,1270,25,26,False,False,False,False
2026-05-01T10:45:40.740554+00:00,kf9ghd5-VII,11449,561,13,227855,239304,17334,17895,860,873,False,False,False,False
2026-05-01T10:45:40.740554+00:00,dVb9vyCwM2s,2758,123,5,184466,187224,11618,11741,494,499,False,False,False,False
2026-05-01T10:45:40.740554+00:00,ZOPXzlpBVoM,3230,126,6,110402,113632,7183,7309,590,596,False,False,False,False
2026-05-01T10:45:40.740554+00:00,dYJM9jmLBzY,1112,81,3,160494,161606,16720,16801,791,794,False,False,False,False
2026-05-01T10:45:40.740554+00:00,CZe8DucT3qA,1519,74,1,240981,242500,17290,17364,1003,1004,False,False,False,False
2026-05-01T10:45:40.740554+00:00,H3lUaL6-XQQ,2533,107,3,191664,194197,11326,11433,654,657,False,False,False,False
2026-05-01T10:45:40.740554+00:00,X9fGa-F_ars,376,22,0,157061,157437,10790,10812,453,453,False,False,False,False
2026-05-01T10:45:40.740554+00:00,5ymn2oV1Zls,816,42,0,302984,303800,20554,20596,1134,1134,False,False,False,False
2026-05-01T10:45:40.740554+00:00,39czcByvq7c,62795,863,59,521391,584186,12689,13552,1404,1463,False,False,False,False
2026-05-01T10:45:40.740554+00:00,EGTF9mGda4U,13130,541,8,522329,535459,29137,29678,382,390,False,False,False,False
2026-05-01T10:45:40.740554+00:00,vNXFk8iGHk8,25378,1193,5,444396,469774,24989,26182,309,314,False,False,False,False
2026-05-01T10:45:40.740554+00:00,wEb6ULf3TzU,12316,582,7,537345,549661,36008,36590,453,460,False,False,False,False
2026-05-01T10:45:40.740554+00:00,wy3a_xJI3so,46722,1747,9,747435,794157,46454,48201,607,616,False,False,False,False
2026-05-01T10:45:40.740554+00:00,DYkyYUjOZTk,32930,1277,2,1503457,1536387,84251,85528,541,543,False,False,False,False
2026-05-01T10:45:40.740554+00:00,gdjCR9h1yGc,81555,2867,33,2267806,2349361,130124,132991,2160,2193,False,False,False,False
2026-05-01T10:45:40.740554+00:00,W41XcEogOB0,162177,6271,50,3224187,3386364,151058,157329,1366,1416,False,False,False,False
2026-05-01T10:45:40.740554+00:00,dhbt8y_LXQY,7986,292,1,479719,487705,24150,24442,334,335,False,False,False,False
2026-05-01T10:45:40.740554+00:00,aZVcAlzBIp4,21603,245,3,712026,733629,14326,14571,1306,1309,False,False,True,False
2026-05-01T10:45:40.740554+00:00,Hk-ARbCTKzM,195708,5779,34,4977895,5173603,224443,230222,1239,1273,False,False,False,False
2026-05-01T10:45:40.740554+00:00,KGeCwEOLPGE,47094,1613,6,1884032,1931126,112542,114155,641,647,False,False,False,False
2026-05-01T10:45:40.740554+00:00,eBbqRceO2qY,25791,850,10,1277681,1303472,70597,71447,1110,1120,False,False,False,False
2026-05-01T10:45:40.740554+00:00,UPbaPjDGQIE,28014,789,5,2250417,2278431,118752,119541,1168,1173,False,False,False,False
2026-05-01T10:45:40.740554+00:00,fpmYvXCzO1c,14428,453,7,1169560,1183988,64006,64459,1052,1059,False,False,False,False
2026-05-01T10:45:40.740554+00:00,XfY_L8MLOsU,6315,203,0,372744,379059,16787,16990,246,246,False,False,False,False
2026-05-01T10:45:40.740554+00:00,rk2b7fH_Gcc,2638,151,1,38861,41499,3462,3613,188,189,False,False,False,False
2026-05-01T10:45:40.740554+00:00,31t_CBePs34,119003,2515,28,802397,921400,38862,41377,580,608,False,False,False,False
2026-05-01T10:45:40.740554+00:00,ktkpd9A8MD8,58793,2171,97,346966,405759,22828,24999,1371,1468,False,False,False,False
2026-05-01T10:45:40.740554+00:00,vmRbevilfpU,366117,7815,57,6437887,6804004,224098,231913,1538,1595,False,False,False,False
2026-05-01T10:45:40.740554+00:00,NLrfMQ0dqpQ,41,-1,3,3189,3230,231,230,103,106,False,False,False,False
2026-05-01T10:45:40.740554+00:00,W1js1spTUPs,77,1,0,2589,2666,60,61,1,1,False,False,False,False
2026-05-01T10:45:40.740554+00:00,ZVnXmeZZDw0,27,0,0,4181,4208,95,95,3,3,False,False,False,False
2026-05-01T10:45:40.740554+00:00,OHGtOI47r4M,17,0,0,5434,5451,159,159,2,2,False,False,False,False
2026-05-01T10:45:40.740554+00:00,NkWtrW-9GDY,282,15,1,5137,5419,338,353,17,18,False,False,False,False
2026-05-01T10:45:40.740554+00:00,uZ6Nbwp8GtU,247,6,0,10270,10517,513,519,15,15,False,False,False,False
2026-05-01T10:45:40.740554+00:00,jjSaUeqJi4s,212,4,0,16845,17057,476,480,33,33,False,False,False,False
2026-05-01T10:45:40.740554+00:00,K38w2QlgHPQ,641,19,0,11000,11641,641,660,23,23,False,False,False,False
2026-05-01T10:45:40.740554+00:00,U14_qm5y38o,4657,202,3,107678,112335,4979,5181,239,242,False,False,False,False
2026-05-01T10:45:40.740554+00:00,T34ygnCahZc,1738,36,1,38166,39904,1323,1359,110,111,False,False,False,False
2026-05-01T10:45:40.740554+00:00,S3JuEF7RQ5k,851,15,0,62214,63065,1722,1737,48,48,False,False,False,False
2026-05-01T10:45:40.740554+00:00,xUWqMdypNsM,175,7,0,13550,13725,768,775,29,29,False,False,False,False
2026-05-01T10:45:40.740554+00:00,pe_HkAV9yJM,86,4,0,13993,14079,677,681,18,18,False,False,False,False
2026-05-01T10:45:40.740554+00:00,qGa8y4tPUkc,52,4,0,3886,3938,443,447,44,44,False,False,False,False
2026-05-01T10:45:40.740554+00:00,wnoSOSgBNHk,3540,117,0,26829,30369,1181,1298,34,34,False,False,False,False
2026-05-01T10:45:40.740554+00:00,IiPyKNs5dtg,16,2,0,3460,3476,141,143,13,13,False,False,False,False
2026-05-01T10:45:40.740554+00:00,1WQetpMA8-k,51,3,0,6506,6557,286,289,13,13,False,False,False,False
2026-05-01T10:45:40.740554+00:00,bFO0uAMPx1g,2748,61,9,55625,58373,1460,1521,240,249,False,False,False,False
2026-05-01T10:45:40.740554+00:00,evVs-Jtor50,301,5,5,58886,59187,1726,1731,296,301,False,False,False,False
2026-05-01T10:45:40.740554+00:00,g8NWmUdMh_E,57,1,1,20514,20571,309,310,23,24,False,False,False,False
2026-05-01T10:45:40.740554+00:00,ITT9xWeicWM,104,2,1,53779,53883,1402,1404,196,197,False,False,False,False
2026-05-01T10:45:40.740554+00:00,i6WQdQsE0kc,8,2,0,10430,10438,214,216,19,19,False,False,False,False
2026-05-01T10:45:40.740554+00:00,hrIY-clbdg8,89,1,1,82370,82459,1896,1897,361,362,False,False,False,False
2026-05-01T10:45:40.740554+00:00,95KqKaDsIAM,2772,73,3,32883,35655,1628,1701,96,99,False,False,False,False
2026-05-01T10:45:40.740554+00:00,F4ZxeuNDoUw,151,9,1,11880,12031,508,517,21,22,False,False,False,False
2026-05-01T10:45:40.740554+00:00,oeymdn1d4qg,228,31,2,7037,7265,561,592,26,28,False,False,False,False
2026-05-01T10:45:40.740554+00:00,5BbGrGFI2gQ,2044,299,3,11975,14019,2099,2398,31,34,False,False,False,False
2026-05-01T10:45:40.740554+00:00,ERxzxl6fXbw,463,15,0,13923,14386,927,942,19,19,False,False,False,False
2026-05-01T10:45:40.740554+00:00,nxCFXdIgxmw,79,1,0,9443,9522,443,444,37,37,False,False,False,False
2026-05-01T10:45:40.740554+00:00,8MhnMHlXk7Q,51,4,2,5172,5223,354,358,32,34,False,False,False,False
2026-05-01T10:45:40.740554+00:00,OkVrrVAG9yg,336,18,5,31309,31645,2492,2510,471,476,False,False,False,False
2026-05-01T10:45:40.740554+00:00,nOR-IY0SnEY,1336,94,6,38984,40320,2362,2456,151,157,False,False,False,False
2026-05-01T10:45:40.740554+00:00,seu69-hMmGw,193,16,0,12120,12313,1078,1094,105,105,False,False,False,False
2026-05-01T10:45:40.740554+00:00,oXKkhajzwgE,499,47,1,14152,14651,1107,1154,109,110,False,False,False,False
2026-05-01T10:45:40.740554+00:00,rWwPAnF8Qeo,28,2,0,8797,8825,579,581,98,98,False,False,False,False
2026-05-01T10:45:40.740554+00:00,XvLttG6zZck,10,2,0,15858,15868,721,723,92,92,False,False,False,False
2026-05-01T10:45:40.740554+00:00,6_o0OElprPo,40,2,0,2157,2197,96,98,28,28,False,False,False,False
2026-05-01T10:45:40.740554+00:00,d4AaggbJACU,14,1,0,1081,1095,102,103,2,2,False,False,False,False
2026-05-01T10:45:40.740554+00:00,jr8lgZvzA34,11,0,0,7971,7982,202,202,51,51,False,False,False,False
2026-05-01T10:45:40.740554+00:00,yqwGsf5XVkI,28,0,0,5980,6008,247,247,67,67,False,False,False,False
2026-05-01T10:45:40.740554+00:00,_O6ICkmg1Zg,479,13,0,9722,10201,256,269,9,9,False,False,False,False
2026-05-01T10:45:40.740554+00:00,Zqmsoqo2fJs,279,12,0,4298,4577,214,226,4,4,False,False,False,False
2026-05-01T10:45:40.740554+00:00,2FdfXwODkr4,416,6,1,25466,25882,593,599,10,11,False,False,False,False
2026-05-01T10:45:40.740554+00:00,HgD5P0gQxOk,148,3,0,11727,11875,274,277,5,5,False,False,False,False
2026-05-01T10:45:40.740554+00:00,woNfdYrmVGw,124,2,0,10407,10531,339,341,3,3,False,False,False,False
2026-05-01T10:45:40.740554+00:00,sujVZ7316qo,93,1,0,17040,17133,461,462,6,6,False,False,False,False
2026-05-01T10:45:40.740554+00:00,vcL1MMmXeO8,33,0,0,10294,10327,225,225,6,6,False,False,False,False
2026-05-01T10:45:40.740554+00:00,T7_l896OH20,9535,536,64,277148,286683,29583,30119,4196,4260,False,False,False,False
2026-05-01T10:45:40.740554+00:00,0SSctcuOy0o,2080,113,8,17937,20017,1467,1580,60,68,False,False,False,False
2026-05-01T10:45:40.740554+00:00,-IhdnUzV64Y,2315,122,11,166867,169182,11546,11668,889,900,False,False,False,False
2026-05-01T10:45:40.740554+00:00,4RmcHqjzw-A,110,8,0,11756,11866,1046,1054,305,305,False,False,False,False
2026-05-01T10:45:40.740554+00:00,er7v-GJj_V0,24453,1282,53,444551,469004,30091,31373,1718,1771,False,False,False,False
2026-05-01T10:45:40.740554+00:00,-pNi4dh7VFo,13653,574,11,360636,374289,21705,22279,375,386,False,False,False,False
2026-05-01T10:45:40.740554+00:00,EXOQ7vN2NXk,1327,58,6,19282,20609,913,971,87,93,False,False,False,False
2026-05-01T10:45:40.740554+00:00,L7fVqlOzegQ,572,22,1,59550,60122,2895,2917,155,156,False,False,False,False
2026-05-01T10:45:40.740554+00:00,DWt3zfqtI6g,463,9,0,13260,13723,419,428,8,8,False,False,False,False
2026-05-01T10:45:40.740554+00:00,pVwkpXd5PCA,268,2,0,16796,17064,438,440,9,9,False,False,False,False
2026-05-01T10:45:40.740554+00:00,LLK879SXq_w,31073,479,83,111963,143036,2226,2705,437,520,False,False,False,False
2026-05-01T10:45:40.740554+00:00,VvBy9AkhR2w,187,1,0,5157,5344,187,188,3,3,False,False,False,False
2026-05-01T10:45:40.740554+00:00,ax0ogeQpq3E,610,11,2,16944,17554,784,795,18,20,False,False,False,False
2026-05-01T10:45:40.740554+00:00,H1fy1Brpa3Q,85,1,0,9048,9133,477,478,18,18,False,False,False,False
2026-05-01T10:45:40.740554+00:00,erf6YdpSakA,98,5,0,11938,12036,397,402,5,5,False,False,False,False
2026-05-01T10:45:40.740554+00:00,RNi5EAKHQ_I,27,0,0,4395,4422,126,126,4,4,False,False,False,False
2026-05-01T10:45:40.740554+00:00,oqoBSeL5GIU,10151,279,32,217031,227182,7331,7610,426,458,False,False,False,False
2026-05-01T10:45:40.740554+00:00,PnpHwhTWw0c,116380,1749,-6,1054459,1170839,23137,24886,2389,2383,False,False,False,False
2026-05-01T10:45:40.740554+00:00,tUmd3tWCDKs,7430,114,5,136881,144311,3349,3463,170,175,False,False,False,False
2026-05-01T10:45:40.740554+00:00,8hN5PF2oXGs,6133,115,4,181028,187161,4959,5074,77,81,False,False,False,False
2026-05-01T10:45:40.740554+00:00,3OUrr_2UCYs,17003,553,5,929875,946878,23110,23663,687,692,False,False,False,False
2026-05-01T10:45:40.740554+00:00,m-nnyNZ0TQ0,67955,1153,54,1861355,1929310,38434,39587,2569,2623,False,False,False,False
2026-05-01T10:45:40.740554+00:00,cdOcjUyQr8A,1429,51,0,190441,191870,8089,8140,172,172,False,False,False,False
2026-05-01T10:45:40.740554+00:00,XsY6iChNzf0,80815,1538,7,860320,941135,28758,30296,268,275,False,False,False,False
2026-05-01T10:45:40.740554+00:00,VsLOWe6VuyQ,20391,410,17,698564,718955,19246,19656,1151,1168,False,False,False,False
2026-05-01T10:45:40.740554+00:00,3era1_feC3U,20759,361,0,944874,965633,27742,28103,210,210,False,False,False,False
2026-05-01T10:45:40.740554+00:00,XFpBgNMBNNI,4692,164,3,326582,331274,13922,14086,792,795,False,False,False,False
2026-05-01T10:45:40.740554+00:00,BdUzhVM5w1U,75787,1238,11,2315702,2391489,65005,66243,615,626,False,False,False,False
2026-05-01T10:45:40.740554+00:00,ERWIJPTNZVM,28305,666,20,990968,1019273,35456,36122,1418,1438,False,False,False,False
2026-05-01T10:45:40.740554+00:00,PoHZWjU54jY,80321,1549,19,1810596,1890917,69489,71038,522,541,False,False,False,False
2026-05-01T10:45:40.740554+00:00,DSRfs1qKWR0,6947,123,6,421790,428737,13281,13404,883,889,False,False,False,False
2026-05-01T10:45:40.740554+00:00,GXeBi91SkIw,14216,538,15,591085,605301,24898,25436,1709,1724,False,False,False,False
2026-05-01T10:45:40.740554+00:00,YPboGQjMxNY,6546,72,0,276324,282870,6783,6855,138,138,False,False,False,False
2026-05-01T10:45:40.740554+00:00,F1gM7N-WXdU,6094,132,3,360174,366268,12965,13097,930,933,False,False,False,False
2026-05-01T10:45:40.740554+00:00,8QsAx7s9PmQ,17493,172,1,1260929,1278422,32588,32760,448,449,False,False,False,False
2026-05-01T10:45:40.740554+00:00,9QKOkpu78CQ,858,50,0,95114,95972,7582,7632,127,127,False,False,False,False
2026-05-01T10:45:40.740554+00:00,rc-xQnupse0,36021,471,18,376190,412211,12433,12904,565,583,False,False,False,False
2026-05-01T10:45:40.740554+00:00,z-7AhJ55htQ,1093,29,2,404554,405647,13257,13286,866,868,False,False,False,False
2026-05-01T10:45:40.740554+00:00,B18aH00d8oE,719,15,3,277322,278041,12169,12184,759,762,False,False,False,False
2026-05-01T10:45:40.740554+00:00,2JhSWzxzLXA,1927,27,2,201214,203141,7957,7984,571,573,False,False,False,False
2026-05-01T10:45:40.740554+00:00,z7Qp9Q_Br88,68826,3399,79,466838,535664,26195,29594,704,783,False,False,False,False
2026-05-01T10:45:40.740554+00:00,FZbMPtLRr00,13214,356,2,540011,553225,20959,21315,851,853,False,False,False,False
2026-05-01T10:45:40.740554+00:00,dl0-TveDDGA,39608,1283,34,1656570,1696178,83311,84594,3185,3219,False,False,False,False
2026-05-01T10:45:40.740554+00:00,FYMdllTCrc0,36157,849,12,713980,750137,25640,26489,920,932,False,False,False,False
2026-05-01T10:45:40.740554+00:00,Su0aCV35IFM,634054,16586,130,3589961,4224015,166057,182643,1427,1557,False,False,False,False
2026-05-01T10:45:40.740554+00:00,pUlUgkaTQZg,92442,3403,33,1418351,1510793,77016,80419,850,883,False,False,False,False
2026-05-01T10:45:40.740554+00:00,dNNyCZwEa6k,104331,4428,35,2178847,2283178,152430,156858,1786,1821,False,False,False,False
2026-05-01T10:45:40.740554+00:00,vgwG6e9TFcw,75787,2668,45,1314643,1390430,70333,73001,1137,1182,False,False,False,False
2026-05-01T10:45:40.740554+00:00,Cr7oGnSzmb4,49303,1361,4,1839061,1888364,94762,96123,552,556,False,False,False,False
2026-05-01T10:45:40.740554+00:00,XeN7wKfDOPk,10240,305,62,136448,146688,8552,8857,1448,1510,False,False,False,False
2026-05-01T10:45:40.740554+00:00,Ff0AYRWrnGY,1964,95,21,185413,187377,11852,11947,2610,2631,False,False,False,False
2026-05-01T10:45:40.740554+00:00,U4gpio58908,1521,44,12,232077,233598,12054,12098,1411,1423,False,False,False,False
2026-05-01T10:45:40.740554+00:00,WEnvorobhEE,4832,139,27,684204,689036,33304,33443,8123,8150,False,False,False,False
2026-05-01T10:45:40.740554+00:00,kH_bSvf7EVA,34617,1115,121,377853,412470,18571,19686,2704,2825,False,False,False,False
2026-05-01T10:45:40.740554+00:00,QfUb5MEAOXA,34609,812,55,483242,517851,16371,17183,1256,1311,False,True,False,False
2026-05-01T10:45:40.740554+00:00,J7ieKmP96Hc,6765,190,5,882880,889645,28260,28450,1080,1085,False,False,False,False
2026-05-01T10:45:40.740554+00:00,NuoEsHIW5JA,1996,52,2,83871,85867,3231,3283,133,135,False,False,False,False
2026-05-01T10:45:40.740554+00:00,Cd5EHfRerGI,4233,211,10,208216,212449,15665,15876,2064,2074,False,False,False,False
2026-05-01T10:45:40.740554+00:00,IBBboS2nK3c,605,15,0,2740,3345,90,105,3,3,False,False,False,False
2026-05-01T10:45:40.740554+00:00,iS1jGgfO9Z0,513,30,0,5146,5659,346,376,5,5,False,False,False,False
2026-05-01T10:45:40.740554+00:00,0dwlHNDdn2s,2801,121,1,10734,13535,549,670,3,4,False,False,False,False
2026-05-01T10:45:40.740554+00:00,if955Z_s4Ts,23411,373,5,187219,210630,4495,4868,52,57,False,False,False,False
2026-05-01T10:45:40.740554+00:00,1VSBgPn28zA,10460,513,3,100220,110680,5019,5532,33,36,False,False,False,False
2026-05-01T10:45:40.740554+00:00,_dASAu79K0s,5489,350,2,23663,29152,1525,1875,16,18,False,False,False,False
2026-05-01T10:45:40.740554+00:00,Hs6RxFMX1i4,3147,113,1,17315,20462,757,870,12,13,False,False,False,False
2026-05-01T10:45:40.740554+00:00,cnCEUFzWspI,4512,95,1,35454,39966,1146,1241,5,6,False,False,False,False
2026-05-01T10:45:40.740554+00:00,kLJNcHqVmJA,1054,36,1,7684,8738,454,490,22,23,False,False,False,False
2026-05-01T10:45:40.740554+00:00,UWRxdKxuOb8,1917,79,1,12857,14774,935,1014,16,17,False,False,False,False
2026-05-01T10:45:40.740554+00:00,kXenRXelpKs,7227,303,1,29270,36497,1596,1899,37,38,False,False,False,False
2026-05-01T10:45:40.740554+00:00,VVfMO6SJZLw,3517,110,8,26073,29590,1427,1537,155,163,False,False,False,False
2026-05-01T10:45:40.740554+00:00,ieJE93iObcI,237,13,0,2731,2968,172,185,9,9,False,False,False,False
2026-05-01T10:45:40.740554+00:00,YhNUPGphSM8,8578,425,9,69121,77699,5592,6017,280,289,False,False,False,False
2026-05-01T10:45:40.740554+00:00,CF4oRpaLSqw,164,1,0,6057,6221,277,278,8,8,False,False,False,False
2026-05-01T10:45:40.740554+00:00,RVu1kgj-miw,731,28,-16,8873,9604,607,635,60,44,False,False,False,False
2026-05-01T10:45:40.740554+00:00,_QHAqfILwPk,521,6,0,2916,3437,74,80,1,1,False,False,False,False
2026-05-01T10:45:40.740554+00:00,o8YcWD2ri9U,8397,375,55,49318,57715,3649,4024,420,475,False,False,False,False
2026-05-01T10:45:40.740554+00:00,sncgYGQt1T8,2189,87,2,4900,7089,204,291,9,11,False,False,False,False
2026-05-01T10:45:40.740554+00:00,67JREKwyixk,2177,58,0,4345,6522,120,178,2,2,False,False,False,False
2026-05-01T10:45:40.740554+00:00,D3h2gmgCBFg,163,5,0,1720,1883,71,76,1,1,False,False,False,False
2026-05-01T10:45:40.740554+00:00,Um1DSnUqmko,1895,57,0,7943,9838,194,251,1,1,False,False,False,False
2026-05-01T10:45:40.740554+00:00,HVPhcOmSMtM,2166,47,-20,7697,9863,229,276,59,39,False,False,True,False
2026-05-01T10:45:40.740554+00:00,TAJkbsNrZuM,14,1,0,931,945,51,52,0,0,False,False,False,False
2026-05-01T10:45:40.740554+00:00,GfSGy5C1OIA,1112,33,0,15064,16176,758,791,8,8,False,False,False,False
2026-05-01T10:45:40.740554+00:00,9oVPXnEkegY,11333,490,72,8479,19812,500,990,97,169,False,True,False,False
2026-05-01T10:45:40.740554+00:00,51dULrDA8E8,2280,140,1,11653,13933,980,1120,14,15,False,False,False,False
2026-05-01T10:45:40.740554+00:00,AYIqxqyY-es,479,42,6,4118,4597,354,396,74,80,False,False,False,False
2026-05-01T10:45:40.740554+00:00,qey62i2fvg0,8858,202,-9,50649,59507,1471,1673,41,32,False,False,False,False
2026-05-01T10:45:40.740554+00:00,5fKeNMp7F6s,1890,38,0,22053,23943,563,601,4,4,False,False,False,False
2026-05-01T10:45:40.740554+00:00,a9T6IRpz31E,89998,2749,110,698364,788362,26740,29489,984,1094,False,False,False,False
2026-05-01T10:45:40.740554+00:00,ZAmCJoz4c4w,23252,409,1,449028,472280,10234,10643,210,211,False,False,False,False
2026-05-01T10:45:40.740554+00:00,s6XPoPYDn-Y,171256,4206,34,960790,1132046,30721,34927,316,350,False,False,False,False
2026-05-01T10:45:40.740554+00:00,PQOKPfU-zIs,194,11,0,3452,3646,200,211,3,3,False,False,False,False
2026-05-01T10:45:40.740554+00:00,7A5KHuRU8BE,186,10,0,3101,3287,165,175,7,7,False,False,False,False
2026-05-01T10:45:40.740554+00:00,AMpe2jD0lZw,416,12,1,5098,5514,366,378,2,3,False,False,False,False
2026-05-01T10:45:40.740554+00:00,yawQxLw0K08,759,97,0,6019,6778,524,621,4,4,False,False,False,False
2026-05-01T10:45:40.740554+00:00,mT-7tbs7rVw,2138,115,2,14481,16619,863,978,17,19,False,False,False,False
2026-05-01T10:45:40.740554+00:00,8mnzaIML2AM,158,19,1,2422,2580,180,199,2,3,False,False,False,False
2026-05-01T10:45:40.740554+00:00,XoY4BiK1WW8,259,16,0,4515,4774,179,195,3,3,False,False,False,False
2026-05-01T10:45:40.740554+00:00,_SdzVNht_nU,2565,173,1,2208,4773,215,388,16,17,False,False,False,False
2026-05-01T10:45:40.740554+00:00,1t2Yd_bmg_k,1960,108,1,5639,7599,378,486,3,4,False,False,False,False
2026-05-01T10:45:40.740554+00:00,MlSS4ZqvJuA,2650,107,2,22435,25085,1426,1533,32,34,False,False,False,False
2026-05-01T10:45:40.740554+00:00,BnAKfe0qGbE,1009,40,0,10157,11166,788,828,4,4,False,False,False,False
2026-05-01T10:45:40.740554+00:00,TLdMXZSABH8,2769,80,12,6545,9314,332,412,9,21,False,False,False,False
2026-05-01T10:45:40.740554+00:00,R1iBWKeX42I,612,51,0,3778,4390,291,342,5,5,False,False,False,False
2026-05-01T10:45:40.740554+00:00,v3JV42WbomE,1854,60,8,18841,20695,916,976,49,57,False,False,False,False
2026-05-01T10:45:40.740554+00:00,sqXsMACtso0,1795,120,0,22093,23888,2300,2420,40,40,False,False,False,False
2026-05-01T10:45:40.740554+00:00,RWGr8LwG3TY,16549,979,93,55864,72413,5073,6052,420,513,False,False,False,False
2026-05-01T10:45:40.740554+00:00,_jxLMMcKmRQ,22456,1124,5,325852,348308,20673,21797,76,81,False,False,False,False
2026-05-01T10:45:40.740554+00:00,yzajLZXh9JU,3831,147,12,34835,38666,2144,2291,184,196,False,False,False,False
2026-05-01T10:45:40.740554+00:00,FdFgh2vQp8I,58,0,0,681,739,18,18,0,0,False,False,False,False
2026-05-01T10:45:40.740554+00:00,Jr9Xm5f44NQ,1242,45,0,9718,10960,614,659,11,11,False,False,False,False
2026-05-01T10:45:40.740554+00:00,Ju0usucry_g,4001,53,2,13883,17884,258,311,11,13,False,False,False,False
2026-05-01T10:45:40.740554+00:00,kkQDCTCcgC0,461,40,0,3601,4062,242,282,5,5,False,False,False,False
2026-05-01T10:45:40.740554+00:00,61fk5yAs7Jw,642,44,0,3289,3931,161,205,0,0,False,False,False,False
2026-05-01T10:45:40.740554+00:00,ys1zQyiLrMc,2380,104,0,3242,5622,144,248,2,2,False,False,False,False
2026-05-01T10:45:40.740554+00:00,rYKQ0Ukxe6k,1172,40,1,16962,18134,727,767,34,35,False,False,False,False
2026-05-01T10:45:40.740554+00:00,fKtG9uPeMCc,10553,758,64,14617,25170,1396,2154,149,213,False,False,False,False
2026-05-01T10:45:40.740554+00:00,yy_J5fdELm0,14649,596,131,84068,98717,6521,7117,1618,1749,False,False,False,False
2026-05-01T10:45:40.740554+00:00,nnKkk3CpLes,6948,283,30,55816,62764,2828,3111,292,322,False,False,False,False
2026-05-01T10:45:40.740554+00:00,oOLYgK6RqS4,603,60,12,3010,3613,373,433,83,95,False,False,False,False
2026-05-01T10:45:40.740554+00:00,5YKhtb3DNNo,79907,4898,406,522575,602482,48289,53187,5187,5593,False,False,False,False
2026-05-01T10:45:40.740554+00:00,MWrMtRjLhjk,16807,900,35,159236,176043,11084,11984,1134,1169,False,False,False,False
2026-05-01T10:45:40.740554+00:00,ndkH5fZSIvs,163138,9511,65,593569,756707,37535,47046,292,357,False,False,False,False
2026-05-01T10:45:40.740554+00:00,8fIRAhGGRgA,34240,1154,20,199328,233568,10826,11980,244,264,False,False,False,False
2026-05-01T10:45:40.740554+00:00,pS5AOr4B7hg,413,5,0,2715,3128,157,162,3,3,False,False,False,False
2026-05-01T10:45:40.740554+00:00,6XxQMeqG1P4,4243,103,13,23751,27994,1005,1108,172,185,False,False,False,False
2026-05-01T10:45:40.740554+00:00,n1G2FQ0UEqc,5155,106,5,61506,66661,1694,1800,86,91,False,False,False,False
2026-05-01T10:45:40.740554+00:00,NAooB35YkHA,585,21,1,4015,4600,182,203,8,9,False,False,False,False
2026-05-01T10:45:40.740554+00:00,CzIJ566XexE,770,17,0,9901,10671,372,389,2,2,False,False,False,False
2026-05-01T10:45:40.740554+00:00,eOI7WQIEX1Y,271073,11527,951,786503,1057576,52239,63766,5005,5956,False,False,False,False
2026-05-01T10:45:40.740554+00:00,Rvy2kXZpBtM,6972,179,3,9682,16654,324,503,4,7,False,False,False,False
2026-05-01T10:45:40.740554+00:00,oOCN30ulVyo,23725,868,59,70125,93850,3654,4522,232,291,False,True,False,False
2026-05-01T10:45:40.740554+00:00,SvLaz6y-mhs,3751,61,1,19903,23654,520,581,4,5,False,False,False,False
2026-05-01T10:45:40.740554+00:00,dU5sDKcwN9E,85454,4628,43,93013,178467,3842,8470,108,151,False,False,False,False
2026-05-01T10:45:40.740554+00:00,4at2bVIhLgc,91908,1942,60,470950,562858,17158,19100,788,848,False,False,False,False
2026-05-01T10:45:40.740554+00:00,iBpxQpktHN4,141862,3368,18,1401395,1543257,43480,46848,306,324,False,False,False,False
2026-05-01T10:45:40.740554+00:00,mbGPgjXCx24,29969,750,35,232298,262267,9834,10584,675,710,False,False,False,False
2026-05-01T10:45:40.740554+00:00,-uUlnDjQxhg,40135,731,57,304516,344651,12710,13441,873,930,False,False,False,False
2026-05-01T10:45:40.740554+00:00,sj1y9FDJKCM,7692,295,7,44437,52129,2709,3004,158,165,False,False,False,False
2026-05-01T10:45:40.740554+00:00,ND9eyW5Fw0s,5440,370,64,26574,32014,3076,3446,697,761,False,False,False,False
2026-05-01T10:45:40.740554+00:00,JWOErbTL9N4,89138,2212,156,307823,396961,17424,19636,1027,1183,False,False,False,False
2026-05-01T10:45:40.740554+00:00,HyWpbCUdCr8,683,31,0,3400,4083,127,158,3,3,False,False,False,False
2026-05-01T10:45:40.740554+00:00,IldLswg2yAM,3244,80,2,4883,8127,165,245,22,24,False,False,False,False
2026-05-01T10:45:40.740554+00:00,siKdeoxrxIA,3311,68,2,13433,16744,722,790,19,21,False,False,False,False
2026-05-01T10:45:40.740554+00:00,shgZ8WYcC6k,3237,158,2,18687,21924,1344,1502,8,10,False,False,False,False
2026-05-01T10:45:40.740554+00:00,9VyCOVdFpL8,26786,681,1,88216,115002,2512,3193,20,21,False,False,False,False
2026-05-01T10:45:40.740554+00:00,uHXjo7DUAAM,1958,63,0,8363,10321,454,517,5,5,False,False,False,False
2026-05-01T10:45:40.740554+00:00,lE7rIBv-nV8,1626,51,0,13545,15171,468,519,4,4,False,False,False,False
2026-05-01T10:45:40.740554+00:00,Lnhy0tZ8SUI,8108,252,0,43297,51405,1794,2046,6,6,False,False,False,False
2026-05-01T10:45:40.740554+00:00,lWQY5zccbQs,2930,81,2,20197,23127,771,852,36,38,False,False,False,False
2026-05-01T10:45:40.740554+00:00,hCNT8hK1T98,30,1,0,790,820,14,15,0,0,False,False,False,False
2026-05-01T10:45:40.740554+00:00,I66LDF9iWts,11,0,0,86,97,11,11,0,0,False,False,False,False
2026-05-01T10:45:40.740554+00:00,xAJcbx5h6wE,266,13,0,1711,1977,43,56,0,0,False,False,False,False
2026-05-01T10:45:40.740554+00:00,96k8OXI58Ko,366,37,1,1452,1818,133,170,3,4,False,False,False,False
2026-05-01T10:45:40.740554+00:00,FHeTJmwxo5s,184,17,0,1203,1387,126,143,1,1,False,False,False,False
2026-05-01T10:45:40.740554+00:00,Vd3Pkc0YGrM,937,25,0,7592,8529,309,334,1,1,False,False,False,False
2026-05-01T10:45:40.740554+00:00,_BhjwaNE8mc,1521,143,2,4809,6330,540,683,10,12,False,False,False,False
2026-05-01T10:45:40.740554+00:00,Qyf99inRvDE,387,25,0,2141,2528,106,131,0,0,False,False,False,False
2026-05-01T10:45:40.740554+00:00,XjAeQOmdNFU,4125,93,6,14075,18200,542,635,24,30,False,False,False,False
2026-05-01T10:45:40.740554+00:00,UPYFbiBv8H4,139,8,0,927,1066,86,94,3,3,False,False,False,False
2026-05-01T10:45:40.740554+00:00,_XyunBBcVXY,63,0,0,368,431,12,12,10,10,False,False,False,False
2026-05-01T10:45:40.740554+00:00,pGGJHrxn1VU,8988,371,0,8970,17958,231,602,0,0,False,False,False,False
2026-05-01T10:45:40.740554+00:00,fwUWAoSeg2g,50452,1125,148,124478,174930,4386,5511,449,597,False,False,False,False
2026-05-01T10:45:40.740554+00:00,Xbang1Y_jbA,2616,31,0,14046,16662,455,486,3,3,False,False,False,False
2026-05-01T10:45:40.740554+00:00,bM3ojc2bhdA,310,23,1,1574,1884,247,270,31,32,False,True,True,True
2026-05-01T10:45:40.740554+00:00,2gFNJ6_ogzg,7488,312,9,53120,60608,2751,3063,183,192,False,False,False,False
2026-05-01T10:45:40.740554+00:00,jcfifYFAdpM,2263,318,8,4056,6319,458,776,18,26,False,False,False,False
2026-05-01T10:45:40.740554+00:00,6q2ptE-BXIc,145,12,0,1749,1894,180,192,10,10,False,False,False,False
2026-05-01T10:45:40.740554+00:00,aqIgIWIc3uw,3368,220,6,13239,16607,724,944,50,56,False,False,False,False
2026-05-01T10:45:40.740554+00:00,wJOakc64crg,12092,523,145,35977,48069,2527,3050,484,629,False,False,False,False
2026-05-01T10:45:40.740554+00:00,j584RpaMrDg,1820,49,2,359,2179,13,62,1,3,False,False,False,False
2026-05-01T10:45:40.740554+00:00,Cql6TAdpPDU,22189,658,33,44663,66852,2042,2700,130,163,False,False,False,False
2026-05-01T10:45:40.740554+00:00,H_i8nh8uBco,1636,40,1,2348,3984,72,112,4,5,False,False,False,False
2026-05-01T10:45:40.740554+00:00,stk7f11pyr8,1235,7,1,5218,6453,55,62,9,10,False,False,False,False
2026-05-01T10:45:40.740554+00:00,A83vXatD6sY,1878,17,0,8071,9949,179,196,5,5,False,False,False,False
2026-05-01T10:45:40.740554+00:00,qGDMB-PryIU,8552,111,5,18249,26801,430,541,28,33,False,False,False,False
2026-05-01T10:45:40.740554+00:00,Q4zggacUY6E,1510,27,0,1386,2896,29,56,1,1,False,False,False,False
2026-05-01T10:45:40.740554+00:00,YfEz4a39qS0,348,13,0,629,977,21,34,0,0,False,False,False,False
2026-05-01T10:45:40.740554+00:00,xL5gZGVPjnQ,238,20,3,692,930,86,106,31,34,False,False,False,False
2026-05-01T10:45:40.740554+00:00,oj3-hWAf1uQ,10430,485,1,22324,32754,1182,1667,9,10,False,False,False,False
2026-05-01T10:45:40.740554+00:00,1HWpBvWbexU,227,11,0,1282,1509,25,36,1,1,False,False,False,False
2026-05-01T10:45:40.740554+00:00,sbzsqNJuZvg,38718,864,9,498,39216,27,891,0,9,False,False,False,False
2026-05-01T10:45:40.740554+00:00,xhCLLakHBa8,34185,1190,31,3089,37274,206,1396,4,35,False,False,False,False
2026-05-01T10:45:40.740554+00:00,JrGlAw_Q7ow,81821,2544,36,8630,90451,602,3146,15,51,False,False,False,False
2026-05-01T10:45:40.740554+00:00,LkRVMOzUypo,6120,224,0,3409,9529,220,444,2,2,False,False,False,False
2026-05-01T10:45:40.740554+00:00,lWj_3TE2UsE,5417,197,2,4935,10352,304,501,4,6,False,False,False,False
2026-05-01T10:45:40.740554+00:00,nbHMeopNtDg,5997,148,2,11901,17898,439,587,8,10,False,False,False,False
2026-05-01T10:45:40.740554+00:00,HeY4a7uDlkg,19731,634,5,28544,48275,1173,1807,11,16,False,False,False,False
2026-05-01T10:45:40.740554+00:00,0DB_Qj43O6Q,15407,851,4,39441,54848,2157,3008,18,22,False,False,False,False
2026-05-01T10:45:40.740554+00:00,xjcVnFd-4YA,577786,16254,921,435067,1012853,13628,29882,790,1711,False,False,False,False
2026-05-01T10:45:40.740554+00:00,7Y7Iv5XAXwI,512558,9740,203,873452,1386010,20124,29864,440,643,False,False,False,False
2026-05-01T10:45:40.740554+00:00,0y8vRPcSvbw,534631,13207,130,1171878,1706509,32380,45587,833,963,False,False,False,False
2026-05-01T10:45:40.740554+00:00,tkLxg6h07aE,241507,2382,511,459752,701259,8723,11105,2488,2999,False,False,False,False
2026-05-01T10:45:40.740554+00:00,wN3O2GSvoWE,1689,80,7,1524,3213,121,201,7,14,False,True,True,False
2026-05-01T10:45:40.740554+00:00,dG7UGA71QJU,366,24,0,843,1209,21,45,0,0,False,False,False,False
2026-05-01T10:45:40.740554+00:00,xpf49h0tGvI,42,4,0,56,98,10,14,0,0,False,False,False,False
2026-05-01T10:45:40.740554+00:00,-OmU9HqUNZ0,257,14,0,901,1158,19,33,0,0,False,False,False,False
2026-05-01T10:45:40.740554+00:00,KppJdbUvqp8,3388,391,5,115,3503,10,401,0,5,False,False,False,False
2026-05-01T10:45:40.740554+00:00,MnlZeYcfowk,2312,246,1,317,2629,15,261,0,1,False,False,False,False
2026-05-01T10:45:40.740554+00:00,LQd65ctML6o,2253,291,3,574,2827,30,321,0,3,False,False,False,False
2026-05-01T10:45:40.740554+00:00,QLnHGjCD-Vw,3126,249,6,622,3748,32,281,2,8,False,False,False,False
2026-05-01T10:45:40.740554+00:00,TOKUlItJpY4,2706,50,1,3702,6408,146,196,3,4,False,False,False,False
2026-05-01T10:45:40.740554+00:00,DBWMP58IOcw,2931,253,5,6486,9417,462,715,13,18,False,False,False,False
2026-05-01T10:45:40.740554+00:00,Qf1PdYlk_9A,188,12,1,2116,2304,130,142,4,5,False,False,False,False
2026-05-01T10:45:40.740554+00:00,1c8cpHNlIb8,483,54,1,2907,3390,308,362,3,4,False,False,False,False
2026-05-01T10:45:40.740554+00:00,-ZL_mpjxaUo,653,65,1,3924,4577,398,463,3,4,False,False,False,False
2026-05-01T10:45:40.740554+00:00,zzsUsCRoGcI,480,69,0,2008,2488,248,317,3,3,False,False,False,False
2026-05-01T10:45:40.740554+00:00,DerWppSGkmE,3140,209,4,3641,6781,225,434,12,16,False,False,False,False
2026-05-01T10:45:40.740554+00:00,lk7HWLeXjS4,18621,577,37,20537,39158,926,1503,50,87,False,False,False,False
2026-05-01T10:45:40.740554+00:00,7PY7jbupwSg,1910,55,2,5381,7291,289,344,4,6,False,False,False,False
2026-05-01T10:45:40.740554+00:00,nWfp_X31vqk,3301,134,5,8349,11650,496,630,26,31,False,False,False,False
2026-05-01T10:45:40.740554+00:00,WwEyLRmGU9g,20024,1188,32,28073,48097,2581,3769,80,112,False,False,False,False
2026-05-01T10:45:40.740554+00:00,nVHr2D6tnA4,50753,3136,34,90453,141206,7281,10417,110,144,False,False,False,False
2026-05-01T10:45:40.740554+00:00,UDiJI3q9wFQ,12485,451,17,14727,27212,834,1285,34,51,False,False,False,False
2026-05-01T10:45:40.740554+00:00,ksn5yrsC3Wg,1271291,42470,2100,1350060,2621351,57771,100241,4185,6285,False,False,False,False
2026-05-01T10:45:40.740554+00:00,jytAQWCc_TI,60996,3897,276,29709,90705,2177,6074,251,527,False,False,False,False
2026-05-01T10:45:40.740554+00:00,-1Fhry-Mqks,78095,4040,224,42085,120180,3333,7373,198,422,False,False,False,False
2026-05-01T10:45:40.740554+00:00,eRD2C7w9r6Y,44095,3797,154,43019,87114,5092,8889,349,503,False,False,False,False
2026-05-01T10:45:40.740554+00:00,X8ekpP_cQa8,170,6,0,398,568,11,17,0,0,False,False,False,False
2026-05-01T10:45:40.740554+00:00,i7eGzJCQ1Yg,64,0,1,563,627,13,13,1,2,False,False,False,False
2026-05-01T10:45:40.740554+00:00,GZ9itUCDrac,26,0,0,187,213,4,4,0,0,False,False,False,False
2026-05-01T10:45:40.740554+00:00,WB1bBLedJQ4,9244,209,2,4347,13591,162,371,0,2,False,False,False,False
2026-05-01T10:45:40.740554+00:00,f2fDaAMvlV4,3093,109,1,1810,4903,86,195,1,2,False,False,False,False
2026-05-01T10:45:40.740554+00:00,KztyymfW3Dg,7491,303,2,9237,16728,323,626,4,6,False,False,False,False
2026-05-01T10:45:40.740554+00:00,KKq5yX8mrw0,701,7,1,11016,11717,275,282,2,3,False,False,False,False
2026-05-01T10:45:40.740554+00:00,4uRgDr5maYo,3503,107,2,8868,12371,496,603,18,20,False,False,False,False
2026-05-01T10:45:40.740554+00:00,NDF3VSFbxAU,1339,40,2,2910,4249,167,207,3,5,False,False,False,False
2026-05-01T10:45:40.740554+00:00,oixqYBAPwXA,13050,790,20,614,13664,66,856,5,25,False,False,False,False
2026-05-01T10:45:40.740554+00:00,KKwxanUOAd4,17653,1092,93,22271,39924,2222,3314,179,272,False,False,False,False
2026-05-01T10:45:40.740554+00:00,LKxIrZFhONI,21381,830,29,45424,66805,3643,4473,193,222,False,False,False,False
2026-05-01T10:45:40.740554+00:00,mDh52QTqR0o,86736,3369,215,121322,208058,8287,11656,371,586,False,False,True,False
2026-05-01T10:45:40.740554+00:00,IrGd4xIhTN0,109942,6218,1661,207475,317417,15157,21375,4516,6177,False,False,False,False
2026-05-01T10:45:40.740554+00:00,M_iusAv-K8Y,423,12,12,963,1386,7,19,2,14,False,False,False,False
2026-05-01T10:45:40.740554+00:00,CE6tiT3Q6c4,13604,668,168,26316,39920,1712,2380,235,403,False,True,True,False
2026-05-01T10:45:40.740554+00:00,iaT6-gjxQbo,529,44,0,1061,1590,130,174,4,4,False,False,False,False
2026-05-01T10:45:40.740554+00:00,TRVnxUYQAmI,41947,3191,162,132870,174817,11311,14502,774,936,False,False,False,False
2026-05-01T10:45:40.740554+00:00,oRVJREzko-M,192583,10078,87,325392,517975,21099,31177,316,403,False,False,False,False
2026-05-01T10:45:40.740554+00:00,ExlWYbISs6I,99102,4485,42,322666,421768,15013,19498,269,311,False,False,False,False
2026-05-01T10:45:40.740554+00:00,yXl7MRLoxrM,3397,169,22,2859,6256,138,307,8,30,False,False,False,False
2026-05-01T10:45:40.740554+00:00,WOTUpoI2LQA,685009,34325,532,1380578,2065587,87057,121382,1493,2025,False,False,False,False
2026-05-01T10:45:40.740554+00:00,YR-4vFbwe18,16698,778,36,6993,23691,454,1232,38,74,False,False,False,False
2026-05-01T10:45:40.740554+00:00,fpkC4nn2D60,2366,174,11,1345,3711,101,275,22,33,False,False,False,False
2026-05-01T10:45:40.740554+00:00,AU6gGMDF7ts,3463,332,23,2691,6154,267,599,30,53,False,False,False,False
2026-05-01T10:45:40.740554+00:00,2FFoc89SAj0,996,33,2,2367,3363,87,120,9,11,False,False,False,False
2026-05-01T10:45:40.740554+00:00,iTOXHp4c1YE,44701,765,8,73046,117747,2165,2930,18,26,False,False,False,False
2026-05-01T10:45:40.740554+00:00,gEUMAljLr78,32956,2477,189,24305,57261,2540,5017,252,441,False,False,False,False
2026-05-01T10:45:40.740554+00:00,t9_dqoKfqLo,5860,99,0,12813,18673,403,502,10,10,False,False,False,False
2026-05-01T10:45:40.740554+00:00,eGmGoahyI-U,3649,154,16,6932,10581,403,557,28,44,False,False,False,False
2026-05-01T10:45:40.740554+00:00,YD2iT-SCJb0,1906,26,1,2494,4400,57,83,3,4,False,False,False,False
2026-05-01T10:45:40.740554+00:00,jLFG_FZKbks,402930,8527,925,35109,438039,1654,10181,240,1165,False,True,True,False
2026-05-01T10:45:40.740554+00:00,6r-qlEX6hGY,38709,650,66,90692,129401,2390,3040,320,386,False,False,False,False
2026-05-01T10:45:40.740554+00:00,jKTNMlUEdgU,225127,4436,23,660670,885797,16638,21074,169,192,False,False,False,False
2026-05-01T10:45:40.740554+00:00,tVpky2riji0,63232,1612,31,208564,271796,8773,10385,237,268,False,False,False,False
2026-05-01T10:45:40.740554+00:00,jAaw0vn7eLs,35853,2825,55,64929,100782,4519,7344,142,197,False,False,False,False
2026-05-01T10:45:40.740554+00:00,pG99B0ui06s,330020,12020,63,1090487,1420507,52994,65014,392,455,False,False,False,False
2026-05-01T10:45:40.740554+00:00,k30WHO9_ppU,,,,,2844,,101,,1,True,False,False,False
2026-05-01T10:45:40.740554+00:00,sGEEHGc7eyo,,,,,2637,,72,,3,True,False,False,False
2026-05-01T10:45:40.740554+00:00,gzjXoJoWgjs,,,,,27457,,853,,225,True,False,False,False
2026-05-01T10:45:40.740554+00:00,fgasMQ6UWPY,,,,,1582,,90,,19,True,False,False,False
2026-05-01T10:45:40.740554+00:00,Tu8OUN2WuyU,,,,,1009,,3,,30,True,False,False,False
2026-05-01T10:45:40.740554+00:00,5-ASQ44GpNI,,,,,19599,,1143,,62,True,False,False,False
2026-05-01T10:45:40.740554+00:00,MmtdaRSSUZA,,,,,3404,,290,,26,True,False,False,False
2026-05-01T10:45:40.740554+00:00,0elkAIACdFE,,,,,7596,,388,,6,True,False,False,False
2026-05-01T10:45:40.740554+00:00,dqOmDZPkIF4,,,,,9470,,512,,11,True,False,False,False
2026-05-01T10:45:40.740554+00:00,LkaaMQx9uZ0,,,,,30323,,1816,,37,True,False,False,False
2026-05-01T10:45:40.740554+00:00,DYhg0nWZ1UQ,,,,,0,,5,,0,True,False,False,False
2026-05-01T10:45:40.740554+00:00,tXgFifuwvno,,,,,550,,50,,2,True,False,False,False
2026-05-01T10:45:40.740554+00:00,MlcUa5-3G68,,,,,2725,,163,,7,True,False,False,False
2026-05-01T10:45:40.740554+00:00,9opMZrn2-zg,,,,,1783,,148,,0,True,False,False,False
2026-05-01T10:45:40.740554+00:00,Aa1qfpfSaVY,,,,,3619,,275,,3,True,False,False,False
2026-05-01T10:45:40.740554+00:00,98ShZgIhSbk,,,,,10268,,521,,2,True,False,False,False
2026-05-01T10:45:40.740554+00:00,31WQ21L6kE8,,,,,6677,,501,,7,True,False,False,False
2026-05-01T10:45:40.740554+00:00,s9TcINJc2pw,,,,,27579,,1514,,22,True,False,False,False
2026-05-01T10:45:40.740554+00:00,LK1OJ-izQfQ,,,,,15824,,711,,7,True,False,False,False
2026-05-01T10:45:40.740554+00:00,2mOqRPcWgMM,,,,,40115,,776,,16,True,False,False,False
2026-05-01T10:45:40.740554+00:00,GDex3WIPF7c,,,,,488920,,19613,,786,True,False,False,False
2026-05-01T10:45:40.740554+00:00,yE8fJOgv7Pc,,,,,271711,,7972,,270,True,False,False,False
2026-05-01T10:45:40.740554+00:00,Y254oB1QNOE,,,,,224635,,7412,,558,True,False,False,False
2026-05-01T10:45:40.740554+00:00,FzdGk0ceLCA,,,,,574,,10,,0,True,False,False,False
2026-05-01T10:45:40.740554+00:00,0GmokuFXa_o,,,,,932,,37,,0,True,False,False,False
2026-05-01T10:45:40.740554+00:00,yA-SufBCL7g,,,,,1020,,43,,4,True,False,False,False
2026-05-01T10:45:40.740554+00:00,Wz8CxWdCHC0,,,,,5201,,298,,4,True,False,False,False
2026-05-01T10:45:40.740554+00:00,Nz7vsR3_W3I,,,,,7199,,530,,11,True,False,False,False
2026-05-01T10:45:40.740554+00:00,JTtyJPD0ZOw,,,,,5991,,478,,17,True,False,False,False
2026-05-01T10:45:40.740554+00:00,SK7yqZdN3Dg,,,,,11576,,848,,22,True,False,False,False
2026-05-01T10:45:40.740554+00:00,eYZUzUEUsjo,,,,,1779,,121,,3,True,False,False,False
2026-05-01T10:45:40.740554+00:00,zSPnVUpVwj8,,,,,1092,,80,,3,True,False,False,False
2026-05-01T10:45:40.740554+00:00,8TvJvfKz8Fo,,,,,84832,,8739,,643,True,False,False,False
2026-05-01T10:45:40.740554+00:00,KdmRWazuBRU,,,,,23604,,1269,,119,True,False,False,False
2026-05-01T10:45:40.740554+00:00,nH8YRX4Stfs,,,,,10414,,535,,75,True,False,False,False
2026-05-01T10:45:40.740554+00:00,MK3Lz4fAvZo,,,,,22813,,2128,,64,True,False,False,False
2026-05-01T10:45:40.740554+00:00,1PIbKMyFMAY,,,,,80333,,5899,,221,True,False,False,False
2026-05-01T10:45:40.740554+00:00,wgADj9n8XMs,,,,,603654,,26399,,218,True,False,False,False
2026-05-01T10:45:40.740554+00:00,u5HPVyEpyNI,,,,,59073,,4908,,523,True,False,False,False
2026-05-01T10:45:40.740554+00:00,-CB2CwSPtAQ,,,,,21511,,866,,76,True,False,False,False
2026-05-01T10:45:40.740554+00:00,FMdrD_jcYgE,,,,,209754,,18913,,1958,True,False,False,False
2026-05-01T10:45:40.740554+00:00,OgbLx7K5jKI,,,,,949,,33,,2,True,False,False,False
2026-05-01T10:45:40.740554+00:00,9rRvmcDpWwA,,,,,15810,,695,,57,True,False,False,False
2026-05-01T10:45:40.740554+00:00,UxUmboIvArE,,,,,296,,19,,2,True,False,False,False
2026-05-01T10:45:40.740554+00:00,YY99Gla0v4E,,,,,595,,57,,5,True,False,False,False
2026-05-01T10:45:40.740554+00:00,-8Xee3Y4Yeg,,,,,215,,27,,4,True,False,False,False
2026-05-01T10:45:40.740554+00:00,ZgcrZ8qm0-w,,,,,475,,6,,2,True,False,False,False
2026-05-01T10:45:40.740554+00:00,cxBZkkzJcpw,,,,,178,,6,,0,True,False,False,False
2026-05-01T10:45:40.740554+00:00,NoXtR658c_k,,,,,14634,,588,,27,True,False,False,False
2026-05-01T10:45:40.740554+00:00,FBq_mtNPweg,,,,,1876,,56,,1,True,False,False,False
2026-05-01T10:45:40.740554+00:00,4Zi41MRVP0g,,,,,18769,,926,,100,True,False,False,False
2026-05-01T10:45:40.740554+00:00,KfaPxlvQx1M,,,,,3423,,152,,1,True,False,False,False
2026-05-01T10:45:40.740554+00:00,enQeP-ztP5A,,,,,3887,,73,,5,True,False,False,False
2026-05-01T10:45:40.740554+00:00,k7aOM--Ycts,,,,,65221,,4633,,537,True,False,False,False
2026-05-01T10:45:40.740554+00:00,eYDQWSBQ47s,,,,,10416,,865,,89,True,False,False,False
2026-05-01T10:45:40.740554+00:00,2ZV29QhLfjw,,,,,211135,,16190,,501,True,False,False,False
2026-05-01T10:45:40.740554+00:00,HyO6rMqRXw0,,,,,16620,,648,,30,True,False,False,False
2026-05-01T10:45:40.740554+00:00,P9MkPdQc74o,,,,,73087,,3551,,380,True,False,False,False
2026-05-01T10:45:40.740554+00:00,mbtA5CBh5qk,,,,,44,,2,,22,True,False,False,False
2026-05-01T10:45:40.740554+00:00,N-zjDtQOwxc,,,,,371393,,33075,,2347,True,False,False,False
2026-05-01T10:45:40.740554+00:00,POn6IRgP5-A,,,,,31050,,1886,,158,True,False,False,False
2026-05-01T10:45:40.740554+00:00,GAf7J_t1o8U,,,,,7960,,1307,,130,True,False,False,False
2026-05-01T10:45:40.740554+00:00,oIr5NyY01EQ,,,,,1175,,165,,11,True,False,False,False
2026-05-01T10:45:40.740554+00:00,mQR17nCXUSA,,,,,81815,,6881,,539,True,False,False,False
2026-05-01T10:45:40.740554+00:00,W65cfPslnzo,,,,,200065,,6536,,752,True,False,False,False
2026-05-01T10:45:40.740554+00:00,VgH5rhALEfU,,,,,396353,,20034,,434,True,False,False,False
2026-05-01T10:45:40.740554+00:00,QPWScf-86po,,,,,1515531,,60040,,1122,True,False,False,False
2026-05-01T10:45:40.740554+00:00,7IL0scdhgJA,,,,,3581,,190,,16,True,False,False,False
2026-05-01T10:45:40.740554+00:00,s2NSwy8xraQ,,,,,5827,,366,,7,True,False,False,False
2026-05-01T10:45:40.740554+00:00,8erUsIGULKc,,,,,3417,,189,,24,True,False,False,False
2026-05-01T10:45:40.740554+00:00,s23TO2BQBcU,,,,,11892,,491,,36,True,False,False,False
2026-05-01T10:45:40.740554+00:00,rfRFwXnk660,,,,,57395,,4441,,320,True,False,False,False
2026-05-01T10:45:40.740554+00:00,ByJAH8vTgfw,,,,,19706,,668,,13,True,False,False,False
2026-05-01T10:45:40.740554+00:00,W4BkgA1P27o,,,,,4577,,302,,13,True,False,False,False
2026-05-01T10:45:40.740554+00:00,quCJwkDAx0g,,,,,14995,,530,,205,True,False,False,False
2026-05-01T10:45:40.740554+00:00,iQxwDGnuByc,,,,,15407,,1035,,80,True,False,False,False
2026-05-01T10:45:40.740554+00:00,waOGddip3Wk,,,,,1121,,124,,9,True,False,False,False
2026-05-01T10:45:40.740554+00:00,xfMhpaP8QSg,,,,,1272,,107,,23,True,False,False,False
2026-05-01T10:45:40.740554+00:00,iGaMJCi8mAk,,,,,6625,,197,,3,True,False,False,False
2026-05-01T10:45:40.740554+00:00,kmKuk_TCEvU,,,,,9783,,437,,13,True,False,False,False
2026-05-01T10:45:40.740554+00:00,yGC0oT995TM,,,,,8643,,291,,5,True,False,False,False
2026-05-01T10:45:40.740554+00:00,lB_XJmoBLjw,,,,,2777,,96,,1,True,False,False,False
2026-05-01T10:45:40.740554+00:00,t6GzhyGTKCo,,,,,31214,,1074,,73,True,False,False,False
2026-05-01T10:45:40.740554+00:00,qgzwtKsXCMo,,,,,694392,,17239,,248,True,False,False,False
2026-05-01T10:45:40.740554+00:00,0D14LJGiBkg,,,,,163588,,7724,,728,True,False,False,False
2026-05-01T10:45:40.740554+00:00,mpZK1dqX6aA,,,,,498636,,16634,,136,True,False,False,False
2026-05-01T10:45:40.740554+00:00,RniYUmKs93U,,,,,234195,,15304,,343,True,False,False,False
2026-05-01T10:45:40.740554+00:00,IEJALLQFmDs,,,,,2265815,,60110,,460,True,False,False,False
2026-05-01T10:45:40.740554+00:00,dqazxW8R5BY,,,,,855844,,43364,,1023,True,False,False,False
2026-05-01T10:45:40.740554+00:00,UsS6bOYnnOI,,,,,206501,,12495,,2674,True,False,False,False
