creative_package_id,thumbnail_brief_id,main_text,visual_metaphor,emotion,layout_suggestion,risk_notes
cp_19_521594378d,cp_19_521594378d_tb1,tema clave,señal vs ruido,claridad,texto corto lado izquierdo + elemento visual lado derecho,evitar promesas absolutas y claims no verificables
cp_21_3a009a5543,cp_21_3a009a5543_tb1,tema clave,señal vs ruido,claridad,texto corto lado izquierdo + elemento visual lado derecho,evitar promesas absolutas y claims no verificables
cp_23_0f5933d7b9,cp_23_0f5933d7b9_tb1,tema clave,señal vs ruido,claridad,texto corto lado izquierdo + elemento visual lado derecho,evitar promesas absolutas y claims no verificables
cp_25_a37c6d7cfe,cp_25_a37c6d7cfe_tb1,create_fast_reaction,señal vs ruido,urgencia,texto corto lado izquierdo + elemento visual lado derecho,evitar promesas absolutas y claims no verificables
cp_26_17a9391a5d,cp_26_17a9391a5d_tb1,create_fast_reaction,señal vs ruido,urgencia,texto corto lado izquierdo + elemento visual lado derecho,evitar promesas absolutas y claims no verificables
cp_27_aaba52f9c0,cp_27_aaba52f9c0_tb1,create_fast_reaction,señal vs ruido,urgencia,texto corto lado izquierdo + elemento visual lado derecho,evitar promesas absolutas y claims no verificables
cp_29_3c3027c722,cp_29_3c3027c722_tb1,tema clave,señal vs ruido,claridad,texto corto lado izquierdo + elemento visual lado derecho,evitar promesas absolutas y claims no verificables
cp_30_5a84be0db9,cp_30_5a84be0db9_tb1,create_fast_reaction,señal vs ruido,urgencia,texto corto lado izquierdo + elemento visual lado derecho,evitar promesas absolutas y claims no verificables
cp_31_f5f93d9f45,cp_31_f5f93d9f45_tb1,create_fast_reaction,señal vs ruido,urgencia,texto corto lado izquierdo + elemento visual lado derecho,evitar promesas absolutas y claims no verificables
cp_34_b195765105,cp_34_b195765105_tb1,tema clave,señal vs ruido,claridad,texto corto lado izquierdo + elemento visual lado derecho,evitar promesas absolutas y claims no verificables
cp_36_f287652a99,cp_36_f287652a99_tb1,tema clave,señal vs ruido,claridad,texto corto lado izquierdo + elemento visual lado derecho,evitar promesas absolutas y claims no verificables
cp_37_6fb78672bc,cp_37_6fb78672bc_tb1,tema clave,señal vs ruido,claridad,texto corto lado izquierdo + elemento visual lado derecho,evitar promesas absolutas y claims no verificables
cp_38_b26bb536d7,cp_38_b26bb536d7_tb1,tema clave,señal vs ruido,claridad,texto corto lado izquierdo + elemento visual lado derecho,evitar promesas absolutas y claims no verificables
cp_42_4b8b8e9043,cp_42_4b8b8e9043_tb1,tema clave,señal vs ruido,claridad,texto corto lado izquierdo + elemento visual lado derecho,evitar promesas absolutas y claims no verificables
cp_43_1b774edf1b,cp_43_1b774edf1b_tb1,tema clave,señal vs ruido,claridad,texto corto lado izquierdo + elemento visual lado derecho,evitar promesas absolutas y claims no verificables
cp_44_71897aa886,cp_44_71897aa886_tb1,tema clave,señal vs ruido,claridad,texto corto lado izquierdo + elemento visual lado derecho,evitar promesas absolutas y claims no verificables
cp_45_b7a99d6a07,cp_45_b7a99d6a07_tb1,create_fast_reaction,señal vs ruido,urgencia,texto corto lado izquierdo + elemento visual lado derecho,evitar promesas absolutas y claims no verificables
cp_47_6ded38b623,cp_47_6ded38b623_tb1,create_fast_reaction,señal vs ruido,urgencia,texto corto lado izquierdo + elemento visual lado derecho,evitar promesas absolutas y claims no verificables
cp_50_575b4cc35d,cp_50_575b4cc35d_tb1,repackage_idea,señal vs ruido,claridad,texto corto lado izquierdo + elemento visual lado derecho,evitar promesas absolutas y claims no verificables
cp_54_e0345ec47f,cp_54_e0345ec47f_tb1,tema clave,señal vs ruido,claridad,texto corto lado izquierdo + elemento visual lado derecho,evitar promesas absolutas y claims no verificables
cp_57_5953c183d8,cp_57_5953c183d8_tb1,tema clave,señal vs ruido,claridad,texto corto lado izquierdo + elemento visual lado derecho,evitar promesas absolutas y claims no verificables
cp_59_6cc6e599e5,cp_59_6cc6e599e5_tb1,tema clave,señal vs ruido,claridad,texto corto lado izquierdo + elemento visual lado derecho,evitar promesas absolutas y claims no verificables
cp_62_ba458abfc1,cp_62_ba458abfc1_tb1,repackage_idea,señal vs ruido,claridad,texto corto lado izquierdo + elemento visual lado derecho,evitar promesas absolutas y claims no verificables
cp_63_fd6c9b1219,cp_63_fd6c9b1219_tb1,repackage_idea,señal vs ruido,claridad,texto corto lado izquierdo + elemento visual lado derecho,evitar promesas absolutas y claims no verificables
cp_64_f575752d9b,cp_64_f575752d9b_tb1,create_fast_reaction,señal vs ruido,urgencia,texto corto lado izquierdo + elemento visual lado derecho,evitar promesas absolutas y claims no verificables
cp_66_55a26cddd8,cp_66_55a26cddd8_tb1,tema clave,señal vs ruido,claridad,texto corto lado izquierdo + elemento visual lado derecho,evitar promesas absolutas y claims no verificables
cp_67_173a716fd3,cp_67_173a716fd3_tb1,create_fast_reaction,señal vs ruido,claridad,texto corto lado izquierdo + elemento visual lado derecho,evitar promesas absolutas y claims no verificables
cp_68_85bad6b5f0,cp_68_85bad6b5f0_tb1,repackage_idea,señal vs ruido,claridad,texto corto lado izquierdo + elemento visual lado derecho,evitar promesas absolutas y claims no verificables
cp_70_d110a31736,cp_70_d110a31736_tb1,repackage_idea,señal vs ruido,claridad,texto corto lado izquierdo + elemento visual lado derecho,evitar promesas absolutas y claims no verificables
cp_72_dec41a4f77,cp_72_dec41a4f77_tb1,repackage_idea,señal vs ruido,claridad,texto corto lado izquierdo + elemento visual lado derecho,evitar promesas absolutas y claims no verificables
cp_73_0d959eb10a,cp_73_0d959eb10a_tb1,repackage_idea,señal vs ruido,claridad,texto corto lado izquierdo + elemento visual lado derecho,evitar promesas absolutas y claims no verificables
cp_75_a366f04eac,cp_75_a366f04eac_tb1,repackage_idea,señal vs ruido,claridad,texto corto lado izquierdo + elemento visual lado derecho,evitar promesas absolutas y claims no verificables
cp_77_18683e1af1,cp_77_18683e1af1_tb1,tema clave,señal vs ruido,claridad,texto corto lado izquierdo + elemento visual lado derecho,evitar promesas absolutas y claims no verificables
cp_80_cf173acc9b,cp_80_cf173acc9b_tb1,repackage_idea,señal vs ruido,claridad,texto corto lado izquierdo + elemento visual lado derecho,evitar promesas absolutas y claims no verificables
cp_82_a0451017b2,cp_82_a0451017b2_tb1,repackage_idea,señal vs ruido,claridad,texto corto lado izquierdo + elemento visual lado derecho,evitar promesas absolutas y claims no verificables
cp_84_37d63f0a84,cp_84_37d63f0a84_tb1,repackage_idea,señal vs ruido,claridad,texto corto lado izquierdo + elemento visual lado derecho,evitar promesas absolutas y claims no verificables
cp_85_4fd30b52b3,cp_85_4fd30b52b3_tb1,repackage_idea,señal vs ruido,claridad,texto corto lado izquierdo + elemento visual lado derecho,evitar promesas absolutas y claims no verificables
cp_87_830aaeb455,cp_87_830aaeb455_tb1,repackage_idea,señal vs ruido,claridad,texto corto lado izquierdo + elemento visual lado derecho,evitar promesas absolutas y claims no verificables
cp_88_f4aaad333e,cp_88_f4aaad333e_tb1,repackage_idea,señal vs ruido,claridad,texto corto lado izquierdo + elemento visual lado derecho,evitar promesas absolutas y claims no verificables
cp_89_711aa3aa47,cp_89_711aa3aa47_tb1,repackage_idea,señal vs ruido,claridad,texto corto lado izquierdo + elemento visual lado derecho,evitar promesas absolutas y claims no verificables
cp_90_9077d5cebe,cp_90_9077d5cebe_tb1,repackage_idea,señal vs ruido,claridad,texto corto lado izquierdo + elemento visual lado derecho,evitar promesas absolutas y claims no verificables
cp_91_044b0916bd,cp_91_044b0916bd_tb1,repackage_idea,señal vs ruido,claridad,texto corto lado izquierdo + elemento visual lado derecho,evitar promesas absolutas y claims no verificables
cp_92_0298e939c3,cp_92_0298e939c3_tb1,repackage_idea,señal vs ruido,claridad,texto corto lado izquierdo + elemento visual lado derecho,evitar promesas absolutas y claims no verificables
cp_93_bbf8f9e3e9,cp_93_bbf8f9e3e9_tb1,repackage_idea,señal vs ruido,claridad,texto corto lado izquierdo + elemento visual lado derecho,evitar promesas absolutas y claims no verificables
cp_94_53afe98096,cp_94_53afe98096_tb1,repackage_idea,señal vs ruido,claridad,texto corto lado izquierdo + elemento visual lado derecho,evitar promesas absolutas y claims no verificables
cp_96_40d0d77282,cp_96_40d0d77282_tb1,repackage_idea,señal vs ruido,claridad,texto corto lado izquierdo + elemento visual lado derecho,evitar promesas absolutas y claims no verificables
cp_97_048450c4e6,cp_97_048450c4e6_tb1,repackage_idea,señal vs ruido,claridad,texto corto lado izquierdo + elemento visual lado derecho,evitar promesas absolutas y claims no verificables
cp_98_672384313d,cp_98_672384313d_tb1,repackage_idea,señal vs ruido,claridad,texto corto lado izquierdo + elemento visual lado derecho,evitar promesas absolutas y claims no verificables
cp_99_2aa66c8c7c,cp_99_2aa66c8c7c_tb1,repackage_idea,señal vs ruido,claridad,texto corto lado izquierdo + elemento visual lado derecho,evitar promesas absolutas y claims no verificables
cp_100_f631af1eea,cp_100_f631af1eea_tb1,repackage_idea,señal vs ruido,claridad,texto corto lado izquierdo + elemento visual lado derecho,evitar promesas absolutas y claims no verificables
cp_101_e713c12435,cp_101_e713c12435_tb1,repackage_idea,señal vs ruido,claridad,texto corto lado izquierdo + elemento visual lado derecho,evitar promesas absolutas y claims no verificables
cp_102_e426de7c85,cp_102_e426de7c85_tb1,repackage_idea,señal vs ruido,claridad,texto corto lado izquierdo + elemento visual lado derecho,evitar promesas absolutas y claims no verificables
cp_103_bdcf6fe51a,cp_103_bdcf6fe51a_tb1,repackage_idea,señal vs ruido,claridad,texto corto lado izquierdo + elemento visual lado derecho,evitar promesas absolutas y claims no verificables
cp_104_2132040959,cp_104_2132040959_tb1,tema clave,señal vs ruido,claridad,texto corto lado izquierdo + elemento visual lado derecho,evitar promesas absolutas y claims no verificables
cp_105_6f15c7d30d,cp_105_6f15c7d30d_tb1,repackage_idea,señal vs ruido,claridad,texto corto lado izquierdo + elemento visual lado derecho,evitar promesas absolutas y claims no verificables
cp_106_7771ae5410,cp_106_7771ae5410_tb1,repackage_idea,señal vs ruido,claridad,texto corto lado izquierdo + elemento visual lado derecho,evitar promesas absolutas y claims no verificables
cp_108_3972270f07,cp_108_3972270f07_tb1,repackage_idea,señal vs ruido,claridad,texto corto lado izquierdo + elemento visual lado derecho,evitar promesas absolutas y claims no verificables
cp_109_242c70578a,cp_109_242c70578a_tb1,repackage_idea,señal vs ruido,claridad,texto corto lado izquierdo + elemento visual lado derecho,evitar promesas absolutas y claims no verificables
cp_110_7b94b82d8c,cp_110_7b94b82d8c_tb1,repackage_idea,señal vs ruido,claridad,texto corto lado izquierdo + elemento visual lado derecho,evitar promesas absolutas y claims no verificables
cp_112_ae32fe606c,cp_112_ae32fe606c_tb1,repackage_idea,señal vs ruido,claridad,texto corto lado izquierdo + elemento visual lado derecho,evitar promesas absolutas y claims no verificables
cp_113_da4ad3fe1e,cp_113_da4ad3fe1e_tb1,repackage_idea,señal vs ruido,claridad,texto corto lado izquierdo + elemento visual lado derecho,evitar promesas absolutas y claims no verificables
cp_114_99334e90ae,cp_114_99334e90ae_tb1,repackage_idea,señal vs ruido,claridad,texto corto lado izquierdo + elemento visual lado derecho,evitar promesas absolutas y claims no verificables
cp_115_9d5d8ebb5f,cp_115_9d5d8ebb5f_tb1,repackage_idea,señal vs ruido,claridad,texto corto lado izquierdo + elemento visual lado derecho,evitar promesas absolutas y claims no verificables
cp_116_d7e3846e35,cp_116_d7e3846e35_tb1,repackage_idea,señal vs ruido,claridad,texto corto lado izquierdo + elemento visual lado derecho,evitar promesas absolutas y claims no verificables
cp_117_7dc19fb112,cp_117_7dc19fb112_tb1,repackage_idea,señal vs ruido,claridad,texto corto lado izquierdo + elemento visual lado derecho,evitar promesas absolutas y claims no verificables
cp_119_b084a99984,cp_119_b084a99984_tb1,repackage_idea,señal vs ruido,claridad,texto corto lado izquierdo + elemento visual lado derecho,evitar promesas absolutas y claims no verificables
cp_120_fae518e986,cp_120_fae518e986_tb1,repackage_idea,señal vs ruido,claridad,texto corto lado izquierdo + elemento visual lado derecho,evitar promesas absolutas y claims no verificables
cp_121_1b58c8b8f5,cp_121_1b58c8b8f5_tb1,tema clave,señal vs ruido,claridad,texto corto lado izquierdo + elemento visual lado derecho,evitar promesas absolutas y claims no verificables
cp_122_f27715aa76,cp_122_f27715aa76_tb1,repackage_idea,señal vs ruido,claridad,texto corto lado izquierdo + elemento visual lado derecho,evitar promesas absolutas y claims no verificables
cp_123_b297d467b6,cp_123_b297d467b6_tb1,repackage_idea,señal vs ruido,claridad,texto corto lado izquierdo + elemento visual lado derecho,evitar promesas absolutas y claims no verificables
cp_124_84f45fd105,cp_124_84f45fd105_tb1,repackage_idea,señal vs ruido,claridad,texto corto lado izquierdo + elemento visual lado derecho,evitar promesas absolutas y claims no verificables
cp_125_6ba421349f,cp_125_6ba421349f_tb1,repackage_idea,señal vs ruido,claridad,texto corto lado izquierdo + elemento visual lado derecho,evitar promesas absolutas y claims no verificables
cp_126_155e082fd3,cp_126_155e082fd3_tb1,repackage_idea,señal vs ruido,claridad,texto corto lado izquierdo + elemento visual lado derecho,evitar promesas absolutas y claims no verificables
cp_127_58591d4602,cp_127_58591d4602_tb1,repackage_idea,señal vs ruido,claridad,texto corto lado izquierdo + elemento visual lado derecho,evitar promesas absolutas y claims no verificables
cp_128_c712ba5869,cp_128_c712ba5869_tb1,repackage_idea,señal vs ruido,claridad,texto corto lado izquierdo + elemento visual lado derecho,evitar promesas absolutas y claims no verificables
cp_129_86103dbd8b,cp_129_86103dbd8b_tb1,repackage_idea,señal vs ruido,claridad,texto corto lado izquierdo + elemento visual lado derecho,evitar promesas absolutas y claims no verificables
cp_131_58175dba11,cp_131_58175dba11_tb1,repackage_idea,señal vs ruido,claridad,texto corto lado izquierdo + elemento visual lado derecho,evitar promesas absolutas y claims no verificables
cp_132_763e20a426,cp_132_763e20a426_tb1,repackage_idea,señal vs ruido,claridad,texto corto lado izquierdo + elemento visual lado derecho,evitar promesas absolutas y claims no verificables
cp_133_dd306fc31d,cp_133_dd306fc31d_tb1,repackage_idea,señal vs ruido,claridad,texto corto lado izquierdo + elemento visual lado derecho,evitar promesas absolutas y claims no verificables
cp_134_1b64f7c865,cp_134_1b64f7c865_tb1,repackage_idea,señal vs ruido,claridad,texto corto lado izquierdo + elemento visual lado derecho,evitar promesas absolutas y claims no verificables
cp_135_c0b138b929,cp_135_c0b138b929_tb1,create_fast_reaction,señal vs ruido,urgencia,texto corto lado izquierdo + elemento visual lado derecho,evitar promesas absolutas y claims no verificables
cp_136_4034ba064f,cp_136_4034ba064f_tb1,repackage_idea,señal vs ruido,claridad,texto corto lado izquierdo + elemento visual lado derecho,evitar promesas absolutas y claims no verificables
cp_137_5950c37c19,cp_137_5950c37c19_tb1,repackage_idea,señal vs ruido,claridad,texto corto lado izquierdo + elemento visual lado derecho,evitar promesas absolutas y claims no verificables
cp_140_53a79502a1,cp_140_53a79502a1_tb1,repackage_idea,señal vs ruido,claridad,texto corto lado izquierdo + elemento visual lado derecho,evitar promesas absolutas y claims no verificables
cp_141_48cad6bde5,cp_141_48cad6bde5_tb1,repackage_idea,señal vs ruido,claridad,texto corto lado izquierdo + elemento visual lado derecho,evitar promesas absolutas y claims no verificables
cp_142_f68bb03219,cp_142_f68bb03219_tb1,repackage_idea,señal vs ruido,claridad,texto corto lado izquierdo + elemento visual lado derecho,evitar promesas absolutas y claims no verificables
cp_145_9f9cdccf17,cp_145_9f9cdccf17_tb1,repackage_idea,señal vs ruido,claridad,texto corto lado izquierdo + elemento visual lado derecho,evitar promesas absolutas y claims no verificables
cp_146_4461f774ca,cp_146_4461f774ca_tb1,tema clave,señal vs ruido,claridad,texto corto lado izquierdo + elemento visual lado derecho,evitar promesas absolutas y claims no verificables
cp_147_eb3fcaa1eb,cp_147_eb3fcaa1eb_tb1,repackage_idea,señal vs ruido,claridad,texto corto lado izquierdo + elemento visual lado derecho,evitar promesas absolutas y claims no verificables
cp_148_86a9f308f9,cp_148_86a9f308f9_tb1,repackage_idea,señal vs ruido,claridad,texto corto lado izquierdo + elemento visual lado derecho,evitar promesas absolutas y claims no verificables
cp_149_a998914988,cp_149_a998914988_tb1,repackage_idea,señal vs ruido,claridad,texto corto lado izquierdo + elemento visual lado derecho,evitar promesas absolutas y claims no verificables
cp_150_465b2c0459,cp_150_465b2c0459_tb1,repackage_idea,señal vs ruido,claridad,texto corto lado izquierdo + elemento visual lado derecho,evitar promesas absolutas y claims no verificables
cp_151_0ad0466d85,cp_151_0ad0466d85_tb1,repackage_idea,señal vs ruido,claridad,texto corto lado izquierdo + elemento visual lado derecho,evitar promesas absolutas y claims no verificables
cp_152_bd5b7bc5b8,cp_152_bd5b7bc5b8_tb1,repackage_idea,señal vs ruido,claridad,texto corto lado izquierdo + elemento visual lado derecho,evitar promesas absolutas y claims no verificables
cp_153_4e19a9b29a,cp_153_4e19a9b29a_tb1,repackage_idea,señal vs ruido,claridad,texto corto lado izquierdo + elemento visual lado derecho,evitar promesas absolutas y claims no verificables
cp_155_894b438456,cp_155_894b438456_tb1,repackage_idea,señal vs ruido,claridad,texto corto lado izquierdo + elemento visual lado derecho,evitar promesas absolutas y claims no verificables
cp_156_349bc77b4d,cp_156_349bc77b4d_tb1,repackage_idea,señal vs ruido,claridad,texto corto lado izquierdo + elemento visual lado derecho,evitar promesas absolutas y claims no verificables
cp_157_e33fdb11e1,cp_157_e33fdb11e1_tb1,repackage_idea,señal vs ruido,claridad,texto corto lado izquierdo + elemento visual lado derecho,evitar promesas absolutas y claims no verificables
cp_159_7f1b545bc7,cp_159_7f1b545bc7_tb1,repackage_idea,señal vs ruido,claridad,texto corto lado izquierdo + elemento visual lado derecho,evitar promesas absolutas y claims no verificables
cp_160_af0c81a61d,cp_160_af0c81a61d_tb1,repackage_idea,señal vs ruido,claridad,texto corto lado izquierdo + elemento visual lado derecho,evitar promesas absolutas y claims no verificables
cp_161_8fe5cb771c,cp_161_8fe5cb771c_tb1,repackage_idea,señal vs ruido,claridad,texto corto lado izquierdo + elemento visual lado derecho,evitar promesas absolutas y claims no verificables
cp_162_29ae69ad87,cp_162_29ae69ad87_tb1,repackage_idea,señal vs ruido,claridad,texto corto lado izquierdo + elemento visual lado derecho,evitar promesas absolutas y claims no verificables
cp_163_8567871acd,cp_163_8567871acd_tb1,repackage_idea,señal vs ruido,claridad,texto corto lado izquierdo + elemento visual lado derecho,evitar promesas absolutas y claims no verificables
cp_164_03c0b94d40,cp_164_03c0b94d40_tb1,repackage_idea,señal vs ruido,claridad,texto corto lado izquierdo + elemento visual lado derecho,evitar promesas absolutas y claims no verificables
cp_166_df035d5fe0,cp_166_df035d5fe0_tb1,repackage_idea,señal vs ruido,claridad,texto corto lado izquierdo + elemento visual lado derecho,evitar promesas absolutas y claims no verificables
cp_167_ac0446321e,cp_167_ac0446321e_tb1,repackage_idea,señal vs ruido,claridad,texto corto lado izquierdo + elemento visual lado derecho,evitar promesas absolutas y claims no verificables
cp_168_2a5073a1ca,cp_168_2a5073a1ca_tb1,repackage_idea,señal vs ruido,claridad,texto corto lado izquierdo + elemento visual lado derecho,evitar promesas absolutas y claims no verificables
cp_169_62e2d63b49,cp_169_62e2d63b49_tb1,repackage_idea,señal vs ruido,claridad,texto corto lado izquierdo + elemento visual lado derecho,evitar promesas absolutas y claims no verificables
cp_170_b3728239d3,cp_170_b3728239d3_tb1,repackage_idea,señal vs ruido,claridad,texto corto lado izquierdo + elemento visual lado derecho,evitar promesas absolutas y claims no verificables
cp_171_76f573b16c,cp_171_76f573b16c_tb1,repackage_idea,señal vs ruido,claridad,texto corto lado izquierdo + elemento visual lado derecho,evitar promesas absolutas y claims no verificables
cp_172_cc9dea5d02,cp_172_cc9dea5d02_tb1,repackage_idea,señal vs ruido,claridad,texto corto lado izquierdo + elemento visual lado derecho,evitar promesas absolutas y claims no verificables
cp_173_62409a6878,cp_173_62409a6878_tb1,repackage_idea,señal vs ruido,claridad,texto corto lado izquierdo + elemento visual lado derecho,evitar promesas absolutas y claims no verificables
cp_174_dd2d8cbcc4,cp_174_dd2d8cbcc4_tb1,repackage_idea,señal vs ruido,claridad,texto corto lado izquierdo + elemento visual lado derecho,evitar promesas absolutas y claims no verificables
cp_175_8f300ab6d9,cp_175_8f300ab6d9_tb1,repackage_idea,señal vs ruido,claridad,texto corto lado izquierdo + elemento visual lado derecho,evitar promesas absolutas y claims no verificables
cp_176_2ac5220f66,cp_176_2ac5220f66_tb1,repackage_idea,señal vs ruido,claridad,texto corto lado izquierdo + elemento visual lado derecho,evitar promesas absolutas y claims no verificables
cp_177_a541efd808,cp_177_a541efd808_tb1,repackage_idea,señal vs ruido,claridad,texto corto lado izquierdo + elemento visual lado derecho,evitar promesas absolutas y claims no verificables
cp_178_ad41a391da,cp_178_ad41a391da_tb1,repackage_idea,señal vs ruido,claridad,texto corto lado izquierdo + elemento visual lado derecho,evitar promesas absolutas y claims no verificables
cp_179_d50da4d5ac,cp_179_d50da4d5ac_tb1,tema clave,señal vs ruido,claridad,texto corto lado izquierdo + elemento visual lado derecho,evitar promesas absolutas y claims no verificables
cp_180_70c41c8379,cp_180_70c41c8379_tb1,repackage_idea,señal vs ruido,claridad,texto corto lado izquierdo + elemento visual lado derecho,evitar promesas absolutas y claims no verificables
cp_182_e248e7e2c6,cp_182_e248e7e2c6_tb1,repackage_idea,señal vs ruido,claridad,texto corto lado izquierdo + elemento visual lado derecho,evitar promesas absolutas y claims no verificables
cp_183_b5dceef78b,cp_183_b5dceef78b_tb1,repackage_idea,señal vs ruido,claridad,texto corto lado izquierdo + elemento visual lado derecho,evitar promesas absolutas y claims no verificables
cp_184_5202f2f95e,cp_184_5202f2f95e_tb1,repackage_idea,señal vs ruido,claridad,texto corto lado izquierdo + elemento visual lado derecho,evitar promesas absolutas y claims no verificables
cp_185_62a3d0d586,cp_185_62a3d0d586_tb1,tema clave,señal vs ruido,claridad,texto corto lado izquierdo + elemento visual lado derecho,evitar promesas absolutas y claims no verificables
cp_186_c89b3eca20,cp_186_c89b3eca20_tb1,repackage_idea,señal vs ruido,claridad,texto corto lado izquierdo + elemento visual lado derecho,evitar promesas absolutas y claims no verificables
cp_187_992bf27ab2,cp_187_992bf27ab2_tb1,repackage_idea,señal vs ruido,claridad,texto corto lado izquierdo + elemento visual lado derecho,evitar promesas absolutas y claims no verificables
cp_189_9120d51c1e,cp_189_9120d51c1e_tb1,repackage_idea,señal vs ruido,claridad,texto corto lado izquierdo + elemento visual lado derecho,evitar promesas absolutas y claims no verificables
cp_190_f53f208daf,cp_190_f53f208daf_tb1,repackage_idea,señal vs ruido,claridad,texto corto lado izquierdo + elemento visual lado derecho,evitar promesas absolutas y claims no verificables
cp_191_d717a20267,cp_191_d717a20267_tb1,repackage_idea,señal vs ruido,claridad,texto corto lado izquierdo + elemento visual lado derecho,evitar promesas absolutas y claims no verificables
cp_192_854c0a7ba5,cp_192_854c0a7ba5_tb1,repackage_idea,señal vs ruido,claridad,texto corto lado izquierdo + elemento visual lado derecho,evitar promesas absolutas y claims no verificables
cp_193_91efd13903,cp_193_91efd13903_tb1,repackage_idea,señal vs ruido,claridad,texto corto lado izquierdo + elemento visual lado derecho,evitar promesas absolutas y claims no verificables
cp_195_f8635a48f1,cp_195_f8635a48f1_tb1,tema clave,señal vs ruido,claridad,texto corto lado izquierdo + elemento visual lado derecho,evitar promesas absolutas y claims no verificables
cp_196_40e310f392,cp_196_40e310f392_tb1,repackage_idea,señal vs ruido,claridad,texto corto lado izquierdo + elemento visual lado derecho,evitar promesas absolutas y claims no verificables
cp_198_49907a6d0d,cp_198_49907a6d0d_tb1,repackage_idea,señal vs ruido,claridad,texto corto lado izquierdo + elemento visual lado derecho,evitar promesas absolutas y claims no verificables
cp_199_237822a6f1,cp_199_237822a6f1_tb1,repackage_idea,señal vs ruido,claridad,texto corto lado izquierdo + elemento visual lado derecho,evitar promesas absolutas y claims no verificables
cp_200_c345b3f956,cp_200_c345b3f956_tb1,repackage_idea,señal vs ruido,claridad,texto corto lado izquierdo + elemento visual lado derecho,evitar promesas absolutas y claims no verificables
cp_201_1a0b582686,cp_201_1a0b582686_tb1,tema clave,señal vs ruido,claridad,texto corto lado izquierdo + elemento visual lado derecho,evitar promesas absolutas y claims no verificables
cp_202_d0e29a8ad1,cp_202_d0e29a8ad1_tb1,repackage_idea,señal vs ruido,claridad,texto corto lado izquierdo + elemento visual lado derecho,evitar promesas absolutas y claims no verificables
cp_203_fc114cf6e8,cp_203_fc114cf6e8_tb1,repackage_idea,señal vs ruido,claridad,texto corto lado izquierdo + elemento visual lado derecho,evitar promesas absolutas y claims no verificables
cp_204_0fa2cad030,cp_204_0fa2cad030_tb1,repackage_idea,señal vs ruido,claridad,texto corto lado izquierdo + elemento visual lado derecho,evitar promesas absolutas y claims no verificables
cp_206_7b56a3855f,cp_206_7b56a3855f_tb1,repackage_idea,señal vs ruido,claridad,texto corto lado izquierdo + elemento visual lado derecho,evitar promesas absolutas y claims no verificables
cp_207_d33314dae2,cp_207_d33314dae2_tb1,repackage_idea,señal vs ruido,claridad,texto corto lado izquierdo + elemento visual lado derecho,evitar promesas absolutas y claims no verificables
cp_208_5e239d2548,cp_208_5e239d2548_tb1,repackage_idea,señal vs ruido,claridad,texto corto lado izquierdo + elemento visual lado derecho,evitar promesas absolutas y claims no verificables
cp_209_773e29020a,cp_209_773e29020a_tb1,create_fast_reaction,señal vs ruido,urgencia,texto corto lado izquierdo + elemento visual lado derecho,evitar promesas absolutas y claims no verificables
cp_210_b1accb0116,cp_210_b1accb0116_tb1,repackage_idea,señal vs ruido,claridad,texto corto lado izquierdo + elemento visual lado derecho,evitar promesas absolutas y claims no verificables
cp_211_d08877143d,cp_211_d08877143d_tb1,repackage_idea,señal vs ruido,claridad,texto corto lado izquierdo + elemento visual lado derecho,evitar promesas absolutas y claims no verificables
cp_212_36a91d148f,cp_212_36a91d148f_tb1,repackage_idea,señal vs ruido,claridad,texto corto lado izquierdo + elemento visual lado derecho,evitar promesas absolutas y claims no verificables
cp_213_a603b48c59,cp_213_a603b48c59_tb1,repackage_idea,señal vs ruido,claridad,texto corto lado izquierdo + elemento visual lado derecho,evitar promesas absolutas y claims no verificables
cp_214_721ebc26d7,cp_214_721ebc26d7_tb1,repackage_idea,señal vs ruido,claridad,texto corto lado izquierdo + elemento visual lado derecho,evitar promesas absolutas y claims no verificables
cp_215_7bd62263cc,cp_215_7bd62263cc_tb1,tema clave,señal vs ruido,claridad,texto corto lado izquierdo + elemento visual lado derecho,evitar promesas absolutas y claims no verificables
cp_218_c822be19e6,cp_218_c822be19e6_tb1,repackage_idea,señal vs ruido,claridad,texto corto lado izquierdo + elemento visual lado derecho,evitar promesas absolutas y claims no verificables
cp_219_1e65522254,cp_219_1e65522254_tb1,repackage_idea,señal vs ruido,claridad,texto corto lado izquierdo + elemento visual lado derecho,evitar promesas absolutas y claims no verificables
cp_220_fd64cb9846,cp_220_fd64cb9846_tb1,repackage_idea,señal vs ruido,claridad,texto corto lado izquierdo + elemento visual lado derecho,evitar promesas absolutas y claims no verificables
cp_221_13f3230eca,cp_221_13f3230eca_tb1,repackage_idea,señal vs ruido,claridad,texto corto lado izquierdo + elemento visual lado derecho,evitar promesas absolutas y claims no verificables
cp_222_e4cc3735e5,cp_222_e4cc3735e5_tb1,repackage_idea,señal vs ruido,claridad,texto corto lado izquierdo + elemento visual lado derecho,evitar promesas absolutas y claims no verificables
cp_224_f25a5ce6af,cp_224_f25a5ce6af_tb1,repackage_idea,señal vs ruido,claridad,texto corto lado izquierdo + elemento visual lado derecho,evitar promesas absolutas y claims no verificables
cp_225_71141b7976,cp_225_71141b7976_tb1,repackage_idea,señal vs ruido,claridad,texto corto lado izquierdo + elemento visual lado derecho,evitar promesas absolutas y claims no verificables
cp_226_08362f8700,cp_226_08362f8700_tb1,repackage_idea,señal vs ruido,claridad,texto corto lado izquierdo + elemento visual lado derecho,evitar promesas absolutas y claims no verificables
cp_227_43694ce4f2,cp_227_43694ce4f2_tb1,repackage_idea,señal vs ruido,claridad,texto corto lado izquierdo + elemento visual lado derecho,evitar promesas absolutas y claims no verificables
cp_228_fd06ab5051,cp_228_fd06ab5051_tb1,repackage_idea,señal vs ruido,claridad,texto corto lado izquierdo + elemento visual lado derecho,evitar promesas absolutas y claims no verificables
cp_229_f0d5f62c78,cp_229_f0d5f62c78_tb1,repackage_idea,señal vs ruido,claridad,texto corto lado izquierdo + elemento visual lado derecho,evitar promesas absolutas y claims no verificables
cp_230_120b21096b,cp_230_120b21096b_tb1,repackage_idea,señal vs ruido,claridad,texto corto lado izquierdo + elemento visual lado derecho,evitar promesas absolutas y claims no verificables
cp_231_916338fd08,cp_231_916338fd08_tb1,repackage_idea,señal vs ruido,claridad,texto corto lado izquierdo + elemento visual lado derecho,evitar promesas absolutas y claims no verificables
cp_232_d29e04e822,cp_232_d29e04e822_tb1,repackage_idea,señal vs ruido,claridad,texto corto lado izquierdo + elemento visual lado derecho,evitar promesas absolutas y claims no verificables
cp_233_ef39625f7b,cp_233_ef39625f7b_tb1,repackage_idea,señal vs ruido,claridad,texto corto lado izquierdo + elemento visual lado derecho,evitar promesas absolutas y claims no verificables
cp_234_ac7a7f6feb,cp_234_ac7a7f6feb_tb1,repackage_idea,señal vs ruido,claridad,texto corto lado izquierdo + elemento visual lado derecho,evitar promesas absolutas y claims no verificables
cp_235_4f189c7c47,cp_235_4f189c7c47_tb1,repackage_idea,señal vs ruido,claridad,texto corto lado izquierdo + elemento visual lado derecho,evitar promesas absolutas y claims no verificables
cp_236_f75f9926b0,cp_236_f75f9926b0_tb1,tema clave,señal vs ruido,claridad,texto corto lado izquierdo + elemento visual lado derecho,evitar promesas absolutas y claims no verificables
cp_237_0ae2094a15,cp_237_0ae2094a15_tb1,repackage_idea,señal vs ruido,claridad,texto corto lado izquierdo + elemento visual lado derecho,evitar promesas absolutas y claims no verificables
cp_238_21361a190c,cp_238_21361a190c_tb1,repackage_idea,señal vs ruido,claridad,texto corto lado izquierdo + elemento visual lado derecho,evitar promesas absolutas y claims no verificables
cp_239_acfeca6ad5,cp_239_acfeca6ad5_tb1,repackage_idea,señal vs ruido,claridad,texto corto lado izquierdo + elemento visual lado derecho,evitar promesas absolutas y claims no verificables
cp_240_1709d9fd0c,cp_240_1709d9fd0c_tb1,repackage_idea,señal vs ruido,claridad,texto corto lado izquierdo + elemento visual lado derecho,evitar promesas absolutas y claims no verificables
cp_241_d5b8f61dd5,cp_241_d5b8f61dd5_tb1,repackage_idea,señal vs ruido,claridad,texto corto lado izquierdo + elemento visual lado derecho,evitar promesas absolutas y claims no verificables
cp_242_166694b38a,cp_242_166694b38a_tb1,repackage_idea,señal vs ruido,claridad,texto corto lado izquierdo + elemento visual lado derecho,evitar promesas absolutas y claims no verificables
cp_243_6f549c8be5,cp_243_6f549c8be5_tb1,repackage_idea,señal vs ruido,claridad,texto corto lado izquierdo + elemento visual lado derecho,evitar promesas absolutas y claims no verificables
cp_244_79bb385a59,cp_244_79bb385a59_tb1,repackage_idea,señal vs ruido,claridad,texto corto lado izquierdo + elemento visual lado derecho,evitar promesas absolutas y claims no verificables
cp_245_a7eb1e945a,cp_245_a7eb1e945a_tb1,repackage_idea,señal vs ruido,claridad,texto corto lado izquierdo + elemento visual lado derecho,evitar promesas absolutas y claims no verificables
cp_246_901817efcd,cp_246_901817efcd_tb1,tema clave,señal vs ruido,claridad,texto corto lado izquierdo + elemento visual lado derecho,evitar promesas absolutas y claims no verificables
cp_247_6cb4759c81,cp_247_6cb4759c81_tb1,repackage_idea,señal vs ruido,claridad,texto corto lado izquierdo + elemento visual lado derecho,evitar promesas absolutas y claims no verificables
cp_249_a892e0427e,cp_249_a892e0427e_tb1,repackage_idea,señal vs ruido,claridad,texto corto lado izquierdo + elemento visual lado derecho,evitar promesas absolutas y claims no verificables
cp_250_e47c062758,cp_250_e47c062758_tb1,repackage_idea,señal vs ruido,claridad,texto corto lado izquierdo + elemento visual lado derecho,evitar promesas absolutas y claims no verificables
cp_251_ec4763ab47,cp_251_ec4763ab47_tb1,repackage_idea,señal vs ruido,claridad,texto corto lado izquierdo + elemento visual lado derecho,evitar promesas absolutas y claims no verificables
cp_252_7c5be9c1cc,cp_252_7c5be9c1cc_tb1,repackage_idea,señal vs ruido,claridad,texto corto lado izquierdo + elemento visual lado derecho,evitar promesas absolutas y claims no verificables
cp_253_bd12f5da7a,cp_253_bd12f5da7a_tb1,analyze_reference,señal vs ruido,claridad,texto corto lado izquierdo + elemento visual lado derecho,evitar promesas absolutas y claims no verificables
cp_254_0676b8be47,cp_254_0676b8be47_tb1,repackage_idea,señal vs ruido,claridad,texto corto lado izquierdo + elemento visual lado derecho,evitar promesas absolutas y claims no verificables
cp_255_51ba5c133e,cp_255_51ba5c133e_tb1,repackage_idea,señal vs ruido,claridad,texto corto lado izquierdo + elemento visual lado derecho,evitar promesas absolutas y claims no verificables
cp_256_7531883717,cp_256_7531883717_tb1,repackage_idea,señal vs ruido,claridad,texto corto lado izquierdo + elemento visual lado derecho,evitar promesas absolutas y claims no verificables
cp_257_91651dead7,cp_257_91651dead7_tb1,repackage_idea,señal vs ruido,claridad,texto corto lado izquierdo + elemento visual lado derecho,evitar promesas absolutas y claims no verificables
cp_258_ba92a34d14,cp_258_ba92a34d14_tb1,repackage_idea,señal vs ruido,claridad,texto corto lado izquierdo + elemento visual lado derecho,evitar promesas absolutas y claims no verificables
cp_259_d342d19aec,cp_259_d342d19aec_tb1,repackage_idea,señal vs ruido,claridad,texto corto lado izquierdo + elemento visual lado derecho,evitar promesas absolutas y claims no verificables
cp_260_f2b18ff5bf,cp_260_f2b18ff5bf_tb1,repackage_idea,señal vs ruido,claridad,texto corto lado izquierdo + elemento visual lado derecho,evitar promesas absolutas y claims no verificables
cp_261_965bf971fa,cp_261_965bf971fa_tb1,repackage_idea,señal vs ruido,claridad,texto corto lado izquierdo + elemento visual lado derecho,evitar promesas absolutas y claims no verificables
cp_262_5a902cbafa,cp_262_5a902cbafa_tb1,repackage_idea,señal vs ruido,claridad,texto corto lado izquierdo + elemento visual lado derecho,evitar promesas absolutas y claims no verificables
cp_264_01807e7ff1,cp_264_01807e7ff1_tb1,repackage_idea,señal vs ruido,claridad,texto corto lado izquierdo + elemento visual lado derecho,evitar promesas absolutas y claims no verificables
cp_266_0227f01d8d,cp_266_0227f01d8d_tb1,repackage_idea,señal vs ruido,claridad,texto corto lado izquierdo + elemento visual lado derecho,evitar promesas absolutas y claims no verificables
cp_267_fd89012d7b,cp_267_fd89012d7b_tb1,repackage_idea,señal vs ruido,claridad,texto corto lado izquierdo + elemento visual lado derecho,evitar promesas absolutas y claims no verificables
cp_268_8513116bb6,cp_268_8513116bb6_tb1,repackage_idea,señal vs ruido,claridad,texto corto lado izquierdo + elemento visual lado derecho,evitar promesas absolutas y claims no verificables
cp_269_2ca460f242,cp_269_2ca460f242_tb1,repackage_idea,señal vs ruido,claridad,texto corto lado izquierdo + elemento visual lado derecho,evitar promesas absolutas y claims no verificables
cp_270_6837743677,cp_270_6837743677_tb1,repackage_idea,señal vs ruido,claridad,texto corto lado izquierdo + elemento visual lado derecho,evitar promesas absolutas y claims no verificables
cp_271_0be02e4c8e,cp_271_0be02e4c8e_tb1,repackage_idea,señal vs ruido,claridad,texto corto lado izquierdo + elemento visual lado derecho,evitar promesas absolutas y claims no verificables
cp_272_bbee963f42,cp_272_bbee963f42_tb1,repackage_idea,señal vs ruido,claridad,texto corto lado izquierdo + elemento visual lado derecho,evitar promesas absolutas y claims no verificables
cp_273_f64b1fb76d,cp_273_f64b1fb76d_tb1,repackage_idea,señal vs ruido,claridad,texto corto lado izquierdo + elemento visual lado derecho,evitar promesas absolutas y claims no verificables
cp_274_42b5be54a6,cp_274_42b5be54a6_tb1,tema clave,señal vs ruido,claridad,texto corto lado izquierdo + elemento visual lado derecho,evitar promesas absolutas y claims no verificables
cp_275_90d19dd1aa,cp_275_90d19dd1aa_tb1,repackage_idea,señal vs ruido,claridad,texto corto lado izquierdo + elemento visual lado derecho,evitar promesas absolutas y claims no verificables
cp_276_4dc990aee3,cp_276_4dc990aee3_tb1,repackage_idea,señal vs ruido,claridad,texto corto lado izquierdo + elemento visual lado derecho,evitar promesas absolutas y claims no verificables
cp_277_c0bdc4b7de,cp_277_c0bdc4b7de_tb1,repackage_idea,señal vs ruido,claridad,texto corto lado izquierdo + elemento visual lado derecho,evitar promesas absolutas y claims no verificables
cp_278_4ca58f2492,cp_278_4ca58f2492_tb1,repackage_idea,señal vs ruido,claridad,texto corto lado izquierdo + elemento visual lado derecho,evitar promesas absolutas y claims no verificables
cp_279_d58cb90c34,cp_279_d58cb90c34_tb1,repackage_idea,señal vs ruido,claridad,texto corto lado izquierdo + elemento visual lado derecho,evitar promesas absolutas y claims no verificables
cp_280_e18fcaa779,cp_280_e18fcaa779_tb1,repackage_idea,señal vs ruido,claridad,texto corto lado izquierdo + elemento visual lado derecho,evitar promesas absolutas y claims no verificables
cp_281_d598308661,cp_281_d598308661_tb1,repackage_idea,señal vs ruido,claridad,texto corto lado izquierdo + elemento visual lado derecho,evitar promesas absolutas y claims no verificables
cp_282_c377e3ef74,cp_282_c377e3ef74_tb1,repackage_idea,señal vs ruido,claridad,texto corto lado izquierdo + elemento visual lado derecho,evitar promesas absolutas y claims no verificables
cp_283_65b2cc45b1,cp_283_65b2cc45b1_tb1,repackage_idea,señal vs ruido,claridad,texto corto lado izquierdo + elemento visual lado derecho,evitar promesas absolutas y claims no verificables
cp_284_e7caea8652,cp_284_e7caea8652_tb1,repackage_idea,señal vs ruido,claridad,texto corto lado izquierdo + elemento visual lado derecho,evitar promesas absolutas y claims no verificables
cp_285_7be9e60bfc,cp_285_7be9e60bfc_tb1,repackage_idea,señal vs ruido,claridad,texto corto lado izquierdo + elemento visual lado derecho,evitar promesas absolutas y claims no verificables
cp_286_2a4b05acc5,cp_286_2a4b05acc5_tb1,repackage_idea,señal vs ruido,claridad,texto corto lado izquierdo + elemento visual lado derecho,evitar promesas absolutas y claims no verificables
cp_287_0cd393967d,cp_287_0cd393967d_tb1,repackage_idea,señal vs ruido,claridad,texto corto lado izquierdo + elemento visual lado derecho,evitar promesas absolutas y claims no verificables
cp_288_9e98a22b4f,cp_288_9e98a22b4f_tb1,repackage_idea,señal vs ruido,claridad,texto corto lado izquierdo + elemento visual lado derecho,evitar promesas absolutas y claims no verificables
cp_290_9ee2b8b1dd,cp_290_9ee2b8b1dd_tb1,repackage_idea,señal vs ruido,claridad,texto corto lado izquierdo + elemento visual lado derecho,evitar promesas absolutas y claims no verificables
cp_291_2301c8396e,cp_291_2301c8396e_tb1,repackage_idea,señal vs ruido,claridad,texto corto lado izquierdo + elemento visual lado derecho,evitar promesas absolutas y claims no verificables
cp_292_8ee2cb074d,cp_292_8ee2cb074d_tb1,repackage_idea,señal vs ruido,claridad,texto corto lado izquierdo + elemento visual lado derecho,evitar promesas absolutas y claims no verificables
cp_293_1df1d24f79,cp_293_1df1d24f79_tb1,repackage_idea,señal vs ruido,claridad,texto corto lado izquierdo + elemento visual lado derecho,evitar promesas absolutas y claims no verificables
cp_294_0c8daba1e8,cp_294_0c8daba1e8_tb1,repackage_idea,señal vs ruido,claridad,texto corto lado izquierdo + elemento visual lado derecho,evitar promesas absolutas y claims no verificables
cp_295_7e01bec361,cp_295_7e01bec361_tb1,repackage_idea,señal vs ruido,claridad,texto corto lado izquierdo + elemento visual lado derecho,evitar promesas absolutas y claims no verificables
cp_296_beb1ee82f0,cp_296_beb1ee82f0_tb1,repackage_idea,señal vs ruido,claridad,texto corto lado izquierdo + elemento visual lado derecho,evitar promesas absolutas y claims no verificables
cp_297_8bb912d9cd,cp_297_8bb912d9cd_tb1,repackage_idea,señal vs ruido,claridad,texto corto lado izquierdo + elemento visual lado derecho,evitar promesas absolutas y claims no verificables
cp_298_9e7748aeae,cp_298_9e7748aeae_tb1,repackage_idea,señal vs ruido,claridad,texto corto lado izquierdo + elemento visual lado derecho,evitar promesas absolutas y claims no verificables
cp_299_10454ca809,cp_299_10454ca809_tb1,repackage_idea,señal vs ruido,claridad,texto corto lado izquierdo + elemento visual lado derecho,evitar promesas absolutas y claims no verificables
cp_300_ce02760ade,cp_300_ce02760ade_tb1,repackage_idea,señal vs ruido,claridad,texto corto lado izquierdo + elemento visual lado derecho,evitar promesas absolutas y claims no verificables
cp_301_e4657c3ad2,cp_301_e4657c3ad2_tb1,repackage_idea,señal vs ruido,claridad,texto corto lado izquierdo + elemento visual lado derecho,evitar promesas absolutas y claims no verificables
cp_302_d7731c0a29,cp_302_d7731c0a29_tb1,repackage_idea,señal vs ruido,claridad,texto corto lado izquierdo + elemento visual lado derecho,evitar promesas absolutas y claims no verificables
cp_303_38bff47591,cp_303_38bff47591_tb1,repackage_idea,señal vs ruido,claridad,texto corto lado izquierdo + elemento visual lado derecho,evitar promesas absolutas y claims no verificables
cp_304_87720350e2,cp_304_87720350e2_tb1,repackage_idea,señal vs ruido,claridad,texto corto lado izquierdo + elemento visual lado derecho,evitar promesas absolutas y claims no verificables
cp_306_f1c4cc4d8a,cp_306_f1c4cc4d8a_tb1,repackage_idea,señal vs ruido,claridad,texto corto lado izquierdo + elemento visual lado derecho,evitar promesas absolutas y claims no verificables
cp_307_5d9ad12846,cp_307_5d9ad12846_tb1,repackage_idea,señal vs ruido,claridad,texto corto lado izquierdo + elemento visual lado derecho,evitar promesas absolutas y claims no verificables
cp_308_ccdee4a7b2,cp_308_ccdee4a7b2_tb1,tema clave,señal vs ruido,claridad,texto corto lado izquierdo + elemento visual lado derecho,evitar promesas absolutas y claims no verificables
cp_309_261c2b642a,cp_309_261c2b642a_tb1,tema clave,señal vs ruido,claridad,texto corto lado izquierdo + elemento visual lado derecho,evitar promesas absolutas y claims no verificables
cp_310_0d0fa4246a,cp_310_0d0fa4246a_tb1,repackage_idea,señal vs ruido,claridad,texto corto lado izquierdo + elemento visual lado derecho,evitar promesas absolutas y claims no verificables
cp_311_9d44615bcd,cp_311_9d44615bcd_tb1,repackage_idea,señal vs ruido,claridad,texto corto lado izquierdo + elemento visual lado derecho,evitar promesas absolutas y claims no verificables
cp_312_b9bffc73dc,cp_312_b9bffc73dc_tb1,repackage_idea,señal vs ruido,claridad,texto corto lado izquierdo + elemento visual lado derecho,evitar promesas absolutas y claims no verificables
cp_313_038e06029a,cp_313_038e06029a_tb1,repackage_idea,señal vs ruido,claridad,texto corto lado izquierdo + elemento visual lado derecho,evitar promesas absolutas y claims no verificables
cp_314_1398440e8c,cp_314_1398440e8c_tb1,tema clave,señal vs ruido,claridad,texto corto lado izquierdo + elemento visual lado derecho,evitar promesas absolutas y claims no verificables
cp_315_72a9e3d285,cp_315_72a9e3d285_tb1,repackage_idea,señal vs ruido,claridad,texto corto lado izquierdo + elemento visual lado derecho,evitar promesas absolutas y claims no verificables
cp_316_fdf5d074d8,cp_316_fdf5d074d8_tb1,repackage_idea,señal vs ruido,claridad,texto corto lado izquierdo + elemento visual lado derecho,evitar promesas absolutas y claims no verificables
cp_317_841821e46c,cp_317_841821e46c_tb1,repackage_idea,señal vs ruido,claridad,texto corto lado izquierdo + elemento visual lado derecho,evitar promesas absolutas y claims no verificables
cp_318_a48240da11,cp_318_a48240da11_tb1,repackage_idea,señal vs ruido,claridad,texto corto lado izquierdo + elemento visual lado derecho,evitar promesas absolutas y claims no verificables
cp_319_3e31568683,cp_319_3e31568683_tb1,repackage_idea,señal vs ruido,claridad,texto corto lado izquierdo + elemento visual lado derecho,evitar promesas absolutas y claims no verificables
cp_321_1ab41b8f3a,cp_321_1ab41b8f3a_tb1,repackage_idea,señal vs ruido,claridad,texto corto lado izquierdo + elemento visual lado derecho,evitar promesas absolutas y claims no verificables
cp_322_61c3d3e2f8,cp_322_61c3d3e2f8_tb1,repackage_idea,señal vs ruido,claridad,texto corto lado izquierdo + elemento visual lado derecho,evitar promesas absolutas y claims no verificables
cp_323_d4f6232a27,cp_323_d4f6232a27_tb1,repackage_idea,señal vs ruido,claridad,texto corto lado izquierdo + elemento visual lado derecho,evitar promesas absolutas y claims no verificables
cp_324_6eb3619cd6,cp_324_6eb3619cd6_tb1,repackage_idea,señal vs ruido,claridad,texto corto lado izquierdo + elemento visual lado derecho,evitar promesas absolutas y claims no verificables
cp_325_0374d2897d,cp_325_0374d2897d_tb1,tema clave,señal vs ruido,claridad,texto corto lado izquierdo + elemento visual lado derecho,evitar promesas absolutas y claims no verificables
cp_326_96c34da0e1,cp_326_96c34da0e1_tb1,repackage_idea,señal vs ruido,claridad,texto corto lado izquierdo + elemento visual lado derecho,evitar promesas absolutas y claims no verificables
cp_327_bae07586ce,cp_327_bae07586ce_tb1,repackage_idea,señal vs ruido,claridad,texto corto lado izquierdo + elemento visual lado derecho,evitar promesas absolutas y claims no verificables
cp_328_d5eecaceb2,cp_328_d5eecaceb2_tb1,repackage_idea,señal vs ruido,claridad,texto corto lado izquierdo + elemento visual lado derecho,evitar promesas absolutas y claims no verificables
cp_329_c21ee0c50c,cp_329_c21ee0c50c_tb1,repackage_idea,señal vs ruido,claridad,texto corto lado izquierdo + elemento visual lado derecho,evitar promesas absolutas y claims no verificables
cp_330_f91c41f294,cp_330_f91c41f294_tb1,repackage_idea,señal vs ruido,claridad,texto corto lado izquierdo + elemento visual lado derecho,evitar promesas absolutas y claims no verificables
cp_331_d736923ecf,cp_331_d736923ecf_tb1,repackage_idea,señal vs ruido,claridad,texto corto lado izquierdo + elemento visual lado derecho,evitar promesas absolutas y claims no verificables
cp_332_7b6a413686,cp_332_7b6a413686_tb1,repackage_idea,señal vs ruido,claridad,texto corto lado izquierdo + elemento visual lado derecho,evitar promesas absolutas y claims no verificables
cp_333_707d473ed5,cp_333_707d473ed5_tb1,repackage_idea,señal vs ruido,claridad,texto corto lado izquierdo + elemento visual lado derecho,evitar promesas absolutas y claims no verificables
cp_334_4cee3d3a41,cp_334_4cee3d3a41_tb1,repackage_idea,señal vs ruido,claridad,texto corto lado izquierdo + elemento visual lado derecho,evitar promesas absolutas y claims no verificables
cp_335_c1f75db9e9,cp_335_c1f75db9e9_tb1,repackage_idea,señal vs ruido,claridad,texto corto lado izquierdo + elemento visual lado derecho,evitar promesas absolutas y claims no verificables
cp_336_9de9a5c085,cp_336_9de9a5c085_tb1,repackage_idea,señal vs ruido,claridad,texto corto lado izquierdo + elemento visual lado derecho,evitar promesas absolutas y claims no verificables
cp_337_e5cd7500fa,cp_337_e5cd7500fa_tb1,repackage_idea,señal vs ruido,claridad,texto corto lado izquierdo + elemento visual lado derecho,evitar promesas absolutas y claims no verificables
cp_338_2889931ab8,cp_338_2889931ab8_tb1,repackage_idea,señal vs ruido,claridad,texto corto lado izquierdo + elemento visual lado derecho,evitar promesas absolutas y claims no verificables
cp_339_37e92f4474,cp_339_37e92f4474_tb1,repackage_idea,señal vs ruido,claridad,texto corto lado izquierdo + elemento visual lado derecho,evitar promesas absolutas y claims no verificables
cp_340_d174ae7f0b,cp_340_d174ae7f0b_tb1,repackage_idea,señal vs ruido,claridad,texto corto lado izquierdo + elemento visual lado derecho,evitar promesas absolutas y claims no verificables
cp_341_b70b40fefb,cp_341_b70b40fefb_tb1,repackage_idea,señal vs ruido,claridad,texto corto lado izquierdo + elemento visual lado derecho,evitar promesas absolutas y claims no verificables
cp_342_e47fa07766,cp_342_e47fa07766_tb1,repackage_idea,señal vs ruido,claridad,texto corto lado izquierdo + elemento visual lado derecho,evitar promesas absolutas y claims no verificables
cp_343_e670363d08,cp_343_e670363d08_tb1,tema clave,señal vs ruido,claridad,texto corto lado izquierdo + elemento visual lado derecho,evitar promesas absolutas y claims no verificables
cp_344_1019d280c2,cp_344_1019d280c2_tb1,tema clave,señal vs ruido,claridad,texto corto lado izquierdo + elemento visual lado derecho,evitar promesas absolutas y claims no verificables
cp_346_5212e61bad,cp_346_5212e61bad_tb1,repackage_idea,señal vs ruido,claridad,texto corto lado izquierdo + elemento visual lado derecho,evitar promesas absolutas y claims no verificables
cp_347_0504e54a71,cp_347_0504e54a71_tb1,repackage_idea,señal vs ruido,claridad,texto corto lado izquierdo + elemento visual lado derecho,evitar promesas absolutas y claims no verificables
cp_348_44f885d9a8,cp_348_44f885d9a8_tb1,tema clave,señal vs ruido,claridad,texto corto lado izquierdo + elemento visual lado derecho,evitar promesas absolutas y claims no verificables
cp_349_5d7da63f2c,cp_349_5d7da63f2c_tb1,repackage_idea,señal vs ruido,claridad,texto corto lado izquierdo + elemento visual lado derecho,evitar promesas absolutas y claims no verificables
cp_352_a313d5ee25,cp_352_a313d5ee25_tb1,tema clave,señal vs ruido,claridad,texto corto lado izquierdo + elemento visual lado derecho,evitar promesas absolutas y claims no verificables
cp_353_196be713ce,cp_353_196be713ce_tb1,repackage_idea,señal vs ruido,claridad,texto corto lado izquierdo + elemento visual lado derecho,evitar promesas absolutas y claims no verificables
cp_354_1508a98e44,cp_354_1508a98e44_tb1,repackage_idea,señal vs ruido,claridad,texto corto lado izquierdo + elemento visual lado derecho,evitar promesas absolutas y claims no verificables
cp_355_512a506a44,cp_355_512a506a44_tb1,repackage_idea,señal vs ruido,claridad,texto corto lado izquierdo + elemento visual lado derecho,evitar promesas absolutas y claims no verificables
cp_356_327d02e6e4,cp_356_327d02e6e4_tb1,repackage_idea,señal vs ruido,claridad,texto corto lado izquierdo + elemento visual lado derecho,evitar promesas absolutas y claims no verificables
cp_358_6df22efb6d,cp_358_6df22efb6d_tb1,repackage_idea,señal vs ruido,claridad,texto corto lado izquierdo + elemento visual lado derecho,evitar promesas absolutas y claims no verificables
cp_359_5f2dc68f76,cp_359_5f2dc68f76_tb1,repackage_idea,señal vs ruido,claridad,texto corto lado izquierdo + elemento visual lado derecho,evitar promesas absolutas y claims no verificables
cp_360_59e4120194,cp_360_59e4120194_tb1,tema clave,señal vs ruido,claridad,texto corto lado izquierdo + elemento visual lado derecho,evitar promesas absolutas y claims no verificables
cp_361_8ecb4e7c89,cp_361_8ecb4e7c89_tb1,repackage_idea,señal vs ruido,claridad,texto corto lado izquierdo + elemento visual lado derecho,evitar promesas absolutas y claims no verificables
cp_362_62c228ea42,cp_362_62c228ea42_tb1,tema clave,señal vs ruido,claridad,texto corto lado izquierdo + elemento visual lado derecho,evitar promesas absolutas y claims no verificables
cp_363_0f15fad030,cp_363_0f15fad030_tb1,repackage_idea,señal vs ruido,claridad,texto corto lado izquierdo + elemento visual lado derecho,evitar promesas absolutas y claims no verificables
cp_364_4dcd88c034,cp_364_4dcd88c034_tb1,repackage_idea,señal vs ruido,claridad,texto corto lado izquierdo + elemento visual lado derecho,evitar promesas absolutas y claims no verificables
cp_365_5fa3948c18,cp_365_5fa3948c18_tb1,repackage_idea,señal vs ruido,claridad,texto corto lado izquierdo + elemento visual lado derecho,evitar promesas absolutas y claims no verificables
cp_366_23867aff11,cp_366_23867aff11_tb1,repackage_idea,señal vs ruido,claridad,texto corto lado izquierdo + elemento visual lado derecho,evitar promesas absolutas y claims no verificables
cp_367_4358a20522,cp_367_4358a20522_tb1,repackage_idea,señal vs ruido,claridad,texto corto lado izquierdo + elemento visual lado derecho,evitar promesas absolutas y claims no verificables
cp_368_c48b5a10e3,cp_368_c48b5a10e3_tb1,repackage_idea,señal vs ruido,claridad,texto corto lado izquierdo + elemento visual lado derecho,evitar promesas absolutas y claims no verificables
cp_370_83d34c37d5,cp_370_83d34c37d5_tb1,repackage_idea,señal vs ruido,claridad,texto corto lado izquierdo + elemento visual lado derecho,evitar promesas absolutas y claims no verificables
cp_371_6a18aafb7c,cp_371_6a18aafb7c_tb1,repackage_idea,señal vs ruido,claridad,texto corto lado izquierdo + elemento visual lado derecho,evitar promesas absolutas y claims no verificables
cp_372_eb5ac3a51a,cp_372_eb5ac3a51a_tb1,repackage_idea,señal vs ruido,claridad,texto corto lado izquierdo + elemento visual lado derecho,evitar promesas absolutas y claims no verificables
cp_373_807437408a,cp_373_807437408a_tb1,repackage_idea,señal vs ruido,claridad,texto corto lado izquierdo + elemento visual lado derecho,evitar promesas absolutas y claims no verificables
cp_374_d334245a09,cp_374_d334245a09_tb1,repackage_idea,señal vs ruido,claridad,texto corto lado izquierdo + elemento visual lado derecho,evitar promesas absolutas y claims no verificables
cp_375_9b6c88b492,cp_375_9b6c88b492_tb1,repackage_idea,señal vs ruido,claridad,texto corto lado izquierdo + elemento visual lado derecho,evitar promesas absolutas y claims no verificables
cp_376_6a62ad1e03,cp_376_6a62ad1e03_tb1,repackage_idea,señal vs ruido,claridad,texto corto lado izquierdo + elemento visual lado derecho,evitar promesas absolutas y claims no verificables
cp_377_1daf054dc2,cp_377_1daf054dc2_tb1,repackage_idea,señal vs ruido,claridad,texto corto lado izquierdo + elemento visual lado derecho,evitar promesas absolutas y claims no verificables
cp_378_f803e26fb8,cp_378_f803e26fb8_tb1,repackage_idea,señal vs ruido,claridad,texto corto lado izquierdo + elemento visual lado derecho,evitar promesas absolutas y claims no verificables
cp_379_d6180a38a3,cp_379_d6180a38a3_tb1,repackage_idea,señal vs ruido,claridad,texto corto lado izquierdo + elemento visual lado derecho,evitar promesas absolutas y claims no verificables
cp_380_7288147fd4,cp_380_7288147fd4_tb1,repackage_idea,señal vs ruido,claridad,texto corto lado izquierdo + elemento visual lado derecho,evitar promesas absolutas y claims no verificables
cp_381_09fa53a80c,cp_381_09fa53a80c_tb1,create_fast_reaction,señal vs ruido,urgencia,texto corto lado izquierdo + elemento visual lado derecho,evitar promesas absolutas y claims no verificables
cp_383_7d48b08ec9,cp_383_7d48b08ec9_tb1,tema clave,señal vs ruido,claridad,texto corto lado izquierdo + elemento visual lado derecho,evitar promesas absolutas y claims no verificables
cp_384_8db9061b65,cp_384_8db9061b65_tb1,tema clave,señal vs ruido,claridad,texto corto lado izquierdo + elemento visual lado derecho,evitar promesas absolutas y claims no verificables
cp_385_27f7252bf1,cp_385_27f7252bf1_tb1,repackage_idea,señal vs ruido,claridad,texto corto lado izquierdo + elemento visual lado derecho,evitar promesas absolutas y claims no verificables
cp_386_8616586367,cp_386_8616586367_tb1,repackage_idea,señal vs ruido,claridad,texto corto lado izquierdo + elemento visual lado derecho,evitar promesas absolutas y claims no verificables
cp_387_04aab454e8,cp_387_04aab454e8_tb1,repackage_idea,señal vs ruido,claridad,texto corto lado izquierdo + elemento visual lado derecho,evitar promesas absolutas y claims no verificables
cp_388_2262e9695d,cp_388_2262e9695d_tb1,repackage_idea,señal vs ruido,claridad,texto corto lado izquierdo + elemento visual lado derecho,evitar promesas absolutas y claims no verificables
cp_389_4b7d1bcb43,cp_389_4b7d1bcb43_tb1,tema clave,señal vs ruido,claridad,texto corto lado izquierdo + elemento visual lado derecho,evitar promesas absolutas y claims no verificables
cp_390_4a30b9aaf4,cp_390_4a30b9aaf4_tb1,repackage_idea,señal vs ruido,claridad,texto corto lado izquierdo + elemento visual lado derecho,evitar promesas absolutas y claims no verificables
cp_391_f8f8113726,cp_391_f8f8113726_tb1,repackage_idea,señal vs ruido,claridad,texto corto lado izquierdo + elemento visual lado derecho,evitar promesas absolutas y claims no verificables
cp_392_4aa99d3233,cp_392_4aa99d3233_tb1,repackage_idea,señal vs ruido,claridad,texto corto lado izquierdo + elemento visual lado derecho,evitar promesas absolutas y claims no verificables
cp_393_8992adbba7,cp_393_8992adbba7_tb1,repackage_idea,señal vs ruido,claridad,texto corto lado izquierdo + elemento visual lado derecho,evitar promesas absolutas y claims no verificables
cp_394_6f17a715cc,cp_394_6f17a715cc_tb1,repackage_idea,señal vs ruido,claridad,texto corto lado izquierdo + elemento visual lado derecho,evitar promesas absolutas y claims no verificables
cp_396_10b5185dc0,cp_396_10b5185dc0_tb1,repackage_idea,señal vs ruido,claridad,texto corto lado izquierdo + elemento visual lado derecho,evitar promesas absolutas y claims no verificables
cp_398_cdd1a4bd5c,cp_398_cdd1a4bd5c_tb1,repackage_idea,señal vs ruido,claridad,texto corto lado izquierdo + elemento visual lado derecho,evitar promesas absolutas y claims no verificables
cp_399_60f4c2359e,cp_399_60f4c2359e_tb1,repackage_idea,señal vs ruido,claridad,texto corto lado izquierdo + elemento visual lado derecho,evitar promesas absolutas y claims no verificables
cp_400_526d4c3050,cp_400_526d4c3050_tb1,repackage_idea,señal vs ruido,claridad,texto corto lado izquierdo + elemento visual lado derecho,evitar promesas absolutas y claims no verificables
cp_401_2a10c08ed9,cp_401_2a10c08ed9_tb1,repackage_idea,señal vs ruido,claridad,texto corto lado izquierdo + elemento visual lado derecho,evitar promesas absolutas y claims no verificables
cp_402_3c393145d6,cp_402_3c393145d6_tb1,repackage_idea,señal vs ruido,claridad,texto corto lado izquierdo + elemento visual lado derecho,evitar promesas absolutas y claims no verificables
cp_404_85098988b1,cp_404_85098988b1_tb1,repackage_idea,señal vs ruido,claridad,texto corto lado izquierdo + elemento visual lado derecho,evitar promesas absolutas y claims no verificables
cp_405_5aea77cc7f,cp_405_5aea77cc7f_tb1,repackage_idea,señal vs ruido,claridad,texto corto lado izquierdo + elemento visual lado derecho,evitar promesas absolutas y claims no verificables
cp_406_1fcdc8083d,cp_406_1fcdc8083d_tb1,repackage_idea,señal vs ruido,claridad,texto corto lado izquierdo + elemento visual lado derecho,evitar promesas absolutas y claims no verificables
cp_407_ed34a6e20b,cp_407_ed34a6e20b_tb1,repackage_idea,señal vs ruido,claridad,texto corto lado izquierdo + elemento visual lado derecho,evitar promesas absolutas y claims no verificables
cp_408_10a7ecf9e7,cp_408_10a7ecf9e7_tb1,analyze_reference,señal vs ruido,claridad,texto corto lado izquierdo + elemento visual lado derecho,evitar promesas absolutas y claims no verificables
cp_409_633d017b22,cp_409_633d017b22_tb1,repackage_idea,señal vs ruido,claridad,texto corto lado izquierdo + elemento visual lado derecho,evitar promesas absolutas y claims no verificables
cp_410_e0411d101f,cp_410_e0411d101f_tb1,repackage_idea,señal vs ruido,claridad,texto corto lado izquierdo + elemento visual lado derecho,evitar promesas absolutas y claims no verificables
cp_412_8e5526d1f5,cp_412_8e5526d1f5_tb1,repackage_idea,señal vs ruido,claridad,texto corto lado izquierdo + elemento visual lado derecho,evitar promesas absolutas y claims no verificables
cp_413_fd3a0f3e52,cp_413_fd3a0f3e52_tb1,repackage_idea,señal vs ruido,claridad,texto corto lado izquierdo + elemento visual lado derecho,evitar promesas absolutas y claims no verificables
cp_414_a48f926f68,cp_414_a48f926f68_tb1,repackage_idea,señal vs ruido,claridad,texto corto lado izquierdo + elemento visual lado derecho,evitar promesas absolutas y claims no verificables
cp_415_2534d915d3,cp_415_2534d915d3_tb1,repackage_idea,señal vs ruido,claridad,texto corto lado izquierdo + elemento visual lado derecho,evitar promesas absolutas y claims no verificables
cp_416_9d758cc522,cp_416_9d758cc522_tb1,repackage_idea,señal vs ruido,claridad,texto corto lado izquierdo + elemento visual lado derecho,evitar promesas absolutas y claims no verificables
cp_417_46071f36a5,cp_417_46071f36a5_tb1,repackage_idea,señal vs ruido,claridad,texto corto lado izquierdo + elemento visual lado derecho,evitar promesas absolutas y claims no verificables
cp_418_a267d4ae8f,cp_418_a267d4ae8f_tb1,repackage_idea,señal vs ruido,claridad,texto corto lado izquierdo + elemento visual lado derecho,evitar promesas absolutas y claims no verificables
cp_419_370c15985b,cp_419_370c15985b_tb1,repackage_idea,señal vs ruido,claridad,texto corto lado izquierdo + elemento visual lado derecho,evitar promesas absolutas y claims no verificables
cp_420_ac09eb62cf,cp_420_ac09eb62cf_tb1,repackage_idea,señal vs ruido,claridad,texto corto lado izquierdo + elemento visual lado derecho,evitar promesas absolutas y claims no verificables
cp_421_b22ec9a6b3,cp_421_b22ec9a6b3_tb1,repackage_idea,señal vs ruido,claridad,texto corto lado izquierdo + elemento visual lado derecho,evitar promesas absolutas y claims no verificables
cp_422_f960655a47,cp_422_f960655a47_tb1,repackage_idea,señal vs ruido,claridad,texto corto lado izquierdo + elemento visual lado derecho,evitar promesas absolutas y claims no verificables
cp_423_59e282393a,cp_423_59e282393a_tb1,repackage_idea,señal vs ruido,claridad,texto corto lado izquierdo + elemento visual lado derecho,evitar promesas absolutas y claims no verificables
cp_424_a80e168451,cp_424_a80e168451_tb1,repackage_idea,señal vs ruido,claridad,texto corto lado izquierdo + elemento visual lado derecho,evitar promesas absolutas y claims no verificables
cp_425_716c14e06f,cp_425_716c14e06f_tb1,tema clave,señal vs ruido,claridad,texto corto lado izquierdo + elemento visual lado derecho,evitar promesas absolutas y claims no verificables
cp_426_afa12ad4cc,cp_426_afa12ad4cc_tb1,repackage_idea,señal vs ruido,claridad,texto corto lado izquierdo + elemento visual lado derecho,evitar promesas absolutas y claims no verificables
cp_427_2d1e83a51d,cp_427_2d1e83a51d_tb1,repackage_idea,señal vs ruido,claridad,texto corto lado izquierdo + elemento visual lado derecho,evitar promesas absolutas y claims no verificables
cp_428_09c3878bc5,cp_428_09c3878bc5_tb1,repackage_idea,señal vs ruido,claridad,texto corto lado izquierdo + elemento visual lado derecho,evitar promesas absolutas y claims no verificables
cp_431_9a312d15a5,cp_431_9a312d15a5_tb1,repackage_idea,señal vs ruido,claridad,texto corto lado izquierdo + elemento visual lado derecho,evitar promesas absolutas y claims no verificables
cp_432_f609edcaea,cp_432_f609edcaea_tb1,repackage_idea,señal vs ruido,claridad,texto corto lado izquierdo + elemento visual lado derecho,evitar promesas absolutas y claims no verificables
cp_433_c7a3cf2adb,cp_433_c7a3cf2adb_tb1,repackage_idea,señal vs ruido,claridad,texto corto lado izquierdo + elemento visual lado derecho,evitar promesas absolutas y claims no verificables
cp_434_a9ec8abeb3,cp_434_a9ec8abeb3_tb1,repackage_idea,señal vs ruido,claridad,texto corto lado izquierdo + elemento visual lado derecho,evitar promesas absolutas y claims no verificables
cp_435_3fe1d80aa4,cp_435_3fe1d80aa4_tb1,repackage_idea,señal vs ruido,claridad,texto corto lado izquierdo + elemento visual lado derecho,evitar promesas absolutas y claims no verificables
cp_437_9f4ab7a336,cp_437_9f4ab7a336_tb1,repackage_idea,señal vs ruido,claridad,texto corto lado izquierdo + elemento visual lado derecho,evitar promesas absolutas y claims no verificables
cp_438_ee70928f8c,cp_438_ee70928f8c_tb1,repackage_idea,señal vs ruido,claridad,texto corto lado izquierdo + elemento visual lado derecho,evitar promesas absolutas y claims no verificables
cp_440_14d636444f,cp_440_14d636444f_tb1,repackage_idea,señal vs ruido,claridad,texto corto lado izquierdo + elemento visual lado derecho,evitar promesas absolutas y claims no verificables
cp_441_2f03184d1e,cp_441_2f03184d1e_tb1,repackage_idea,señal vs ruido,claridad,texto corto lado izquierdo + elemento visual lado derecho,evitar promesas absolutas y claims no verificables
cp_443_2ef02c5ebf,cp_443_2ef02c5ebf_tb1,tema clave,señal vs ruido,claridad,texto corto lado izquierdo + elemento visual lado derecho,evitar promesas absolutas y claims no verificables
cp_444_e0c43df273,cp_444_e0c43df273_tb1,repackage_idea,señal vs ruido,claridad,texto corto lado izquierdo + elemento visual lado derecho,evitar promesas absolutas y claims no verificables
cp_445_79fdbfdbc5,cp_445_79fdbfdbc5_tb1,repackage_idea,señal vs ruido,claridad,texto corto lado izquierdo + elemento visual lado derecho,evitar promesas absolutas y claims no verificables
cp_446_d911f1f35a,cp_446_d911f1f35a_tb1,tema clave,señal vs ruido,claridad,texto corto lado izquierdo + elemento visual lado derecho,evitar promesas absolutas y claims no verificables
cp_447_d708540bf0,cp_447_d708540bf0_tb1,repackage_idea,señal vs ruido,claridad,texto corto lado izquierdo + elemento visual lado derecho,evitar promesas absolutas y claims no verificables
cp_448_17cff1ed24,cp_448_17cff1ed24_tb1,repackage_idea,señal vs ruido,claridad,texto corto lado izquierdo + elemento visual lado derecho,evitar promesas absolutas y claims no verificables
cp_449_acff425a6a,cp_449_acff425a6a_tb1,repackage_idea,señal vs ruido,claridad,texto corto lado izquierdo + elemento visual lado derecho,evitar promesas absolutas y claims no verificables
cp_450_c4b8e7f49e,cp_450_c4b8e7f49e_tb1,tema clave,señal vs ruido,claridad,texto corto lado izquierdo + elemento visual lado derecho,evitar promesas absolutas y claims no verificables
cp_451_afeb8ec844,cp_451_afeb8ec844_tb1,repackage_idea,señal vs ruido,claridad,texto corto lado izquierdo + elemento visual lado derecho,evitar promesas absolutas y claims no verificables
cp_453_236e3213a6,cp_453_236e3213a6_tb1,repackage_idea,señal vs ruido,claridad,texto corto lado izquierdo + elemento visual lado derecho,evitar promesas absolutas y claims no verificables
cp_454_f62540f261,cp_454_f62540f261_tb1,repackage_idea,señal vs ruido,claridad,texto corto lado izquierdo + elemento visual lado derecho,evitar promesas absolutas y claims no verificables
cp_455_542baf463b,cp_455_542baf463b_tb1,repackage_idea,señal vs ruido,claridad,texto corto lado izquierdo + elemento visual lado derecho,evitar promesas absolutas y claims no verificables
cp_456_a8536aecfb,cp_456_a8536aecfb_tb1,repackage_idea,señal vs ruido,claridad,texto corto lado izquierdo + elemento visual lado derecho,evitar promesas absolutas y claims no verificables
cp_458_de101ef77b,cp_458_de101ef77b_tb1,repackage_idea,señal vs ruido,claridad,texto corto lado izquierdo + elemento visual lado derecho,evitar promesas absolutas y claims no verificables
cp_459_fdc0248991,cp_459_fdc0248991_tb1,repackage_idea,señal vs ruido,claridad,texto corto lado izquierdo + elemento visual lado derecho,evitar promesas absolutas y claims no verificables
cp_460_211b4de44e,cp_460_211b4de44e_tb1,repackage_idea,señal vs ruido,claridad,texto corto lado izquierdo + elemento visual lado derecho,evitar promesas absolutas y claims no verificables
cp_461_c48605e559,cp_461_c48605e559_tb1,repackage_idea,señal vs ruido,claridad,texto corto lado izquierdo + elemento visual lado derecho,evitar promesas absolutas y claims no verificables
cp_463_2878b351fe,cp_463_2878b351fe_tb1,repackage_idea,señal vs ruido,claridad,texto corto lado izquierdo + elemento visual lado derecho,evitar promesas absolutas y claims no verificables
cp_464_764e3a9dc5,cp_464_764e3a9dc5_tb1,repackage_idea,señal vs ruido,claridad,texto corto lado izquierdo + elemento visual lado derecho,evitar promesas absolutas y claims no verificables
cp_465_ab9d9681ab,cp_465_ab9d9681ab_tb1,repackage_idea,señal vs ruido,claridad,texto corto lado izquierdo + elemento visual lado derecho,evitar promesas absolutas y claims no verificables
cp_466_5121dc8462,cp_466_5121dc8462_tb1,repackage_idea,señal vs ruido,claridad,texto corto lado izquierdo + elemento visual lado derecho,evitar promesas absolutas y claims no verificables
cp_470_30371bedfc,cp_470_30371bedfc_tb1,repackage_idea,señal vs ruido,claridad,texto corto lado izquierdo + elemento visual lado derecho,evitar promesas absolutas y claims no verificables
cp_472_3664b4b6e0,cp_472_3664b4b6e0_tb1,repackage_idea,señal vs ruido,claridad,texto corto lado izquierdo + elemento visual lado derecho,evitar promesas absolutas y claims no verificables
cp_473_158cc60c56,cp_473_158cc60c56_tb1,repackage_idea,señal vs ruido,claridad,texto corto lado izquierdo + elemento visual lado derecho,evitar promesas absolutas y claims no verificables
cp_474_df7db4267d,cp_474_df7db4267d_tb1,repackage_idea,señal vs ruido,claridad,texto corto lado izquierdo + elemento visual lado derecho,evitar promesas absolutas y claims no verificables
cp_475_0145922d36,cp_475_0145922d36_tb1,repackage_idea,señal vs ruido,claridad,texto corto lado izquierdo + elemento visual lado derecho,evitar promesas absolutas y claims no verificables
cp_477_08153121dc,cp_477_08153121dc_tb1,repackage_idea,señal vs ruido,claridad,texto corto lado izquierdo + elemento visual lado derecho,evitar promesas absolutas y claims no verificables
cp_480_15c2b02659,cp_480_15c2b02659_tb1,repackage_idea,señal vs ruido,claridad,texto corto lado izquierdo + elemento visual lado derecho,evitar promesas absolutas y claims no verificables
cp_481_d81034936a,cp_481_d81034936a_tb1,repackage_idea,señal vs ruido,claridad,texto corto lado izquierdo + elemento visual lado derecho,evitar promesas absolutas y claims no verificables
cp_482_23e16cf328,cp_482_23e16cf328_tb1,repackage_idea,señal vs ruido,claridad,texto corto lado izquierdo + elemento visual lado derecho,evitar promesas absolutas y claims no verificables
cp_484_3e87bf1975,cp_484_3e87bf1975_tb1,repackage_idea,señal vs ruido,claridad,texto corto lado izquierdo + elemento visual lado derecho,evitar promesas absolutas y claims no verificables
cp_485_f8cea749d6,cp_485_f8cea749d6_tb1,repackage_idea,señal vs ruido,claridad,texto corto lado izquierdo + elemento visual lado derecho,evitar promesas absolutas y claims no verificables
cp_487_b12ce88532,cp_487_b12ce88532_tb1,repackage_idea,señal vs ruido,claridad,texto corto lado izquierdo + elemento visual lado derecho,evitar promesas absolutas y claims no verificables
cp_488_24af3d9145,cp_488_24af3d9145_tb1,repackage_idea,señal vs ruido,claridad,texto corto lado izquierdo + elemento visual lado derecho,evitar promesas absolutas y claims no verificables
cp_491_3c17d6afb8,cp_491_3c17d6afb8_tb1,repackage_idea,señal vs ruido,claridad,texto corto lado izquierdo + elemento visual lado derecho,evitar promesas absolutas y claims no verificables
cp_492_dc76253261,cp_492_dc76253261_tb1,repackage_idea,señal vs ruido,claridad,texto corto lado izquierdo + elemento visual lado derecho,evitar promesas absolutas y claims no verificables
cp_495_72d1b25c27,cp_495_72d1b25c27_tb1,repackage_idea,señal vs ruido,claridad,texto corto lado izquierdo + elemento visual lado derecho,evitar promesas absolutas y claims no verificables
cp_496_3813cb9aa8,cp_496_3813cb9aa8_tb1,repackage_idea,señal vs ruido,claridad,texto corto lado izquierdo + elemento visual lado derecho,evitar promesas absolutas y claims no verificables
cp_497_747c14c505,cp_497_747c14c505_tb1,repackage_idea,señal vs ruido,claridad,texto corto lado izquierdo + elemento visual lado derecho,evitar promesas absolutas y claims no verificables
cp_500_97db751202,cp_500_97db751202_tb1,repackage_idea,señal vs ruido,claridad,texto corto lado izquierdo + elemento visual lado derecho,evitar promesas absolutas y claims no verificables
cp_501_7877ed4762,cp_501_7877ed4762_tb1,repackage_idea,señal vs ruido,claridad,texto corto lado izquierdo + elemento visual lado derecho,evitar promesas absolutas y claims no verificables
cp_502_7b08d33563,cp_502_7b08d33563_tb1,repackage_idea,señal vs ruido,claridad,texto corto lado izquierdo + elemento visual lado derecho,evitar promesas absolutas y claims no verificables
cp_504_159fe3cb42,cp_504_159fe3cb42_tb1,repackage_idea,señal vs ruido,claridad,texto corto lado izquierdo + elemento visual lado derecho,evitar promesas absolutas y claims no verificables
cp_505_31ca256d3a,cp_505_31ca256d3a_tb1,repackage_idea,señal vs ruido,claridad,texto corto lado izquierdo + elemento visual lado derecho,evitar promesas absolutas y claims no verificables
cp_507_d4f822e78d,cp_507_d4f822e78d_tb1,repackage_idea,señal vs ruido,claridad,texto corto lado izquierdo + elemento visual lado derecho,evitar promesas absolutas y claims no verificables
cp_508_e9c2108801,cp_508_e9c2108801_tb1,repackage_idea,señal vs ruido,claridad,texto corto lado izquierdo + elemento visual lado derecho,evitar promesas absolutas y claims no verificables
cp_509_dcbad76c08,cp_509_dcbad76c08_tb1,repackage_idea,señal vs ruido,claridad,texto corto lado izquierdo + elemento visual lado derecho,evitar promesas absolutas y claims no verificables
cp_510_e90626499c,cp_510_e90626499c_tb1,repackage_idea,señal vs ruido,claridad,texto corto lado izquierdo + elemento visual lado derecho,evitar promesas absolutas y claims no verificables
cp_511_7465786747,cp_511_7465786747_tb1,repackage_idea,señal vs ruido,claridad,texto corto lado izquierdo + elemento visual lado derecho,evitar promesas absolutas y claims no verificables
cp_512_1c4a992311,cp_512_1c4a992311_tb1,repackage_idea,señal vs ruido,claridad,texto corto lado izquierdo + elemento visual lado derecho,evitar promesas absolutas y claims no verificables
cp_514_60b9ea4adf,cp_514_60b9ea4adf_tb1,repackage_idea,señal vs ruido,claridad,texto corto lado izquierdo + elemento visual lado derecho,evitar promesas absolutas y claims no verificables
cp_515_164bdaff58,cp_515_164bdaff58_tb1,repackage_idea,señal vs ruido,claridad,texto corto lado izquierdo + elemento visual lado derecho,evitar promesas absolutas y claims no verificables
cp_516_ba24a0df12,cp_516_ba24a0df12_tb1,repackage_idea,señal vs ruido,claridad,texto corto lado izquierdo + elemento visual lado derecho,evitar promesas absolutas y claims no verificables
cp_517_ea2a0c2204,cp_517_ea2a0c2204_tb1,repackage_idea,señal vs ruido,claridad,texto corto lado izquierdo + elemento visual lado derecho,evitar promesas absolutas y claims no verificables
cp_518_2ddd9bb9db,cp_518_2ddd9bb9db_tb1,repackage_idea,señal vs ruido,claridad,texto corto lado izquierdo + elemento visual lado derecho,evitar promesas absolutas y claims no verificables
cp_519_214c4c4710,cp_519_214c4c4710_tb1,repackage_idea,señal vs ruido,claridad,texto corto lado izquierdo + elemento visual lado derecho,evitar promesas absolutas y claims no verificables
cp_520_c90e38e2ae,cp_520_c90e38e2ae_tb1,repackage_idea,señal vs ruido,claridad,texto corto lado izquierdo + elemento visual lado derecho,evitar promesas absolutas y claims no verificables
cp_521_94863dc3ec,cp_521_94863dc3ec_tb1,repackage_idea,señal vs ruido,claridad,texto corto lado izquierdo + elemento visual lado derecho,evitar promesas absolutas y claims no verificables
cp_522_cbc8a946af,cp_522_cbc8a946af_tb1,repackage_idea,señal vs ruido,claridad,texto corto lado izquierdo + elemento visual lado derecho,evitar promesas absolutas y claims no verificables
cp_523_57be1fc3c7,cp_523_57be1fc3c7_tb1,repackage_idea,señal vs ruido,claridad,texto corto lado izquierdo + elemento visual lado derecho,evitar promesas absolutas y claims no verificables
cp_524_8590a95fcf,cp_524_8590a95fcf_tb1,repackage_idea,señal vs ruido,claridad,texto corto lado izquierdo + elemento visual lado derecho,evitar promesas absolutas y claims no verificables
