opportunity_id,opportunity_type,source_video_id,source_channel,source_title,content_strategy,suggested_angle_type,why_it_matters,evidence_score,confidence_level,recommended_timeframe,dashboard_tab
opp_act_8944ca46c6611c09,create_fast_reaction,fRjAMALJ0r0,Diego Ruzzarin,China le pone un alto a Estados Unidos.,Evaluar crear contenido rápido sobre esta tendencia.,trend_burst,Señal trend_burst activada con score ajustado 78.35 y confianza high.,78.5677,high,next_3_days,content_opportunities
opp_act_9680cbcad1ce8fe1,create_fast_reaction,9pPCy9wqxuk,Mister Krax,México inaugura puente Nichupté el 2 más largo de LATAM #puentenichupté #cancun #chiapas,Evaluar crear contenido rápido sobre esta tendencia.,trend_burst,Señal trend_burst activada con score ajustado 77.51 y confianza high.,78.0132,high,next_3_days,content_opportunities
opp_act_6d0fed5403919525,create_fast_reaction,Qy_YMLKX8bQ,Jaime Higuera,Me voló la cabeza cuando Nietzche dijo esto #shorts,Evaluar crear contenido rápido sobre esta tendencia.,trend_burst,Señal trend_burst activada con score ajustado 75.12 y confianza high.,77.2606,high,next_3_days,content_opportunities
opp_act_088ee1ecbea74e19,create_fast_reaction,2ZV29QhLfjw,Diego Ruzzarin,"Los aranceles de Trump fueron ilegales, ahora el pueblo paga. #diegoruzzarin",Evaluar crear contenido rápido sobre esta tendencia.,trend_burst,Señal trend_burst activada con score ajustado 75.85 y confianza high.,77.1077,high,next_3_days,content_opportunities
opp_act_614d17fa2912b3a9,create_fast_reaction,OrI86PV-aPg,Luis Mi Negocios,Ozempic está DESTRUYENDO negocios que NADIE esperaba,Evaluar crear contenido rápido sobre esta tendencia.,trend_burst,Señal trend_burst activada con score ajustado 75.27 y confianza high.,76.2491,high,next_3_days,content_opportunities
opp_act_88f8f869a1cb4161,create_fast_reaction,VVLYJf2t88c,Inteligencia Artificial,🚨 NOTICIAS IA 🚨: Trump quiere Mythos solo para él (y nadie más) 🔒🧠,Evaluar crear contenido rápido sobre esta tendencia.,trend_burst,Señal trend_burst activada con score ajustado 74.37 y confianza high.,75.8185,high,next_3_days,content_opportunities
opp_act_f00b0f3825a5cbb3,create_fast_reaction,OEtIq4tR1rA,Alex Hormozi,$1M Year Is Not Normal...,Evaluar crear contenido rápido sobre esta tendencia.,trend_burst,Señal trend_burst activada con score ajustado 70.25 y confianza high.,74.7291,high,next_3_days,content_opportunities
opp_act_e162374232b100e2,create_fast_reaction,T_LWKGJDKgo,Caleb Hammer,Predator EXPOSED On Financial Audit,Evaluar crear contenido rápido sobre esta tendencia.,trend_burst,Señal trend_burst activada con score ajustado 76.92 y confianza high.,74.6813,high,next_3_days,content_opportunities
opp_act_d929b0b60caf7a74,create_fast_reaction,QPWScf-86po,Sambucha,I Made Mascots For Stores That Don’t Have Them,Evaluar crear contenido rápido sobre esta tendencia.,trend_burst,Señal trend_burst activada con score ajustado 74.06 y confianza high.,74.3947,high,next_3_days,content_opportunities
opp_act_8ebc55665df684bb,create_fast_reaction,KUvWaj4IFZg,Diego Ruzzarin,La distopía tecnológica ya comenzó.,Evaluar crear contenido rápido sobre esta tendencia.,trend_burst,Señal trend_burst activada con score ajustado 73.22 y confianza high.,74.0249,high,next_3_days,content_opportunities
opp_act_f0f95c93a4d11944,create_fast_reaction,GDex3WIPF7c,Caleb Hammer,The Most USELESS College Degrees,Evaluar crear contenido rápido sobre esta tendencia.,trend_burst,Señal trend_burst activada con score ajustado 75.99 y confianza high.,73.9343,high,next_3_days,content_opportunities
opp_act_2701ea3a0030b2ac,create_fast_reaction,qgzwtKsXCMo,GothamChess,Jynxzi REALIZES,Evaluar crear contenido rápido sobre esta tendencia.,trend_burst,Señal trend_burst activada con score ajustado 73.17 y confianza high.,73.452,high,next_3_days,content_opportunities
opp_act_a10c7256f6a0b9aa,create_fast_reaction,Jnc7hVslXdk,Mis Propias Finanzas,"""La Ecuación de la Felicidad"" (The Happiness Equation) de Neil Pasricha | Club de Lectura #201",Evaluar crear contenido rápido sobre esta tendencia.,trend_burst,Señal trend_burst activada con score ajustado 69.86 y confianza high.,73.4209,high,next_3_days,content_opportunities
opp_act_547204d764fea16d,create_fast_reaction,lDyiY5vjqaw,Caleb Hammer,Military Wife Couldn't Last 3 Months While Deployed,Evaluar crear contenido rápido sobre esta tendencia.,trend_burst,Señal trend_burst activada con score ajustado 72.92 y confianza high.,73.1545,high,next_3_days,content_opportunities
opp_act_e1d6635bafa2fef4,create_fast_reaction,jLFG_FZKbks,The Diary Of A CEO,"Stock Expert: Becoming Rich Is Simple, But You Won’t Do It!",Evaluar crear contenido rápido sobre esta tendencia.,trend_burst,Señal trend_burst activada con score ajustado 74.71 y confianza high.,73.0346,high,next_3_days,content_opportunities
opp_act_04f8f6423bac0863,create_fast_reaction,XoDfpxBy8Ag,Moris Dieck | Finanzas e Inversiones ,¿Por qué México es clave para EE.UU.? | Ft. José Medina Mora | Dimes y Billetes #449,Evaluar crear contenido rápido sobre esta tendencia.,trend_burst,Señal trend_burst activada con score ajustado 70.94 y confianza high.,72.9331,high,next_3_days,content_opportunities
opp_act_a484f412d52f189a,create_fast_reaction,xjcVnFd-4YA,Caleb Hammer,Mustang VS Tesla,Evaluar crear contenido rápido sobre esta tendencia.,trend_burst,Señal trend_burst activada con score ajustado 75.71 y confianza high.,72.5939,high,next_3_days,content_opportunities
opp_act_a1f5560ffaf43263,create_fast_reaction,reCJ5EuvukI,Caleb Hammer,"Rest in Peace, Charlie Kirk....",Evaluar crear contenido rápido sobre esta tendencia.,trend_burst,Señal trend_burst activada con score ajustado 74.28 y confianza high.,72.0746,high,next_3_days,content_opportunities
opp_act_dff4b26d21758e97,create_fast_reaction,P1DSZNhApJA,GothamChess,Jynxzi no no no no nooooooo,Evaluar crear contenido rápido sobre esta tendencia.,trend_burst,Señal trend_burst activada con score ajustado 72.43 y confianza high.,72.0015,high,next_3_days,content_opportunities
opp_act_47d0290923fc024d,create_fast_reaction,QNHEqcXa3Zg,Diego Ruzzarin,Monterrey y el problema en la falta de continuidad de proyectos políticos,Evaluar crear contenido rápido sobre esta tendencia.,trend_burst,Señal trend_burst activada con score ajustado 69.62 y confianza high.,71.639,high,next_3_days,content_opportunities
opp_act_93fe7909c1ab4548,create_fast_reaction,Rij6WQMuxcw,Sambucha,What Was The First Video I Ever Posted?,Evaluar crear contenido rápido sobre esta tendencia.,trend_burst,Señal trend_burst activada con score ajustado 71.14 y confianza high.,71.6245,high,next_3_days,content_opportunities
opp_act_ea30436c3d9045ce,create_fast_reaction,pXI3xinu4bc,Sambucha,"People Who Are Famous, But Don’t Feel Famous",Evaluar crear contenido rápido sobre esta tendencia.,trend_burst,Señal trend_burst activada con score ajustado 71.8 y confianza high.,70.616,high,next_3_days,content_opportunities
opp_act_70e407d246ede9c9,create_fast_reaction,eOI7WQIEX1Y,Date un Vlog,"Cole Allen, Trump y los 11 científicos desaparecidos",Evaluar crear contenido rápido sobre esta tendencia.,trend_burst,Señal trend_burst activada con score ajustado 71.83 y confianza high.,70.315,high,next_3_days,content_opportunities
opp_act_5d9235e4929359b5,create_fast_reaction,snM0UfZxakc,Caleb Hammer,"This Cat Operation Cost $9,000",Evaluar crear contenido rápido sobre esta tendencia.,trend_burst,Señal trend_burst activada con score ajustado 74.49 y confianza high.,69.9139,high,next_3_days,content_opportunities
opp_act_a14666a2185c8570,create_fast_reaction,W65cfPslnzo,Sambucha,I Tried Getting Banned From Every Store (Again),Evaluar crear contenido rápido sobre esta tendencia.,trend_burst,Señal trend_burst activada con score ajustado 73.73 y confianza high.,69.823,high,next_3_days,content_opportunities
opp_act_2d1f39285b20eec4,create_fast_reaction,IrGd4xIhTN0,Man Carrying Thing,the Rise of Woke Books - a Response,Evaluar crear contenido rápido sobre esta tendencia.,trend_burst,Señal trend_burst activada con score ajustado 68.89 y confianza high.,69.7098,high,next_3_days,content_opportunities
opp_act_23d5fa7b8832ed43,create_fast_reaction,tkLxg6h07aE,Caleb Hammer,The WORST Debt In Financial Audit History,Evaluar crear contenido rápido sobre esta tendencia.,trend_burst,Señal trend_burst activada con score ajustado 74.92 y confianza high.,69.012,high,next_3_days,content_opportunities
opp_act_62f9344a09f6f4c6,create_fast_reaction,TmkbUF0V0hM,Caleb Hammer,Financial Audit's Most Disgusting Guest,Evaluar crear contenido rápido sobre esta tendencia.,trend_burst,Señal trend_burst activada con score ajustado 76.12 y confianza high.,68.8877,high,next_3_days,content_opportunities
opp_act_e83b24031a4c98d9,create_fast_reaction,WOTUpoI2LQA,Eze Martínez,Dron quieto o en movimiento?,Evaluar crear contenido rápido sobre esta tendencia.,trend_burst,Señal trend_burst activada con score ajustado 69.49 y confianza high.,68.7661,high,next_3_days,content_opportunities
opp_act_fe371885e5b228d1,repackage_idea,pVXm6lt1F7w,Jaime Higuera,Este es el tiempo más peligroso #shorts,Analizar como tema con interés pero baja distribución.,high_engagement_low_reach,Señal high_engagement_low_reach activada con score ajustado 84.24 y confianza high.,68.1067,high,this_week,content_opportunities
opp_act_781a771751396876,repackage_idea,_BhjwaNE8mc,Jaime Higuera,Ser rico es toda una estafa  #shorts,Analizar como tema con interés pero baja distribución.,high_engagement_low_reach,Señal high_engagement_low_reach activada con score ajustado 86.07 y confianza high.,67.6646,high,this_week,content_opportunities
opp_act_8f00b81e371379f7,create_fast_reaction,dqazxW8R5BY,Cleo Abram,Our Brains Got Bigger. Now They’re Shrinking?,Evaluar crear contenido rápido sobre esta tendencia.,trend_burst,Señal trend_burst activada con score ajustado 70.12 y confianza high.,67.4403,high,next_3_days,content_opportunities
opp_act_4bcb19c61821eb02,create_fast_reaction,gzjXoJoWgjs,Humphrey Yang,How Much You Need Invested to Live Off Dividends in 2026,Evaluar crear contenido rápido sobre esta tendencia.,trend_burst,Señal trend_burst activada con score ajustado 68.62 y confianza high.,67.1953,high,next_3_days,content_opportunities
opp_act_6580ee48aed6bfb3,create_fast_reaction,OTt76d3wPiQ,Diego Ruzzarin,Revisando las noticias en vivo #15 ''Sonidos de guillotina'',Evaluar crear contenido rápido sobre esta tendencia.,trend_burst,Señal trend_burst activada con score ajustado 76.71 y confianza medium.,67.0757,medium,next_3_days,content_opportunities
opp_act_256f59e6a11a4339,repackage_idea,Z-xAO96GQtU,Jaime Higuera,Esto es lo primero que vas a hacer mañana  #shorts,Analizar como tema con interés pero baja distribución.,high_engagement_low_reach,Señal high_engagement_low_reach activada con score ajustado 88.29 y confianza high.,67.0525,high,this_week,content_opportunities
opp_act_89844b7c8abc48f7,create_fast_reaction,gpfhjHmbmIE,elWacky,Semana Triste Para Los YouTubers,Evaluar crear contenido rápido sobre esta tendencia.,trend_burst,Señal trend_burst activada con score ajustado 76.76 y confianza medium.,66.4799,medium,next_3_days,content_opportunities
opp_act_dede656b19d29142,repackage_idea,LQd65ctML6o,Jaime Higuera,Este es uno de los errores más comunes cuando la gente empieza a ganar dinero #shorts,Analizar como tema con interés pero baja distribución.,high_engagement_low_reach,Señal high_engagement_low_reach activada con score ajustado 83.57 y confianza high.,66.4308,high,this_week,content_opportunities
opp_act_b7dfe1a136fce193,create_fast_reaction,ksn5yrsC3Wg,Veritasium,The Disaster I Never Imagined Having To Worry About,Evaluar crear contenido rápido sobre esta tendencia.,trend_burst,Señal trend_burst activada con score ajustado 70.87 y confianza high.,66.0367,high,next_3_days,content_opportunities
opp_act_f62440a166a3702e,create_fast_reaction,6dt3fd17_d0,Luis Mi Negocios,ESTO es lo que viene en las GASOLINERAS MEXICANAS,Evaluar crear contenido rápido sobre esta tendencia.,trend_burst,Señal trend_burst activada con score ajustado 76.12 y confianza medium.,65.8706,medium,next_3_days,content_opportunities
opp_act_1ee79e429f1ee285,repackage_idea,nZlhHf8vSbU,Jaime Higuera,Por esto ser realista ha matado a nuestra generación #shorts,Analizar como tema con interés pero baja distribución.,high_engagement_low_reach,Señal high_engagement_low_reach activada con score ajustado 88.67 y confianza high.,65.6528,high,this_week,content_opportunities
opp_act_d851c99bbb853be7,repackage_idea,weyrpnOTB-A,Jaime Higuera,Así generaría 10000€ al mes #shorts,Analizar como tema con interés pero baja distribución.,high_engagement_low_reach,Señal high_engagement_low_reach activada con score ajustado 92.16 y confianza high.,65.4679,high,this_week,content_opportunities
opp_act_785e805548ac9486,repackage_idea,OkVrrVAG9yg,Mister Krax,¿Es normal lo que pasa en México? ¿O nos quieren desestabilizar?,Analizar como tema con interés pero baja distribución.,high_engagement_low_reach,Señal high_engagement_low_reach activada con score ajustado 77.64 y confianza high.,65.3495,high,this_week,content_opportunities
opp_act_7ba98e354bbd3bd3,analyze_reference,gpfhjHmbmIE,elWacky,Semana Triste Para Los YouTubers,"Analizar título, formato, duración y enfoque como referencia competitiva.",alpha_breakout,Señal alpha_breakout activada con score ajustado 70.01 y confianza medium.,65.2329,medium,this_week,competitive_analysis
opp_act_8e2cdd5d423dec18,repackage_idea,1c8cpHNlIb8,Jaime Higuera,Así es la era en la que vivimos  #shorts,Analizar como tema con interés pero baja distribución.,high_engagement_low_reach,Señal high_engagement_low_reach activada con score ajustado 84.58 y confianza high.,65.0538,high,this_week,content_opportunities
opp_act_ac3bdef37895c8a7,analyze_reference,rHDw0XcyZ1I,Diego Ruzzarin,El nuevo atentado vs. Trump  #diegoruzzarin #trump,"Analizar título, formato, duración y enfoque como referencia competitiva.",alpha_breakout,Señal alpha_breakout activada con score ajustado 70.46 y confianza medium.,64.9885,medium,this_week,competitive_analysis
opp_act_7f271e7d8d6d33a8,repackage_idea,KppJdbUvqp8,Jaime Higuera,Esto me cambió la vida   #shorts,Analizar como tema con interés pero baja distribución.,high_engagement_low_reach,Señal high_engagement_low_reach activada con score ajustado 85.95 y confianza high.,64.942,high,this_week,content_opportunities
opp_act_5a93f6843c97196d,repackage_idea,RBz3O-4xBYE,Jaime Higuera,Me voló la cabeza cuando Jaime Higuera dijo esto #shorts,Analizar como tema con interés pero baja distribución.,high_engagement_low_reach,Señal high_engagement_low_reach activada con score ajustado 83.31 y confianza high.,64.8934,high,this_week,content_opportunities
opp_act_1447f31a4fcf2b8a,create_fast_reaction,5z8hOrxhApI,Doctor Fisión,29 CYGNI B NO ES UNA ESTRELLA NI UN PLANETA 🛰️,Evaluar crear contenido rápido sobre esta tendencia.,trend_burst,Señal trend_burst activada con score ajustado 71.9 y confianza medium.,64.7666,medium,next_3_days,content_opportunities
opp_act_759c6b893e9e0c45,repackage_idea,-8Xee3Y4Yeg,Inversión Inteligente - Alain Cortés,¡Los 2 ÚNICOS ETFs que Necesitas para Hacerte Millonario!🤑💵,Analizar como tema con interés pero baja distribución.,high_engagement_low_reach,Señal high_engagement_low_reach activada con score ajustado 81.23 y confianza high.,64.6972,high,this_week,content_opportunities
opp_act_464261809a46ecee,repackage_idea,V4tlvp9IP_8,COMPUESTOS Podcast,¿Calidad o Cantidad en YouTube? (Respuesta por Experta),Analizar como tema con interés pero baja distribución.,high_engagement_low_reach,Señal high_engagement_low_reach activada con score ajustado 95.05 y confianza high.,64.687,high,this_week,content_opportunities
opp_act_5ffcebef7d8412b0,repackage_idea,Ux-bi7bqrUU,Jaime Higuera,Así trabajan las personas que están construyendo riquezas #shorts,Analizar como tema con interés pero baja distribución.,high_engagement_low_reach,Señal high_engagement_low_reach activada con score ajustado 82.87 y confianza high.,64.6226,high,this_week,content_opportunities
opp_act_77c5c974e8280f07,repackage_idea,oXKkhajzwgE,Mister Krax,¿Quieren desestabilizar México? #méxico,Analizar como tema con interés pero baja distribución.,high_engagement_low_reach,Señal high_engagement_low_reach activada con score ajustado 76.44 y confianza high.,64.594,high,this_week,content_opportunities
opp_act_01b7ae984e2073a3,repackage_idea,oOLYgK6RqS4,Santiago Amat,ARBITRAJE DOLAR CRIPTO-DOLAR CCL,Analizar como tema con interés pero baja distribución.,high_engagement_low_reach,Señal high_engagement_low_reach activada con score ajustado 81.03 y confianza high.,64.5564,high,this_week,content_opportunities
opp_act_526cd5195e4da8da,repackage_idea,tysrC1PivVE,Jaime Higuera,En el futuro eso ya es tuyo #shorts,Analizar como tema con interés pero baja distribución.,high_engagement_low_reach,Señal high_engagement_low_reach activada con score ajustado 85.38 y confianza high.,64.3881,high,this_week,content_opportunities
opp_act_ddf62cda8f48c381,repackage_idea,I66LDF9iWts,COMPUESTOS Podcast,"Experta en Lenguaje No Verbal: ""Juzgar No es Malo si...""",Analizar como tema con interés pero baja distribución.,high_engagement_low_reach,Señal high_engagement_low_reach activada con score ajustado 87.31 y confianza high.,64.3469,high,this_week,content_opportunities
opp_act_b9899ca3c016961c,repackage_idea,LikC_lxkVEg,Jaime Higuera,Este es el activo más valioso que puedes poseer #shorts,Analizar como tema con interés pero baja distribución.,high_engagement_low_reach,Señal high_engagement_low_reach activada con score ajustado 86.32 y confianza high.,64.3111,high,this_week,content_opportunities
opp_act_80314a9a2bd109b3,repackage_idea,jcfifYFAdpM,Mister Krax,Ecatepec en la mira del desarrollo #ecatepec #méxico,Analizar como tema con interés pero baja distribución.,high_engagement_low_reach,Señal high_engagement_low_reach activada con score ajustado 83.05 y confianza high.,64.2378,high,this_week,content_opportunities
opp_act_09a355501b745d50,repackage_idea,t3oZncJYgwE,Jaime Higuera,No hagas caso a la sociedad actual  #shorts,Analizar como tema con interés pero baja distribución.,high_engagement_low_reach,Señal high_engagement_low_reach activada con score ajustado 87.47 y confianza high.,64.2243,high,this_week,content_opportunities
opp_act_7f7087cbf5dabe52,analyze_reference,7h3nazBbFCc,Rob Paper Clips,Aimep3 Pickme...,"Analizar título, formato, duración y enfoque como referencia competitiva.",alpha_breakout,Señal alpha_breakout activada con score ajustado 72.76 y confianza medium.,64.2091,medium,this_week,competitive_analysis
opp_act_d84dfa5954263127,create_fast_reaction,BAORYfrrBzc,Sambucha,Celebrities That Nobody Knows,Evaluar crear contenido rápido sobre esta tendencia.,trend_burst,Señal trend_burst activada con score ajustado 73.02 y confianza medium.,64.2061,medium,next_3_days,content_opportunities
opp_act_b495b042d7439c11,repackage_idea,FHeTJmwxo5s,Jaime Higuera,La industria no quiere que sepas esto  #shorts,Analizar como tema con interés pero baja distribución.,high_engagement_low_reach,Señal high_engagement_low_reach activada con score ajustado 86.13 y confianza high.,63.9194,high,this_week,content_opportunities
opp_act_99cb44cd87308fe0,repackage_idea,5BbGrGFI2gQ,Mister Krax,Se inaugura tren suburbano Buenavista-AIFA #trensuburbano #méxico,Analizar como tema con interés pero baja distribución.,high_engagement_low_reach,Señal high_engagement_low_reach activada con score ajustado 90.39 y confianza high.,63.7875,high,this_week,content_opportunities
opp_act_297aeb70d8cd921b,repackage_idea,Xcmg2noBQOw,Jaime Higuera,Elige un problema que puedas resolver #shorts,Analizar como tema con interés pero baja distribución.,high_engagement_low_reach,Señal high_engagement_low_reach activada con score ajustado 78.75 y confianza high.,63.7745,high,this_week,content_opportunities
opp_act_5017959940e504fc,repackage_idea,jIj6PuMrDGA,Jaime Higuera,Nunca haría esto #shorts,Analizar como tema con interés pero baja distribución.,high_engagement_low_reach,Señal high_engagement_low_reach activada con score ajustado 67.69 y confianza high.,63.667,high,this_week,content_opportunities
opp_act_9eb214857320ad7b,create_fast_reaction,5EWqr_Y2uH0,GothamChess,Magnus Carlsen Has Fallen,Evaluar crear contenido rápido sobre esta tendencia.,trend_burst,Señal trend_burst activada con score ajustado 73.09 y confianza medium.,63.579,medium,next_3_days,content_opportunities
opp_act_8732d7202f2a19b7,repackage_idea,zzsUsCRoGcI,Jaime Higuera,Deja de actuar así #shorts,Analizar como tema con interés pero baja distribución.,high_engagement_low_reach,Señal high_engagement_low_reach activada con score ajustado 88.56 y confianza high.,63.5186,high,this_week,content_opportunities
opp_act_52ce543411ad42b8,repackage_idea,MnlZeYcfowk,Jaime Higuera,Este es el verdadero problema   #shorts,Analizar como tema con interés pero baja distribución.,high_engagement_low_reach,Señal high_engagement_low_reach activada con score ajustado 85.25 y confianza high.,63.3937,high,this_week,content_opportunities
opp_act_a72a9f282bdb934a,repackage_idea,AWWSm291p7c,Jaime Higuera,Que te rompan el corazon es lo mejor que te puede pasar #shorts,Analizar como tema con interés pero baja distribución.,high_engagement_low_reach,Señal high_engagement_low_reach activada con score ajustado 83.09 y confianza high.,63.339,high,this_week,content_opportunities
opp_act_f632ae64383f3274,repackage_idea,AYIqxqyY-es,Pequeño Cerdo Capitalista,⚠️ ¡Cuidado! Tu fondo de vivienda corre PELIGRO 😨,Analizar como tema con interés pero baja distribución.,high_engagement_low_reach,Señal high_engagement_low_reach activada con score ajustado 78.49 y confianza high.,63.3349,high,this_week,content_opportunities
opp_act_a7616d51c0988259,repackage_idea,DBWMP58IOcw,Jaime Higuera,No te rindas si tu vida parece un caos #shorts,Analizar como tema con interés pero baja distribución.,high_engagement_low_reach,Señal high_engagement_low_reach activada con score ajustado 75.79 y confianza high.,63.3194,high,this_week,content_opportunities
opp_act_2ce9cfe02eb2f2b4,repackage_idea,xpf49h0tGvI,COMPUESTOS Podcast,Experta en Imagen: La Realidad de lo que Representa Cada Color,Analizar como tema con interés pero baja distribución.,high_engagement_low_reach,Señal high_engagement_low_reach activada con score ajustado 89.1 y confianza high.,63.131,high,this_week,content_opportunities
opp_act_328e84f83ef032ae,repackage_idea,seu69-hMmGw,Mister Krax,¿Traición a la patria? #méxico,Analizar como tema con interés pero baja distribución.,high_engagement_low_reach,Señal high_engagement_low_reach activada con score ajustado 83.09 y confianza high.,63.0391,high,this_week,content_opportunities
opp_act_d8cd009cfdb2cd8a,repackage_idea,yawQxLw0K08,Jaime Higuera,Esta técnica es muy efectiva  #shorts,Analizar como tema con interés pero baja distribución.,high_engagement_low_reach,Señal high_engagement_low_reach activada con score ajustado 85.94 y confianza high.,63.0357,high,this_week,content_opportunities
opp_act_d3672611a9fbac1a,repackage_idea,V4tlvp9IP_8,COMPUESTOS Podcast,¿Calidad o Cantidad en YouTube? (Respuesta por Experta),"Revisar si el tema puede tener mejor empaque, título o ángulo.",packaging_problem,Señal packaging_problem activada con score ajustado 94.54 y confianza high.,62.9856,high,this_week,content_opportunities
opp_act_69b5671273b3de01,repackage_idea,vd8fb3noIgY,Jaime Higuera,Jaime Higuera no se equivocó cuando dijo esto #shorts,Analizar como tema con interés pero baja distribución.,high_engagement_low_reach,Señal high_engagement_low_reach activada con score ajustado 82.58 y confianza high.,62.946,high,this_week,content_opportunities
opp_act_3d68e4965f846474,repackage_idea,KW2YQ1C0ECs,Santiago Amat,La TRAMPA de los CRÉDITOS | No saques un PRÉSTAMO sin ver esto,Analizar como tema con interés pero baja distribución.,high_engagement_low_reach,Señal high_engagement_low_reach activada con score ajustado 86.46 y confianza high.,62.8329,high,this_week,content_opportunities
opp_act_37f393c0c7c8a430,repackage_idea,-8Xee3Y4Yeg,Inversión Inteligente - Alain Cortés,¡Los 2 ÚNICOS ETFs que Necesitas para Hacerte Millonario!🤑💵,"Revisar si el tema puede tener mejor empaque, título o ángulo.",packaging_problem,Señal packaging_problem activada con score ajustado 80.96 y confianza high.,62.8127,high,this_week,content_opportunities
opp_act_16ac62ce9a16e707,repackage_idea,bM3ojc2bhdA,98grados,¿Qué IA es Mejor? Las ÚNICAS 3 IA que SÍ Valen la Pena (top herramientas),Analizar como tema con interés pero baja distribución.,high_engagement_low_reach,Señal high_engagement_low_reach activada con score ajustado 79.33 y confianza high.,62.7893,high,this_week,content_opportunities
opp_act_93e91ae25a080906,repackage_idea,-ZL_mpjxaUo,Jaime Higuera,Este es uno de los mayores errores que comete la gente al comenzar #shorts,Analizar como tema con interés pero baja distribución.,high_engagement_low_reach,Señal high_engagement_low_reach activada con score ajustado 84.01 y confianza high.,62.7331,high,this_week,content_opportunities
opp_act_5ed4906165b238e9,create_fast_reaction,NdU6UdUKaYc,The Diary Of A CEO,Scott Galloway: AI Wasn’t Built For You. The Rich Don’t Need You Anymore!,Evaluar crear contenido rápido sobre esta tendencia.,trend_burst,Señal trend_burst activada con score ajustado 71.86 y confianza medium.,62.6767,medium,next_3_days,content_opportunities
opp_act_22b18601f3902142,repackage_idea,PfdNPN9Jv6s,Jaime Higuera,Me voló la cabeza cuando Jaime Higuera dijo esto #shorts,Analizar como tema con interés pero baja distribución.,high_engagement_low_reach,Señal high_engagement_low_reach activada con score ajustado 81.36 y confianza high.,62.6625,high,this_week,content_opportunities
opp_act_abfca7eb06c45d3c,create_fast_reaction,PGBt4pOj4Vc,DrossRotzank,Las 7 historias más perturbadoras contadas por bomberos,Evaluar crear contenido rápido sobre esta tendencia.,trend_burst,Señal trend_burst activada con score ajustado 73.39 y confianza medium.,62.6515,medium,next_3_days,content_opportunities
opp_act_bb04f126a6775616,create_fast_reaction,OCGgYu3vku4,elWacky,Este Trend Se Salió De Control,Evaluar crear contenido rápido sobre esta tendencia.,trend_burst,Señal trend_burst activada con score ajustado 70.15 y confianza medium.,62.6309,medium,next_3_days,content_opportunities
opp_act_3c39db9e593b606c,create_fast_reaction,wmeUOPjA_qc,Caleb Hammer,"This Military Cook Makes $4,000 a Month Forever",Evaluar crear contenido rápido sobre esta tendencia.,trend_burst,Señal trend_burst activada con score ajustado 69.64 y confianza medium.,62.5814,medium,next_3_days,content_opportunities
opp_act_e6f9620bddaa523d,repackage_idea,96k8OXI58Ko,Jaime Higuera,Ventajas de ser un Growth Partner #shorts,Analizar como tema con interés pero baja distribución.,high_engagement_low_reach,Señal high_engagement_low_reach activada con score ajustado 86.21 y confianza high.,62.4633,high,this_week,content_opportunities
opp_act_198eb90d80da76b1,repackage_idea,SZLTZDoVcfA,Jaime Higuera,Haz esto si estás estancado en 0 euros #shorts,Analizar como tema con interés pero baja distribución.,high_engagement_low_reach,Señal high_engagement_low_reach activada con score ajustado 88.26 y confianza high.,62.3866,high,this_week,content_opportunities
opp_act_4418ff160c55d493,repackage_idea,8ImVuaOhTf4,Jaime Higuera,Me voló la cabeza cuando Jaime Higuera dijo esto #shorts,Analizar como tema con interés pero baja distribución.,high_engagement_low_reach,Señal high_engagement_low_reach activada con score ajustado 80.74 y confianza high.,62.3412,high,this_week,content_opportunities
opp_act_e07e703191230a49,repackage_idea,PMX-urJB7uw,Jaime Higuera,Esta es la idea de ingreso pasivo  #shorts,Analizar como tema con interés pero baja distribución.,high_engagement_low_reach,Señal high_engagement_low_reach activada con score ajustado 87.42 y confianza high.,62.2996,high,this_week,content_opportunities
opp_act_97b42020039980b0,repackage_idea,uHx1N_qFfTw,Jaime Higuera,Esto es lo primero que necesitas  #shorts,Analizar como tema con interés pero baja distribución.,high_engagement_low_reach,Señal high_engagement_low_reach activada con score ajustado 84.9 y confianza high.,62.2453,high,this_week,content_opportunities
opp_act_258e34eabafced7f,repackage_idea,3wJvtiigDcg,Jaime Higuera,Que te rompan el corazón es lo mejor que te puede pasar #shorts,Analizar como tema con interés pero baja distribución.,high_engagement_low_reach,Señal high_engagement_low_reach activada con score ajustado 87.08 y confianza high.,61.9303,high,this_week,content_opportunities
opp_act_8d40467bc1c529f3,repackage_idea,QLnHGjCD-Vw,Jaime Higuera,Así te espera el 2027 #shorts,Analizar como tema con interés pero baja distribución.,high_engagement_low_reach,Señal high_engagement_low_reach activada con score ajustado 77.36 y confianza high.,61.9273,high,this_week,content_opportunities
opp_act_fa4dc486c778e288,repackage_idea,dIwCndpKuSE,Jaime Higuera,Así actúan los millonarios #shorts,Analizar como tema con interés pero baja distribución.,high_engagement_low_reach,Señal high_engagement_low_reach activada con score ajustado 71.82 y confianza high.,61.7737,high,this_week,content_opportunities
opp_act_198c35b05f8c0d21,repackage_idea,AU6gGMDF7ts,Mister Krax,Estados Unidos vs Morena #méxico,Analizar como tema con interés pero baja distribución.,high_engagement_low_reach,Señal high_engagement_low_reach activada con score ajustado 80.7 y confianza high.,61.7682,high,this_week,content_opportunities
opp_act_a97d818fdddf5cee,repackage_idea,6q2ptE-BXIc,Mister Krax,México se desarrollará por su gente #méxico,Analizar como tema con interés pero baja distribución.,high_engagement_low_reach,Señal high_engagement_low_reach activada con score ajustado 84.87 y confianza high.,61.7367,high,this_week,content_opportunities
opp_act_9dea2c988d84cd32,repackage_idea,50Esq3fgXzA,Jaime Higuera,Existe otra forma de comenzar un negocio  #shorts,Analizar como tema con interés pero baja distribución.,high_engagement_low_reach,Señal high_engagement_low_reach activada con score ajustado 84.06 y confianza high.,61.7356,high,this_week,content_opportunities
opp_act_3d6a57b96c1459e5,repackage_idea,waOGddip3Wk,Mister Krax,La maldición de la silla presidencial #méxico,Analizar como tema con interés pero baja distribución.,high_engagement_low_reach,Señal high_engagement_low_reach activada con score ajustado 70.6 y confianza high.,61.7146,high,this_week,content_opportunities
opp_act_345a8fc28f4b2fd4,create_fast_reaction,7h3nazBbFCc,Rob Paper Clips,Aimep3 Pickme...,Evaluar crear contenido rápido sobre esta tendencia.,trend_burst,Señal trend_burst activada con score ajustado 70.31 y confianza medium.,61.697,medium,next_3_days,content_opportunities
opp_act_6f22342d38ceb36d,repackage_idea,_BhjwaNE8mc,Jaime Higuera,Ser rico es toda una estafa  #shorts,"Revisar si el tema puede tener mejor empaque, título o ángulo.",packaging_problem,Señal packaging_problem activada con score ajustado 75.48 y confianza high.,61.6869,high,this_week,content_opportunities
opp_act_506cb04976d2706f,repackage_idea,rQmlUxDeTxE,Jaime Higuera,Por esto no debes compartir objetivos con todo el mundo  #shorts,Analizar como tema con interés pero baja distribución.,high_engagement_low_reach,Señal high_engagement_low_reach activada con score ajustado 68.4 y confianza high.,61.6641,high,this_week,content_opportunities
opp_act_e1daa097814060bb,create_fast_reaction,_dxtH2u5aAk,Alex Hormozi,"""If I Get Hit By A Bus, My Business Falls Apart.""",Evaluar crear contenido rápido sobre esta tendencia.,trend_burst,Señal trend_burst activada con score ajustado 68.01 y confianza medium.,61.6058,medium,next_3_days,content_opportunities
opp_act_bc7d85486e2de453,repackage_idea,gaOZZ1TYILU,COMPUESTOS Podcast,¿Cómo Realmente Proyectar Seguridad? (Respuesta por Experta en Lenguaje Corporal),Analizar como tema con interés pero baja distribución.,high_engagement_low_reach,Señal high_engagement_low_reach activada con score ajustado 78.67 y confianza high.,61.5395,high,this_week,content_opportunities
opp_act_bf8e8b1b9820449b,repackage_idea,2NMgx26Y-Bk,Jaime Higuera,No compartas tus objetivos con todo el mundo #shorts,Analizar como tema con interés pero baja distribución.,high_engagement_low_reach,Señal high_engagement_low_reach activada con score ajustado 70.87 y confianza high.,61.4817,high,this_week,content_opportunities
opp_act_d9f0bfb5cdfcaa72,repackage_idea,xL5gZGVPjnQ,Moris Dieck | Finanzas e Inversiones ,¡NOS NOMINARON EN LOS SPOTIFY PODCAST AWARDS!,Analizar como tema con interés pero baja distribución.,high_engagement_low_reach,Señal high_engagement_low_reach activada con score ajustado 85.5 y confianza high.,61.3768,high,this_week,content_opportunities
opp_act_e4f8a1d3876e4530,repackage_idea,x0HFad-M2iE,98grados,La gente no me creyó cuando les enseñé la optimización de la laptop #laptop #windows,Analizar como tema con interés pero baja distribución.,high_engagement_low_reach,Señal high_engagement_low_reach activada con score ajustado 78.99 y confianza high.,61.2836,high,this_week,content_opportunities
opp_act_5861e0d03e42e641,repackage_idea,Mxv60XerzG4,Jaime Higuera,Me voló la cabeza cuando Jaime Higuera dijo esto #shorts,Analizar como tema con interés pero baja distribución.,high_engagement_low_reach,Señal high_engagement_low_reach activada con score ajustado 77.55 y confianza high.,61.2069,high,this_week,content_opportunities
opp_act_497f160739e5d271,create_fast_reaction,8OjVlmrtW4M,HolaMundo,"Deja de pedirle código a la IA, esto es mejor",Evaluar crear contenido rápido sobre esta tendencia.,trend_burst,Señal trend_burst activada con score ajustado 69.74 y confianza medium.,61.1662,medium,next_3_days,content_opportunities
opp_act_84675b6c97dc6302,repackage_idea,6dfxL42fP0c,Jaime Higuera,Por esto no debes compartir objetivos con todo el mundo  #shorts,Analizar como tema con interés pero baja distribución.,high_engagement_low_reach,Señal high_engagement_low_reach activada con score ajustado 77.94 y confianza high.,61.1658,high,this_week,content_opportunities
opp_act_f30b94a4e8f8a310,repackage_idea,AYIqxqyY-es,Pequeño Cerdo Capitalista,⚠️ ¡Cuidado! Tu fondo de vivienda corre PELIGRO 😨,"Revisar si el tema puede tener mejor empaque, título o ángulo.",packaging_problem,Señal packaging_problem activada con score ajustado 77.45 y confianza high.,61.1577,high,this_week,content_opportunities
opp_act_e9596b7bfb3d8950,create_fast_reaction,oCsFEpxTxlI,El Robot de Platón,¿Por qué Este Cometa es Tan Famoso?,Evaluar crear contenido rápido sobre esta tendencia.,trend_burst,Señal trend_burst activada con score ajustado 72.1 y confianza medium.,61.1549,medium,next_3_days,content_opportunities
opp_act_ab4167fe538b96bb,repackage_idea,jKwIvjb9kgM,Jaime Higuera,Estas personas están atrapadas #shorts,Analizar como tema con interés pero baja distribución.,high_engagement_low_reach,Señal high_engagement_low_reach activada con score ajustado 85.18 y confianza high.,61.1514,high,this_week,content_opportunities
opp_act_c5ffffb597a98e68,create_fast_reaction,6hNY0K71Ewo,Santiago Bilinkis,"El ""pecado"" de no ganar",Evaluar crear contenido rápido sobre esta tendencia.,trend_burst,Señal trend_burst activada con score ajustado 67.85 y confianza medium.,61.1373,medium,next_3_days,content_opportunities
opp_act_102c827f2fa9a1b5,repackage_idea,OkVrrVAG9yg,Mister Krax,¿Es normal lo que pasa en México? ¿O nos quieren desestabilizar?,"Revisar si el tema puede tener mejor empaque, título o ángulo.",packaging_problem,Señal packaging_problem activada con score ajustado 71.34 y confianza high.,61.0992,high,this_week,content_opportunities
opp_act_23a6444aefb4b050,repackage_idea,wFTojQEC2eE,Santiago Amat,La Estrategia de GAPS que gana 7 de cada 10 veces (REAL),Analizar como tema con interés pero baja distribución.,high_engagement_low_reach,Señal high_engagement_low_reach activada con score ajustado 85.85 y confianza high.,61.0824,high,this_week,content_opportunities
opp_act_848f0946b5135b41,repackage_idea,hx45I5QyAFw,Jaime Higuera,Por esto que te rompan el corazón es una de las mejores cosas que te puede pasar en la vida #shorts,Analizar como tema con interés pero baja distribución.,high_engagement_low_reach,Señal high_engagement_low_reach activada con score ajustado 85.24 y confianza high.,61.0787,high,this_week,content_opportunities
opp_act_1944b50809415d5e,repackage_idea,03uRM4Uz5t8,Jaime Higuera,Por esto no creo en el amor eterno #shorts,Analizar como tema con interés pero baja distribución.,high_engagement_low_reach,Señal high_engagement_low_reach activada con score ajustado 78.38 y confianza high.,60.9609,high,this_week,content_opportunities
opp_act_896cd55899001afc,repackage_idea,-rDMPyp2tvQ,Jaime Higuera,Esto hice para generar 72.000€ #shorts,Analizar como tema con interés pero baja distribución.,high_engagement_low_reach,Señal high_engagement_low_reach activada con score ajustado 80.37 y confianza high.,60.8588,high,this_week,content_opportunities
opp_act_795f83d3317e88ae,repackage_idea,zSPnVUpVwj8,Jaime Higuera,Así es como te están destruyendo sin que te des cuenta  #shorts,Analizar como tema con interés pero baja distribución.,high_engagement_low_reach,Señal high_engagement_low_reach activada con score ajustado 81.11 y confianza high.,60.8004,high,this_week,content_opportunities
opp_act_a879447c4b10705e,create_fast_reaction,N-zjDtQOwxc,DrossRotzank,Científicos importantes mueren y desaparecen en Estados Unidos ~ TODO LO QUE SE SABE,Evaluar crear contenido rápido sobre esta tendencia.,trend_burst,Señal trend_burst activada con score ajustado 71.38 y confianza medium.,60.7999,medium,next_3_days,content_opportunities
opp_act_73e18671aa3e7695,repackage_idea,YY3pLnSX1W4,Jaime Higuera,No consumas tu tiempo y tu energía en algo que no te aporta nada  #shorts,Analizar como tema con interés pero baja distribución.,high_engagement_low_reach,Señal high_engagement_low_reach activada con score ajustado 81.26 y confianza high.,60.6286,high,this_week,content_opportunities
opp_act_b71b2c22519eb7bf,create_fast_reaction,8TvJvfKz8Fo,jefillysh,No es Normal Vivir Así,Evaluar crear contenido rápido sobre esta tendencia.,trend_burst,Señal trend_burst activada con score ajustado 67.94 y confianza medium.,60.5875,medium,next_3_days,content_opportunities
opp_act_f8ebc55afe87ef96,create_fast_reaction,2r0m4TsyIxs,viyaura,"These Emojis Should NOT Exist...(yes, again)",Evaluar crear contenido rápido sobre esta tendencia.,trend_burst,Señal trend_burst activada con score ajustado 68.84 y confianza medium.,60.5498,medium,next_3_days,content_opportunities
opp_act_e0aa1938026ee703,repackage_idea,wZBBnciTACo,Santiago Amat,⚠ CUIDADO TRAMPA ALCISTA DE BITCOIN 📉,Analizar como tema con interés pero baja distribución.,high_engagement_low_reach,Señal high_engagement_low_reach activada con score ajustado 77.0 y confianza high.,60.4909,high,this_week,content_opportunities
opp_act_5f147f3b6c8ed895,repackage_idea,2q62qBqugJE,Santiago Amat,TRADING Y ARBITRAJE EN VIVO CON SANTIAGO AMAT,Analizar como tema con interés pero baja distribución.,high_engagement_low_reach,Señal high_engagement_low_reach activada con score ajustado 91.26 y confianza high.,60.4679,high,this_week,content_opportunities
opp_act_440b27f95fad7541,repackage_idea,2F50vE7VUIw,Noche De Chicxs,Chisme express con Traumaditos Podcast #chisme #comedia #podcast,Analizar como tema con interés pero baja distribución.,high_engagement_low_reach,Señal high_engagement_low_reach activada con score ajustado 87.87 y confianza high.,60.3836,high,this_week,content_opportunities
opp_act_482fec2ab946624f,repackage_idea,JTtyJPD0ZOw,Jaime Higuera,Jaime Higuera no se equivocó cuando dijo esto #shorts,Analizar como tema con interés pero baja distribución.,high_engagement_low_reach,Señal high_engagement_low_reach activada con score ajustado 63.23 y confianza high.,60.3677,high,this_week,content_opportunities
opp_act_a0b20c779a1f3d95,repackage_idea,raie7EtagZk,Moris Dieck | Finanzas e Inversiones ,¿Qué está encareciendo los seguros médicos?,Analizar como tema con interés pero baja distribución.,high_engagement_low_reach,Señal high_engagement_low_reach activada con score ajustado 86.19 y confianza high.,60.3457,high,this_week,content_opportunities
opp_act_1081d1700f7de24e,repackage_idea,4NHnN9EmDk0,COMPUESTOS Podcast,¿Se Puede Vivir de Ser YouTube? (La Realidad de 2026),Analizar como tema con interés pero baja distribución.,high_engagement_low_reach,Señal high_engagement_low_reach activada con score ajustado 85.44 y confianza high.,60.3086,high,this_week,content_opportunities
opp_act_0cf159a7b6fddab4,repackage_idea,xSS2WTAglww,Jaime Higuera,Que te rompan el corazón es lo mejor que te puede pasar en la vida #shorts,Analizar como tema con interés pero baja distribución.,high_engagement_low_reach,Señal high_engagement_low_reach activada con score ajustado 83.34 y confianza high.,60.2724,high,this_week,content_opportunities
opp_act_88c7a1a1288003b4,repackage_idea,8mnzaIML2AM,Jaime Higuera,Los millonarios no quieren que conozcas este modelo de negocio  #shorts,Analizar como tema con interés pero baja distribución.,high_engagement_low_reach,Señal high_engagement_low_reach activada con score ajustado 81.22 y confianza high.,60.1705,high,this_week,content_opportunities
opp_act_c8b7eec3521ceee1,repackage_idea,mbtA5CBh5qk,Santiago Amat,Estrategia gaps más velas de indecisión,Analizar como tema con interés pero baja distribución.,high_engagement_low_reach,Señal high_engagement_low_reach activada con score ajustado 80.96 y confianza high.,60.1283,high,this_week,content_opportunities
opp_act_cfbf0720c7487976,repackage_idea,oeymdn1d4qg,Mister Krax,La situación en Argentina no mejora #argentina,Analizar como tema con interés pero baja distribución.,high_engagement_low_reach,Señal high_engagement_low_reach activada con score ajustado 83.11 y confianza high.,60.113,high,this_week,content_opportunities
opp_act_59a8e74ebaf83787,repackage_idea,bM3ojc2bhdA,98grados,¿Qué IA es Mejor? Las ÚNICAS 3 IA que SÍ Valen la Pena (top herramientas),"Revisar si el tema puede tener mejor empaque, título o ángulo.",packaging_problem,Señal packaging_problem activada con score ajustado 76.91 y confianza high.,60.0979,high,this_week,content_opportunities
opp_act_243942f84a7e9c30,create_fast_reaction,aQi987cz1nk,98grados,FAN de PC Prueba MacBook Pro por Primera Vez,Evaluar crear contenido rápido sobre esta tendencia.,trend_burst,Señal trend_burst activada con score ajustado 65.07 y confianza medium.,60.0084,medium,next_3_days,content_opportunities
opp_act_7e45961db3d2fd47,create_fast_reaction,LNKCHWOW7aI,Man Carrying Thing,i “love” how people talk about books in 2026,Evaluar crear contenido rápido sobre esta tendencia.,trend_burst,Señal trend_burst activada con score ajustado 69.67 y confianza medium.,60.0,medium,next_3_days,content_opportunities
opp_act_9570c3a7e02ab59d,repackage_idea,0ShXZN7aHqA,EDteam,¿Qué es exactamente una skill de IA?,Analizar como tema con interés pero baja distribución.,high_engagement_low_reach,Señal high_engagement_low_reach activada con score ajustado 73.65 y confianza high.,59.9179,high,this_week,content_opportunities
opp_act_fb8b5cb5dc62bf9b,repackage_idea,jcfifYFAdpM,Mister Krax,Ecatepec en la mira del desarrollo #ecatepec #méxico,"Revisar si el tema puede tener mejor empaque, título o ángulo.",packaging_problem,Señal packaging_problem activada con score ajustado 76.28 y confianza high.,59.9126,high,this_week,content_opportunities
opp_act_ad4ab6186d04d048,repackage_idea,jq7ocNZXg_s,Alex Hormozi,This Is Your Lonely Chapter,Analizar como tema con interés pero baja distribución.,high_engagement_low_reach,Señal high_engagement_low_reach activada con score ajustado 84.38 y confianza high.,59.8684,high,this_week,content_opportunities
opp_act_c122f74fbcb3cc5f,repackage_idea,R1iBWKeX42I,EDteam,¿Cómo evitar que la IA te reemplace?,Analizar como tema con interés pero baja distribución.,high_engagement_low_reach,Señal high_engagement_low_reach activada con score ajustado 75.44 y confianza high.,59.7732,high,this_week,content_opportunities
opp_act_fa597392ed729cc5,repackage_idea,oXKkhajzwgE,Mister Krax,¿Quieren desestabilizar México? #méxico,"Revisar si el tema puede tener mejor empaque, título o ángulo.",packaging_problem,Señal packaging_problem activada con score ajustado 68.27 y confianza high.,59.631,high,this_week,content_opportunities
opp_act_b075be8aff534d08,repackage_idea,_XyunBBcVXY,Inversión Inteligente - Alain Cortés,Conoce la historia de LEVA: ¿una SOFIPO segura?,"Revisar si el tema puede tener mejor empaque, título o ángulo.",packaging_problem,Señal packaging_problem activada con score ajustado 70.97 y confianza high.,59.6063,high,this_week,content_opportunities
opp_act_727f08302a0cc952,repackage_idea,xL5gZGVPjnQ,Moris Dieck | Finanzas e Inversiones ,¡NOS NOMINARON EN LOS SPOTIFY PODCAST AWARDS!,"Revisar si el tema puede tener mejor empaque, título o ángulo.",packaging_problem,Señal packaging_problem activada con score ajustado 84.47 y confianza high.,59.4657,high,this_week,content_opportunities
opp_act_874960db4be000bd,repackage_idea,BnAKfe0qGbE,EDteam,La forma más fácil de crear tu primera skill,Analizar como tema con interés pero baja distribución.,high_engagement_low_reach,Señal high_engagement_low_reach activada con score ajustado 68.46 y confianza high.,59.3605,high,this_week,content_opportunities
opp_act_68f60bb33b19a397,create_fast_reaction,3Ip-TJvpjLQ,IA Innova,La NUEVA Actualización de Google Gemini es ¡UNA LOCURA!,Evaluar crear contenido rápido sobre esta tendencia.,trend_burst,Señal trend_burst activada con score ajustado 66.37 y confianza medium.,59.2867,medium,next_3_days,content_opportunities
opp_act_d50922e567627573,repackage_idea,seu69-hMmGw,Mister Krax,¿Traición a la patria? #méxico,"Revisar si el tema puede tener mejor empaque, título o ángulo.",packaging_problem,Señal packaging_problem activada con score ajustado 77.39 y confianza high.,59.2273,high,this_week,content_opportunities
opp_act_1119c6fd7b892d1f,repackage_idea,eoXIFY2GZTw,Jaime Higuera,Estos libros te pueden cambiar la vida #shorts,Analizar como tema con interés pero baja distribución.,high_engagement_low_reach,Señal high_engagement_low_reach activada con score ajustado 80.93 y confianza high.,59.1154,high,this_week,content_opportunities
opp_act_8e212c31a318ec0c,repackage_idea,6-PunI-5Ts4,Doctor Fisión,DESCUBREN PARTÍCULAS QUE SALEN DIRECTAMENTE DEL VACÍO 🌌,Analizar como tema con interés pero baja distribución.,high_engagement_low_reach,Señal high_engagement_low_reach activada con score ajustado 77.5 y confianza high.,59.0295,high,this_week,content_opportunities
opp_act_478ad3aa23e3ff36,repackage_idea,dq9VW4kn19w,Inversión Inteligente - Alain Cortés,¡CUIDADO! Nu y Revolut están BLOQUEANDO cuentas: esto debes saber,"Revisar si el tema puede tener mejor empaque, título o ángulo.",packaging_problem,Señal packaging_problem activada con score ajustado 65.5 y confianza high.,58.9721,high,this_week,content_opportunities
opp_act_7e1bdbc2d2029719,repackage_idea,RVu1kgj-miw,Mister Krax,Relaciones tensas entre México 🇲🇽 y Estados Unidos 🇺🇸 #mexico #chihuahua,Analizar como tema con interés pero baja distribución.,high_engagement_low_reach,Señal high_engagement_low_reach activada con score ajustado 67.96 y confianza high.,58.8886,high,this_week,content_opportunities
opp_act_45d3d88a9144cd98,repackage_idea,iaT6-gjxQbo,Atherion,se siente como un mundo escondido,Analizar como tema con interés pero baja distribución.,high_engagement_low_reach,Señal high_engagement_low_reach activada con score ajustado 73.86 y confianza high.,58.7528,high,this_week,content_opportunities
opp_act_ce1ae9dad3e79ef6,repackage_idea,tXgFifuwvno,Pequeño Cerdo Capitalista,Lo que nadie te enseña sobre dinero | Sofía Macías,Analizar como tema con interés pero baja distribución.,high_engagement_low_reach,Señal high_engagement_low_reach activada con score ajustado 67.38 y confianza high.,58.7521,high,this_week,content_opportunities
opp_act_ecee694f2e58c642,repackage_idea,RBz3O-4xBYE,Jaime Higuera,Me voló la cabeza cuando Jaime Higuera dijo esto #shorts,"Revisar si el tema puede tener mejor empaque, título o ángulo.",packaging_problem,Señal packaging_problem activada con score ajustado 71.73 y confianza high.,58.6683,high,this_week,content_opportunities
opp_act_e550908c09d93fda,repackage_idea,oOLYgK6RqS4,Santiago Amat,ARBITRAJE DOLAR CRIPTO-DOLAR CCL,"Revisar si el tema puede tener mejor empaque, título o ángulo.",packaging_problem,Señal packaging_problem activada con score ajustado 70.6 y confianza high.,58.6669,high,this_week,content_opportunities
opp_act_3eeea9f0dac74fac,repackage_idea,fpkC4nn2D60,Mister Krax,La jugada de USA 🇺🇸 para ingresar a México 🇲🇽 #mexico,Analizar como tema con interés pero baja distribución.,high_engagement_low_reach,Señal high_engagement_low_reach activada con score ajustado 72.66 y confianza high.,58.661,high,this_week,content_opportunities
opp_act_27ce522ff8a0db4f,repackage_idea,dYJM9jmLBzY,elWacky,No Lo Puedo Creer,Analizar como tema con interés pero baja distribución.,high_engagement_low_reach,Señal high_engagement_low_reach activada con score ajustado 78.46 y confianza high.,58.6506,high,this_week,content_opportunities
opp_act_deed97c0e55c7727,create_fast_reaction,1_H80JEZ2ko,Eva Maria Beristain,¿CIUDADANOS DE SEGUNDA?: EDO MEX VS CDMX,Evaluar crear contenido rápido sobre esta tendencia.,trend_burst,Señal trend_burst activada con score ajustado 67.43 y confianza medium.,58.6236,medium,next_3_days,content_opportunities
opp_act_bc57c1fa40dbd927,create_fast_reaction,33HT7CnI79k,The Diary Of A CEO,THE BIG AI LIE,Evaluar crear contenido rápido sobre esta tendencia.,trend_burst,Señal trend_burst activada con score ajustado 66.73 y confianza medium.,58.583,medium,next_3_days,content_opportunities
opp_act_d77a92fe5c4052b1,repackage_idea,bjFyP8D_XvM,COMPUESTOS Podcast,Los Errores Más Comunes Al Crear En YouTube ❌ #Compuestos #AndresGarza #EloisaWolf #Errores,Analizar como tema con interés pero baja distribución.,high_engagement_low_reach,Señal high_engagement_low_reach activada con score ajustado 80.96 y confianza high.,58.4964,high,this_week,content_opportunities
opp_act_f5137ca1bdec76e2,repackage_idea,4RmcHqjzw-A,Monitor fantasma,Sobre las elecciones en Perú y una reflexión sobre la democracia,Analizar como tema con interés pero baja distribución.,high_engagement_low_reach,Señal high_engagement_low_reach activada con score ajustado 78.06 y confianza high.,58.4812,high,this_week,content_opportunities
opp_act_c4de2391868b9722,repackage_idea,uJzhn5czGL4,COMPUESTOS Podcast,¿YouTube Es La Mejor Red Para Crear Contenido? 👥#Compuestos #AndresGarza #EloisaWolf #Contenido,Analizar como tema con interés pero baja distribución.,high_engagement_low_reach,Señal high_engagement_low_reach activada con score ajustado 80.74 y confianza high.,58.374,high,this_week,content_opportunities
opp_act_5cb02147a2507100,repackage_idea,5BbGrGFI2gQ,Mister Krax,Se inaugura tren suburbano Buenavista-AIFA #trensuburbano #méxico,"Revisar si el tema puede tener mejor empaque, título o ángulo.",packaging_problem,Señal packaging_problem activada con score ajustado 80.45 y confianza high.,58.3707,high,this_week,content_opportunities
opp_act_24be8aa0e106b79b,repackage_idea,5DilrEUdYnY,Moris Dieck | Finanzas e Inversiones ,"Si quieres resultados diferentes, necesitas entornos diferentes.",Analizar como tema con interés pero baja distribución.,high_engagement_low_reach,Señal high_engagement_low_reach activada con score ajustado 83.98 y confianza high.,58.3464,high,this_week,content_opportunities
opp_act_97705dffe6a5188f,repackage_idea,qGa8y4tPUkc,El Maikini Dev,Calificando comentarios de mis videos junto a ChatGPT,Analizar como tema con interés pero baja distribución.,high_engagement_low_reach,Señal high_engagement_low_reach activada con score ajustado 77.41 y confianza high.,58.2837,high,this_week,content_opportunities
opp_act_71dc9140799c20f5,repackage_idea,4NHnN9EmDk0,COMPUESTOS Podcast,¿Se Puede Vivir de Ser YouTube? (La Realidad de 2026),"Revisar si el tema puede tener mejor empaque, título o ángulo.",packaging_problem,Señal packaging_problem activada con score ajustado 83.78 y confianza high.,58.2709,high,this_week,content_opportunities
opp_act_0b0567b4e5ec1800,repackage_idea,rWwPAnF8Qeo,Mister Krax,En Argentina se come carne de burro 🫏? #argentina,Analizar como tema con interés pero baja distribución.,high_engagement_low_reach,Señal high_engagement_low_reach activada con score ajustado 82.78 y confianza high.,58.1867,high,this_week,content_opportunities
opp_act_3be796cb951ac260,repackage_idea,AU6gGMDF7ts,Mister Krax,Estados Unidos vs Morena #méxico,"Revisar si el tema puede tener mejor empaque, título o ángulo.",packaging_problem,Señal packaging_problem activada con score ajustado 75.53 y confianza high.,58.1433,high,this_week,content_opportunities
opp_act_dfb67fc059fb4611,repackage_idea,OPDzJP8iWLo,Doctor Fisión,¿SIRVEN PARA ALGO LOS EXPERIMENTOS EN EL ESPACIO? 🛰️,Analizar como tema con interés pero baja distribución.,high_engagement_low_reach,Señal high_engagement_low_reach activada con score ajustado 78.46 y confianza high.,58.099,high,this_week,content_opportunities
opp_act_04f39871dd4bf87f,repackage_idea,8MhnMHlXk7Q,Mister Krax,Atacan al presidente Trump #notícias,Analizar como tema con interés pero baja distribución.,high_engagement_low_reach,Señal high_engagement_low_reach activada con score ajustado 82.86 y confianza high.,58.0606,high,this_week,content_opportunities
opp_act_1a7bb03e61762bad,repackage_idea,6q2ptE-BXIc,Mister Krax,México se desarrollará por su gente #méxico,"Revisar si el tema puede tener mejor empaque, título o ángulo.",packaging_problem,Señal packaging_problem activada con score ajustado 79.29 y confianza high.,58.0396,high,this_week,content_opportunities
opp_act_cc60ab9667629aac,repackage_idea,40kncAedwjs,El Consejero,"Sexo, luego el vacío — Arthur Schopenhauer",Analizar como tema con interés pero baja distribución.,high_engagement_low_reach,Señal high_engagement_low_reach activada con score ajustado 75.5 y confianza high.,57.9568,high,this_week,content_opportunities
opp_act_a1dfb68c55e7c59f,create_fast_reaction,GlgzzZEePXo,Juan Villalvazo,La IA Fue Un Fracaso: Cuesta Más Que Contratar Programadores,Evaluar crear contenido rápido sobre esta tendencia.,trend_burst,Señal trend_burst activada con score ajustado 64.53 y confianza medium.,57.8748,medium,next_3_days,content_opportunities
opp_act_d60ab64fa84ada82,repackage_idea,sqXsMACtso0,Doctor Fisión,ASÍ SE CONFIGURÓ EL MOTOR CLIMÁTICO DEL PLANETA 🌎,Analizar como tema con interés pero baja distribución.,high_engagement_low_reach,Señal high_engagement_low_reach activada con score ajustado 73.46 y confianza high.,57.8235,high,this_week,content_opportunities
opp_act_617d9629d29b318f,create_fast_reaction,BflRX7z7SHs,Ale Marin,"SOFI MAURE, la PAGINA AZUL y un problema generacional cada vez más grande l Ale Marin",Evaluar crear contenido rápido sobre esta tendencia.,trend_burst,Señal trend_burst activada con score ajustado 66.56 y confianza medium.,57.7158,medium,next_3_days,content_opportunities
opp_act_c74909b8f616ec7d,repackage_idea,LQd65ctML6o,Jaime Higuera,Este es uno de los errores más comunes cuando la gente empieza a ganar dinero #shorts,"Revisar si el tema puede tener mejor empaque, título o ángulo.",packaging_problem,Señal packaging_problem activada con score ajustado 65.8 y confianza high.,57.636,high,this_week,content_opportunities
opp_act_46e269699e3e4879,repackage_idea,tysrC1PivVE,Jaime Higuera,En el futuro eso ya es tuyo #shorts,"Revisar si el tema puede tener mejor empaque, título o ángulo.",packaging_problem,Señal packaging_problem activada con score ajustado 72.24 y confianza high.,57.6093,high,this_week,content_opportunities
opp_act_e7b31b1c844987b8,repackage_idea,DerWppSGkmE,EDteam,Si ya usas VS Code este es tu siguiente paso en la IA,Analizar como tema con interés pero baja distribución.,high_engagement_low_reach,Señal high_engagement_low_reach activada con score ajustado 69.77 y confianza high.,57.5071,high,this_week,content_opportunities
opp_act_cd0690935e5913a4,repackage_idea,1c8cpHNlIb8,Jaime Higuera,Así es la era en la que vivimos  #shorts,"Revisar si el tema puede tener mejor empaque, título o ángulo.",packaging_problem,Señal packaging_problem activada con score ajustado 69.74 y confianza high.,57.5001,high,this_week,content_opportunities
opp_act_381bf53201da145b,repackage_idea,N9drBPpPZFI,Jaime Higuera,Atraes lo que eres #shorts,Analizar como tema con interés pero baja distribución.,high_engagement_low_reach,Señal high_engagement_low_reach activada con score ajustado 60.71 y confianza high.,57.4442,high,this_week,content_opportunities
opp_act_dca5e64e44628e34,repackage_idea,2q62qBqugJE,Santiago Amat,TRADING Y ARBITRAJE EN VIVO CON SANTIAGO AMAT,"Revisar si el tema puede tener mejor empaque, título o ángulo.",packaging_problem,Señal packaging_problem activada con score ajustado 86.9 y confianza high.,57.3656,high,this_week,content_opportunities
opp_act_ac652e5411999c15,repackage_idea,ZUpr3u1inlg,Mister Krax,"U.S.A. quiere imponer su Ley, pero México no se deja","Revisar si el tema puede tener mejor empaque, título o ángulo.",packaging_problem,Señal packaging_problem activada con score ajustado 63.32 y confianza high.,57.3105,high,this_week,content_opportunities
opp_act_08abfe16148498af,repackage_idea,d4AaggbJACU,Vida MRR - Programacion web,"Qué pasa con Claude Code, GPT 5.5 y mas chismecito dev",Analizar como tema con interés pero baja distribución.,high_engagement_low_reach,Señal high_engagement_low_reach activada con score ajustado 83.75 y confianza high.,57.254,high,this_week,content_opportunities
opp_act_5a583c014ead29f6,repackage_idea,PCAPjDDY-h4,Diego Ruzzarin,El Mitin de María Corina Machado y el muy cuestionable grito de Carlos Baute.,Analizar como tema con interés pero baja distribución.,high_engagement_low_reach,Señal high_engagement_low_reach activada con score ajustado 79.28 y confianza high.,57.0678,high,this_week,content_opportunities
opp_act_8b89726dfd01b04b,repackage_idea,FbRnMwKmmTA,EDteam,¿Existen pasos para convertirse en experto en IA?,Analizar como tema con interés pero baja distribución.,high_engagement_low_reach,Señal high_engagement_low_reach activada con score ajustado 63.11 y confianza high.,57.0255,high,this_week,content_opportunities
opp_act_f00275b24173f5ef,repackage_idea,KppJdbUvqp8,Jaime Higuera,Esto me cambió la vida   #shorts,"Revisar si el tema puede tener mejor empaque, título o ángulo.",packaging_problem,Señal packaging_problem activada con score ajustado 69.73 y confianza high.,56.8747,high,this_week,content_opportunities
opp_act_56c1c5d5d2fa76b5,repackage_idea,zzsUsCRoGcI,Jaime Higuera,Deja de actuar así #shorts,"Revisar si el tema puede tener mejor empaque, título o ángulo.",packaging_problem,Señal packaging_problem activada con score ajustado 75.64 y confianza high.,56.863,high,this_week,content_opportunities
opp_act_397588b0f0320a61,repackage_idea,UPYFbiBv8H4,El Consejero,Haz esto con un empático y desaparecerá de tu vida - carl jung,Analizar como tema con interés pero baja distribución.,high_engagement_low_reach,Señal high_engagement_low_reach activada con score ajustado 71.91 y confianza high.,56.8628,high,this_week,content_opportunities
opp_act_b48bbb7731ec405c,repackage_idea,GKCz_gBPkvI,Jaime Higuera,Me quedé pensando cuando jaime Higuera dijo esto #shorts,Analizar como tema con interés pero baja distribución.,high_engagement_low_reach,Señal high_engagement_low_reach activada con score ajustado 62.42 y confianza high.,56.8113,high,this_week,content_opportunities
opp_act_28bd06bb639110cf,create_fast_reaction,Z50QkVZcP1k,Ricardo Alca2,Detengan el boxeo de influencers,Evaluar crear contenido rápido sobre esta tendencia.,trend_burst,Señal trend_burst activada con score ajustado 68.33 y confianza medium.,56.7264,medium,next_3_days,content_opportunities
opp_act_6dfe6ef13906af46,repackage_idea,nZlhHf8vSbU,Jaime Higuera,Por esto ser realista ha matado a nuestra generación #shorts,"Revisar si el tema puede tener mejor empaque, título o ángulo.",packaging_problem,Señal packaging_problem activada con score ajustado 69.51 y confianza high.,56.4847,high,this_week,content_opportunities
opp_act_bb40275e549bda78,create_fast_reaction,tpay1lEGZ7g,DrossRotzank,El muerto que se enterró a sí mismo,Evaluar crear contenido rápido sobre esta tendencia.,trend_burst,Señal trend_burst activada con score ajustado 65.16 y confianza medium.,56.4605,medium,next_3_days,content_opportunities
opp_act_1e1f63b13c9955a5,repackage_idea,Xcmg2noBQOw,Jaime Higuera,Elige un problema que puedas resolver #shorts,"Revisar si el tema puede tener mejor empaque, título o ángulo.",packaging_problem,Señal packaging_problem activada con score ajustado 64.65 y confianza high.,56.4441,high,this_week,content_opportunities
opp_act_9db1eba2003b0f0a,repackage_idea,5cynqLNd1gA,Atherion,como si la idea (pintura) se fuera a secar,Analizar como tema con interés pero baja distribución.,high_engagement_low_reach,Señal high_engagement_low_reach activada con score ajustado 81.1 y confianza high.,56.4039,high,this_week,content_opportunities
opp_act_564a1ab306898257,repackage_idea,_FP4gbF0KWY,EDteam,¿ChatGPT o Claude? ¡No importa cuál es mejor!,Analizar como tema con interés pero baja distribución.,high_engagement_low_reach,Señal high_engagement_low_reach activada con score ajustado 62.14 y confianza high.,56.3987,high,this_week,content_opportunities
opp_act_93d5a3b71f66f64d,repackage_idea,PMX-urJB7uw,Jaime Higuera,Esta es la idea de ingreso pasivo  #shorts,"Revisar si el tema puede tener mejor empaque, título o ángulo.",packaging_problem,Señal packaging_problem activada con score ajustado 76.11 y confianza high.,56.3872,high,this_week,content_opportunities
opp_act_0229b656eb75b328,repackage_idea,t3oZncJYgwE,Jaime Higuera,No hagas caso a la sociedad actual  #shorts,"Revisar si el tema puede tener mejor empaque, título o ángulo.",packaging_problem,Señal packaging_problem activada con score ajustado 71.44 y confianza high.,56.3463,high,this_week,content_opportunities
opp_act_438e92d6e65741d5,repackage_idea,pqIZk9qrBEM,98grados,"La Mejor, Peor e Ideal. Rankeando GPU #pc #pcgamer #gpu",Analizar como tema con interés pero baja distribución.,high_engagement_low_reach,Señal high_engagement_low_reach activada con score ajustado 71.14 y confianza high.,56.3251,high,this_week,content_opportunities
opp_act_300ddea0abe7c0ea,create_fast_reaction,FMdrD_jcYgE,PBS Space Time,We Found Galaxies Too Old for the Universe,Evaluar crear contenido rápido sobre esta tendencia.,trend_burst,Señal trend_burst activada con score ajustado 71.03 y confianza medium.,56.261,medium,next_3_days,content_opportunities
opp_act_d7be24ff907e1e12,repackage_idea,X5_Q7FZ0Sik,Jaime Higuera,No tengas miedo de enfrentarte a nuevos retos #shorts,Analizar como tema con interés pero baja distribución.,high_engagement_low_reach,Señal high_engagement_low_reach activada con score ajustado 61.94 y confianza high.,56.2371,high,this_week,content_opportunities
opp_act_b472aec067f72e8a,repackage_idea,96k8OXI58Ko,Jaime Higuera,Ventajas de ser un Growth Partner #shorts,"Revisar si el tema puede tener mejor empaque, título o ángulo.",packaging_problem,Señal packaging_problem activada con score ajustado 74.1 y confianza high.,56.1806,high,this_week,content_opportunities
opp_act_937d985d94547738,create_fast_reaction,8nwaOxXIj0g,Adrià Solà Pastor,Cómo Hablar Articulado Y Parecer Más Inteligente? Comunica Con Claridad Y Convicción,Evaluar crear contenido rápido sobre esta tendencia.,trend_burst,Señal trend_burst activada con score ajustado 66.25 y confianza medium.,56.1737,medium,next_3_days,content_opportunities
opp_act_268c7c657c9d6bc5,repackage_idea,KfaPxlvQx1M,Noche De Chicxs,El gnomo #chisme #comedia #podcast,Analizar como tema con interés pero baja distribución.,high_engagement_low_reach,Señal high_engagement_low_reach activada con score ajustado 68.96 y confianza high.,56.1034,high,this_week,content_opportunities
opp_act_84a887070dd4341e,repackage_idea,2NMgx26Y-Bk,Jaime Higuera,No compartas tus objetivos con todo el mundo #shorts,"Revisar si el tema puede tener mejor empaque, título o ángulo.",packaging_problem,Señal packaging_problem activada con score ajustado 61.73 y confianza high.,56.0626,high,this_week,content_opportunities
opp_act_7f16f54bd5ce8548,repackage_idea,FHeTJmwxo5s,Jaime Higuera,La industria no quiere que sepas esto  #shorts,"Revisar si el tema puede tener mejor empaque, título o ángulo.",packaging_problem,Señal packaging_problem activada con score ajustado 70.11 y confianza high.,56.0193,high,this_week,content_opportunities
opp_act_4dd9ebeee077f415,repackage_idea,KW2YQ1C0ECs,Santiago Amat,La TRAMPA de los CRÉDITOS | No saques un PRÉSTAMO sin ver esto,"Revisar si el tema puede tener mejor empaque, título o ángulo.",packaging_problem,Señal packaging_problem activada con score ajustado 73.16 y confianza high.,56.017,high,this_week,content_opportunities
opp_act_d1df4d42c43d6391,repackage_idea,LikC_lxkVEg,Jaime Higuera,Este es el activo más valioso que puedes poseer #shorts,"Revisar si el tema puede tener mejor empaque, título o ángulo.",packaging_problem,Señal packaging_problem activada con score ajustado 69.16 y confianza high.,55.9721,high,this_week,content_opportunities
opp_act_4f3712201fb9e156,repackage_idea,MSl5mD3E7PE,Irene Albacete,4 creencias que te mantienen pobre.,Analizar como tema con interés pero baja distribución.,high_engagement_low_reach,Señal high_engagement_low_reach activada con score ajustado 69.47 y confianza high.,55.9208,high,this_week,content_opportunities
opp_act_f5d4fc93b3e505f4,repackage_idea,wZBBnciTACo,Santiago Amat,⚠ CUIDADO TRAMPA ALCISTA DE BITCOIN 📉,"Revisar si el tema puede tener mejor empaque, título o ángulo.",packaging_problem,Señal packaging_problem activada con score ajustado 69.6 y confianza high.,55.8761,high,this_week,content_opportunities
opp_act_a66cf40c15abc4e1,repackage_idea,mbtA5CBh5qk,Santiago Amat,Estrategia gaps más velas de indecisión,"Revisar si el tema puede tener mejor empaque, título o ángulo.",packaging_problem,Señal packaging_problem activada con score ajustado 74.13 y confianza high.,55.8447,high,this_week,content_opportunities
opp_act_12960db7a81cd5ed,repackage_idea,rg1PhRvmFXk,Sapiencia práctica,Cómo  DEJAR de PREOCUPARTE por lo que OTROS PIENSAN de ti,Analizar como tema con interés pero baja distribución.,high_engagement_low_reach,Señal high_engagement_low_reach activada con score ajustado 79.37 y confianza high.,55.814,high,this_week,content_opportunities
opp_act_639a248cfcf5cb71,repackage_idea,aYH-DvGfEVU,Santiago Amat,TRADING Y ARBITRAJE EN VIVO CON SANTIAGO AMAT,Analizar como tema con interés pero baja distribución.,high_engagement_low_reach,Señal high_engagement_low_reach activada con score ajustado 82.86 y confianza high.,55.6815,high,this_week,content_opportunities
opp_act_44fbe06a0da37860,repackage_idea,QLnHGjCD-Vw,Jaime Higuera,Así te espera el 2027 #shorts,"Revisar si el tema puede tener mejor empaque, título o ángulo.",packaging_problem,Señal packaging_problem activada con score ajustado 65.41 y confianza high.,55.5834,high,this_week,content_opportunities
opp_act_98e6b62fc11b60eb,repackage_idea,hE1O48iNhBw,Jaime Higuera,Muchos de mis errores se repetían #shorts,Analizar como tema con interés pero baja distribución.,high_engagement_low_reach,Señal high_engagement_low_reach activada con score ajustado 70.61 y confianza high.,55.5373,high,this_week,content_opportunities
opp_act_6f6b57dd3d184686,create_fast_reaction,SVTPv4sI_Jc,Veritasium,Can a quantum sensor detect your heartbeat from 60 km away?,Evaluar crear contenido rápido sobre esta tendencia.,trend_burst,Señal trend_burst activada con score ajustado 65.03 y confianza medium.,55.3744,medium,next_3_days,content_opportunities
opp_act_2c7d5a84d048bf5e,repackage_idea,G-i7hiu_yPU,Finanzas con Gus,El Imperio Más Poderoso del Mundo Está Empezando a Romperse,Analizar como tema con interés pero baja distribución.,high_engagement_low_reach,Señal high_engagement_low_reach activada con score ajustado 77.3 y confianza high.,55.3707,high,this_week,content_opportunities
opp_act_863645056a545834,repackage_idea,7y8W9bita7o,Atherion,la cordialidad del silencio,Analizar como tema con interés pero baja distribución.,high_engagement_low_reach,Señal high_engagement_low_reach activada con score ajustado 74.57 y confianza high.,55.3635,high,this_week,content_opportunities
opp_act_2a9ccfe07db451ba,repackage_idea,5ov8sBSV-pc,Sapiencia práctica,6 TRUCOS psicológicos para ENAMORAR a cualquiera,Analizar como tema con interés pero baja distribución.,high_engagement_low_reach,Señal high_engagement_low_reach activada con score ajustado 64.13 y confianza high.,55.3254,high,this_week,content_opportunities
opp_act_23e8fcb26b8ad992,repackage_idea,6dfxL42fP0c,Jaime Higuera,Por esto no debes compartir objetivos con todo el mundo  #shorts,"Revisar si el tema puede tener mejor empaque, título o ángulo.",packaging_problem,Señal packaging_problem activada con score ajustado 67.0 y confianza high.,55.2112,high,this_week,content_opportunities
opp_act_d255d9f5309c4c47,repackage_idea,J9p4GMskefU,Irene Albacete,“La memoria colectiva” puede ser tu mayor obstáculo.,Analizar como tema con interés pero baja distribución.,high_engagement_low_reach,Señal high_engagement_low_reach activada con score ajustado 69.78 y confianza high.,55.1006,high,this_week,content_opportunities
opp_act_7adccc3679fc0c80,repackage_idea,tXgFifuwvno,Pequeño Cerdo Capitalista,Lo que nadie te enseña sobre dinero | Sofía Macías,"Revisar si el tema puede tener mejor empaque, título o ángulo.",packaging_problem,Señal packaging_problem activada con score ajustado 62.15 y confianza high.,54.9729,high,this_week,content_opportunities
opp_act_f0fd161f8ce36904,repackage_idea,kkQDCTCcgC0,Noche De Chicxs,Chisme express con Frida Araujo #chisme #comedia #podcast,Analizar como tema con interés pero baja distribución.,high_engagement_low_reach,Señal high_engagement_low_reach activada con score ajustado 75.18 y confianza high.,54.7564,high,this_week,content_opportunities
opp_act_fcde0dfbbc32507d,repackage_idea,50Esq3fgXzA,Jaime Higuera,Existe otra forma de comenzar un negocio  #shorts,"Revisar si el tema puede tener mejor empaque, título o ángulo.",packaging_problem,Señal packaging_problem activada con score ajustado 69.75 y confianza high.,54.6294,high,this_week,content_opportunities
opp_act_a14a79a42dea0d47,create_fast_reaction,FCaTFLdtsco,AsapSCIENCE,The call is coming from inside the house,Evaluar crear contenido rápido sobre esta tendencia.,trend_burst,Señal trend_burst activada con score ajustado 62.48 y confianza medium.,54.6033,medium,next_3_days,content_opportunities
opp_act_6dc35418b21be98a,repackage_idea,CZe8DucT3qA,elWacky,Actualización Repugnante,Analizar como tema con interés pero baja distribución.,high_engagement_low_reach,Señal high_engagement_low_reach activada con score ajustado 68.65 y confianza high.,54.5238,high,this_week,content_opportunities
opp_act_379112d7ee6eafc2,repackage_idea,dYJM9jmLBzY,elWacky,No Lo Puedo Creer,"Revisar si el tema puede tener mejor empaque, título o ángulo.",packaging_problem,Señal packaging_problem activada con score ajustado 71.52 y confianza high.,54.4897,high,this_week,content_opportunities
opp_act_6526d340884324a0,repackage_idea,zSPnVUpVwj8,Jaime Higuera,Así es como te están destruyendo sin que te des cuenta  #shorts,"Revisar si el tema puede tener mejor empaque, título o ángulo.",packaging_problem,Señal packaging_problem activada con score ajustado 68.73 y confianza high.,54.3756,high,this_week,content_opportunities
opp_act_6b170145989e61a9,repackage_idea,NLrfMQ0dqpQ,Juan Villalvazo,Francia Desecha Windows 11 y Tim Cook Renuncia en Apple,Analizar como tema con interés pero baja distribución.,high_engagement_low_reach,Señal high_engagement_low_reach activada con score ajustado 80.46 y confianza high.,54.362,high,this_week,content_opportunities
opp_act_c9b41919ad768d14,repackage_idea,oeymdn1d4qg,Mister Krax,La situación en Argentina no mejora #argentina,"Revisar si el tema puede tener mejor empaque, título o ángulo.",packaging_problem,Señal packaging_problem activada con score ajustado 71.81 y confianza high.,54.2664,high,this_week,content_opportunities
opp_act_3a176a9f7234b032,repackage_idea,-wkZoxeFIpM,Doctor Fisión,Los Mayores Errores Científicos de la Historia - Domingo de Ciencia 225,Analizar como tema con interés pero baja distribución.,high_engagement_low_reach,Señal high_engagement_low_reach activada con score ajustado 66.6 y confianza high.,54.196,high,this_week,content_opportunities
opp_act_878b486d803cee19,repackage_idea,MX1a5garnwc,Exito Financiero,Cómo INVERTIR Con El Salario MÍNIMO,Analizar como tema con interés pero baja distribución.,high_engagement_low_reach,Señal high_engagement_low_reach activada con score ajustado 66.52 y confianza high.,54.1654,high,this_week,content_opportunities
opp_act_a9b9b267d8a959fc,repackage_idea,Bv4wqAVZ6Ps,El Consejero,Los hombres nunca deberían saber esto sobre las mujeres,Analizar como tema con interés pero baja distribución.,high_engagement_low_reach,Señal high_engagement_low_reach activada con score ajustado 72.0 y confianza high.,54.0732,high,this_week,content_opportunities
opp_act_1b421abe9369c697,repackage_idea,xSS2WTAglww,Jaime Higuera,Que te rompan el corazón es lo mejor que te puede pasar en la vida #shorts,"Revisar si el tema puede tener mejor empaque, título o ángulo.",packaging_problem,Señal packaging_problem activada con score ajustado 71.0 y confianza high.,54.0088,high,this_week,content_opportunities
opp_act_7789cbbc63b4e1af,repackage_idea,_BHe9R7pYNw,Cristina Dayz ,Por qué la clase media es cada vez más POBRE,Analizar como tema con interés pero baja distribución.,high_engagement_low_reach,Señal high_engagement_low_reach activada con score ajustado 68.65 y confianza high.,53.8232,high,this_week,content_opportunities
opp_act_7195e0838e2d4db8,repackage_idea,Cs1nC8kqS5k,Diego Ruzzarin,Polémica en el Mitin de María Corina Machado.,Analizar como tema con interés pero baja distribución.,high_engagement_low_reach,Señal high_engagement_low_reach activada con score ajustado 67.38 y confianza high.,53.8188,high,this_week,content_opportunities
opp_act_e30290ea8a016925,repackage_idea,sQoa8y7eN-8,Aprendiz Financiero,Deja de ser Esclavo del dinero,Analizar como tema con interés pero baja distribución.,high_engagement_low_reach,Señal high_engagement_low_reach activada con score ajustado 72.43 y confianza high.,53.8022,high,this_week,content_opportunities
opp_act_4c75d6462d6cf2c9,repackage_idea,PCAPjDDY-h4,Diego Ruzzarin,El Mitin de María Corina Machado y el muy cuestionable grito de Carlos Baute.,"Revisar si el tema puede tener mejor empaque, título o ángulo.",packaging_problem,Señal packaging_problem activada con score ajustado 74.2 y confianza high.,53.7789,high,this_week,content_opportunities
opp_act_9c3c6dd6e379f3ff,repackage_idea,hx45I5QyAFw,Jaime Higuera,Por esto que te rompan el corazón es una de las mejores cosas que te puede pasar en la vida #shorts,"Revisar si el tema puede tener mejor empaque, título o ángulo.",packaging_problem,Señal packaging_problem activada con score ajustado 70.25 y confianza high.,53.7578,high,this_week,content_opportunities
opp_act_1557cd609fe2ee96,repackage_idea,9QKOkpu78CQ,La Hiperactina,Publi⭐️ ¿Por qué hay cosas que lees mil veces y no entiendes… y en vídeo sí? 📹🧬✨,Analizar como tema con interés pero baja distribución.,high_engagement_low_reach,Señal high_engagement_low_reach activada con score ajustado 66.37 y confianza high.,53.7371,high,this_week,content_opportunities
opp_act_6d408723e9e6d9bb,repackage_idea,51dULrDA8E8,Luis Mi Negocios,NINTENDO no nació como EMPRESA de videojuegos… ESTO PASÓ,Analizar como tema con interés pero baja distribución.,high_engagement_low_reach,Señal high_engagement_low_reach activada con score ajustado 67.5 y confianza high.,53.6857,high,this_week,content_opportunities
opp_act_f9b7de8bcdc46a32,repackage_idea,3wJvtiigDcg,Jaime Higuera,Que te rompan el corazón es lo mejor que te puede pasar #shorts,"Revisar si el tema puede tener mejor empaque, título o ángulo.",packaging_problem,Señal packaging_problem activada con score ajustado 69.76 y confianza high.,53.6689,high,this_week,content_opportunities
opp_act_81d9381985840f14,repackage_idea,jq7ocNZXg_s,Alex Hormozi,This Is Your Lonely Chapter,"Revisar si el tema puede tener mejor empaque, título o ángulo.",packaging_problem,Señal packaging_problem activada con score ajustado 72.05 y confianza high.,53.6468,high,this_week,content_opportunities
opp_act_02c38adb5c94f1d6,repackage_idea,40kncAedwjs,El Consejero,"Sexo, luego el vacío — Arthur Schopenhauer","Revisar si el tema puede tener mejor empaque, título o ángulo.",packaging_problem,Señal packaging_problem activada con score ajustado 68.22 y confianza high.,53.6004,high,this_week,content_opportunities
opp_act_49b30f7d24d59fb0,repackage_idea,X9fGa-F_ars,elWacky,Jugador Profesional Se Enoja y Lo Pierde Todo,Analizar como tema con interés pero baja distribución.,high_engagement_low_reach,Señal high_engagement_low_reach activada con score ajustado 66.34 y confianza high.,53.571,high,this_week,content_opportunities
opp_act_fe6c5d86b4695429,create_fast_reaction,rJgtb2s7Oz8,Alejavi Rivera,China acaba de responder a Claude Design… y lo ha hecho en código abierto 🇨🇳⚡,Evaluar crear contenido rápido sobre esta tendencia.,trend_burst,Señal trend_burst activada con score ajustado 63.27 y confianza medium.,53.5596,medium,next_3_days,content_opportunities
opp_act_e0a3612876eec74a,repackage_idea,wFTojQEC2eE,Santiago Amat,La Estrategia de GAPS que gana 7 de cada 10 veces (REAL),"Revisar si el tema puede tener mejor empaque, título o ángulo.",packaging_problem,Señal packaging_problem activada con score ajustado 70.02 y confianza high.,53.3626,high,this_week,content_opportunities
opp_act_fab004bec6d46b8a,repackage_idea,SZLTZDoVcfA,Jaime Higuera,Haz esto si estás estancado en 0 euros #shorts,"Revisar si el tema puede tener mejor empaque, título o ángulo.",packaging_problem,Señal packaging_problem activada con score ajustado 68.82 y confianza high.,53.2867,high,this_week,content_opportunities
opp_act_d22f6f8c905479a7,create_fast_reaction,JjwHFerSu4M,Gustavo Entrala,CHINA hizo grande a APPLE. APPLE hizo de CHINA una SUPERPOTENCIA.,Evaluar crear contenido rápido sobre esta tendencia.,trend_burst,Señal trend_burst activada con score ajustado 66.3 y confianza medium.,53.2665,medium,next_3_days,content_opportunities
opp_act_4ff7e3bece8656c5,repackage_idea,6q8iEtd0IGE,Woshingo Streams,EL REGRESO DE DON X (RESIDENT EVIL REQUIEM PARTE 7),Analizar como tema con interés pero baja distribución.,high_engagement_low_reach,Señal high_engagement_low_reach activada con score ajustado 67.04 y confianza high.,53.1912,high,this_week,content_opportunities
opp_act_5a1a174eed682eaf,repackage_idea,4RmcHqjzw-A,Monitor fantasma,Sobre las elecciones en Perú y una reflexión sobre la democracia,"Revisar si el tema puede tener mejor empaque, título o ángulo.",packaging_problem,Señal packaging_problem activada con score ajustado 68.44 y confianza high.,53.1522,high,this_week,content_opportunities
opp_act_dd335c766522f71e,repackage_idea,UN6X2Jj-qrQ,Aprendiz Financiero,Si siempre estás ocupado pero no avanzas… mira ESTO,Analizar como tema con interés pero baja distribución.,high_engagement_low_reach,Señal high_engagement_low_reach activada con score ajustado 72.08 y confianza high.,53.1467,high,this_week,content_opportunities
opp_act_3e4c99dffc84a891,repackage_idea,rWwPAnF8Qeo,Mister Krax,En Argentina se come carne de burro 🫏? #argentina,"Revisar si el tema puede tener mejor empaque, título o ángulo.",packaging_problem,Señal packaging_problem activada con score ajustado 72.6 y confianza high.,52.8791,high,this_week,content_opportunities
opp_act_ef73f8ce8ad2954f,repackage_idea,5ymn2oV1Zls,elWacky,Al Parecer Sí Es Un Monstruo,Analizar como tema con interés pero baja distribución.,high_engagement_low_reach,Señal high_engagement_low_reach activada con score ajustado 68.47 y confianza high.,52.8625,high,this_week,content_opportunities
opp_act_2e06d69d652164dc,repackage_idea,F2VZtrSncAg,Mister Krax,Porque USA 🇺🇸 celebra más el 5 de Mayo que 🇲🇽? #mexico #5demayo,Analizar como tema con interés pero baja distribución.,high_engagement_low_reach,Señal high_engagement_low_reach activada con score ajustado 76.5 y confianza medium.,52.721,medium,this_week,content_opportunities
opp_act_a593b9cc98344b57,repackage_idea,G-i7hiu_yPU,Finanzas con Gus,El Imperio Más Poderoso del Mundo Está Empezando a Romperse,"Revisar si el tema puede tener mejor empaque, título o ángulo.",packaging_problem,Señal packaging_problem activada con score ajustado 73.66 y confianza high.,52.5625,high,this_week,content_opportunities
opp_act_d7c68fd0e0a0d34e,repackage_idea,qGa8y4tPUkc,El Maikini Dev,Calificando comentarios de mis videos junto a ChatGPT,"Revisar si el tema puede tener mejor empaque, título o ángulo.",packaging_problem,Señal packaging_problem activada con score ajustado 66.68 y confianza high.,52.5208,high,this_week,content_opportunities
opp_act_ee1ef59f36297bbb,repackage_idea,SzDnUAJkenI,Alex Hormozi,Do This If You Have No Money...,Analizar como tema con interés pero baja distribución.,high_engagement_low_reach,Señal high_engagement_low_reach activada con score ajustado 75.8 y confianza medium.,52.3927,medium,this_week,content_opportunities
opp_act_fc38ae181d36759d,create_fast_reaction,t9PF8V132Y4,PolyMatter,Walmart’s New Plan to Defeat Amazon,Evaluar crear contenido rápido sobre esta tendencia.,trend_burst,Señal trend_burst activada con score ajustado 66.19 y confianza medium.,52.268,medium,next_3_days,content_opportunities
opp_act_fdcf1ca777fb6ec1,repackage_idea,2F50vE7VUIw,Noche De Chicxs,Chisme express con Traumaditos Podcast #chisme #comedia #podcast,"Revisar si el tema puede tener mejor empaque, título o ángulo.",packaging_problem,Señal packaging_problem activada con score ajustado 70.66 y confianza high.,52.2667,high,this_week,content_opportunities
opp_act_aa9943859dc51efe,create_fast_reaction,rbSEOholMxI,Arcade's Books,Autora escribe 200 LIBROS AL AÑO CON IA ✍🏻🤖 ¿La  literatura está en peligro?  | Voces de Arcadia 5,Evaluar crear contenido rápido sobre esta tendencia.,trend_burst,Señal trend_burst activada con score ajustado 61.52 y confianza medium.,52.2472,medium,next_3_days,content_opportunities
opp_act_bb6c632052b47e88,repackage_idea,raie7EtagZk,Moris Dieck | Finanzas e Inversiones ,¿Qué está encareciendo los seguros médicos?,"Revisar si el tema puede tener mejor empaque, título o ángulo.",packaging_problem,Señal packaging_problem activada con score ajustado 68.98 y confianza high.,52.2042,high,this_week,content_opportunities
opp_act_f371a46f13df84dd,repackage_idea,MX1a5garnwc,Exito Financiero,Cómo INVERTIR Con El Salario MÍNIMO,"Revisar si el tema puede tener mejor empaque, título o ángulo.",packaging_problem,Señal packaging_problem activada con score ajustado 65.11 y confianza high.,52.1831,high,this_week,content_opportunities
opp_act_23e485d86839ecf3,repackage_idea,vg9owOLbmvA,Santiago Amat,La verdad sobre el ARBITRAJE CCL y sus ganancias,Analizar como tema con interés pero baja distribución.,high_engagement_low_reach,Señal high_engagement_low_reach activada con score ajustado 68.86 y confianza medium.,52.1206,medium,this_week,content_opportunities
opp_act_2b8b1de064410de9,repackage_idea,9361MUAmA24,Aprendiz Financiero,Haz ESTO para gestionar BIEN tu tiempo,Analizar como tema con interés pero baja distribución.,high_engagement_low_reach,Señal high_engagement_low_reach activada con score ajustado 68.01 y confianza high.,52.0638,high,this_week,content_opportunities
opp_act_60adc09aaee3bd46,repackage_idea,8MhnMHlXk7Q,Mister Krax,Atacan al presidente Trump #notícias,"Revisar si el tema puede tener mejor empaque, título o ángulo.",packaging_problem,Señal packaging_problem activada con score ajustado 70.79 y confianza high.,52.0176,high,this_week,content_opportunities
opp_act_96ff533da609f5fa,repackage_idea,uJzhn5czGL4,COMPUESTOS Podcast,¿YouTube Es La Mejor Red Para Crear Contenido? 👥#Compuestos #AndresGarza #EloisaWolf #Contenido,"Revisar si el tema puede tener mejor empaque, título o ángulo.",packaging_problem,Señal packaging_problem activada con score ajustado 67.94 y confianza high.,52.0002,high,this_week,content_opportunities
opp_act_bd64ef07f867e070,repackage_idea,d4AaggbJACU,Vida MRR - Programacion web,"Qué pasa con Claude Code, GPT 5.5 y mas chismecito dev","Revisar si el tema puede tener mejor empaque, título o ángulo.",packaging_problem,Señal packaging_problem activada con score ajustado 73.78 y confianza high.,51.9727,high,this_week,content_opportunities
opp_act_6847027ad5b1e6ac,repackage_idea,TUSbI3pqiCM,UN POCO MEJOR,14 Reglas para Ser Rico que el 90% de la Gente Ignora,Analizar como tema con interés pero baja distribución.,high_engagement_low_reach,Señal high_engagement_low_reach activada con score ajustado 59.43 y confianza high.,51.1224,high,this_week,content_opportunities
opp_act_1b530b4cd913acc2,repackage_idea,5DilrEUdYnY,Moris Dieck | Finanzas e Inversiones ,"Si quieres resultados diferentes, necesitas entornos diferentes.","Revisar si el tema puede tener mejor empaque, título o ángulo.",packaging_problem,Señal packaging_problem activada con score ajustado 68.22 y confianza high.,50.8537,high,this_week,content_opportunities
opp_act_82047eddf9f867d3,repackage_idea,aYH-DvGfEVU,Santiago Amat,TRADING Y ARBITRAJE EN VIVO CON SANTIAGO AMAT,"Revisar si el tema puede tener mejor empaque, título o ángulo.",packaging_problem,Señal packaging_problem activada con score ajustado 73.6 y confianza high.,50.6863,high,this_week,content_opportunities
opp_act_8295ff2b1603e2ca,create_fast_reaction,SAtFZPtbMpI,Numberphile,Entirely Ridiculously Big Numbers - Numberphile,Evaluar crear contenido rápido sobre esta tendencia.,trend_burst,Señal trend_burst activada con score ajustado 63.38 y confianza medium.,50.6567,medium,next_3_days,content_opportunities
opp_act_fae99e6fdd6b333e,repackage_idea,yaBzATxyEYs,El Robot de Platón,La Gran Mentira del Helio - 3,Analizar como tema con interés pero baja distribución.,high_engagement_low_reach,Señal high_engagement_low_reach activada con score ajustado 67.53 y confianza high.,50.5181,high,this_week,content_opportunities
opp_act_8aa57d3ee1810ebd,repackage_idea,0SSctcuOy0o,Cordura Artificial,Mi nuevo lector de E-books #productividad #libros #lectura #tecnologia,Analizar como tema con interés pero baja distribución.,high_engagement_low_reach,Señal high_engagement_low_reach activada con score ajustado 66.07 y confianza high.,50.2621,high,this_week,content_opportunities
opp_act_4cc1961beea51c19,repackage_idea,NLrfMQ0dqpQ,Juan Villalvazo,Francia Desecha Windows 11 y Tim Cook Renuncia en Apple,"Revisar si el tema puede tener mejor empaque, título o ángulo.",packaging_problem,Señal packaging_problem activada con score ajustado 72.97 y confianza high.,50.1487,high,this_week,content_opportunities
opp_act_518d37f3d457448b,repackage_idea,xO5diVmgE8Y,viyaura,i drew secret emojis...#art #artist,Analizar como tema con interés pero baja distribución.,high_engagement_low_reach,Señal high_engagement_low_reach activada con score ajustado 63.49 y confianza high.,49.7734,high,this_week,content_opportunities
opp_act_bc6951458aeb8247,repackage_idea,5cynqLNd1gA,Atherion,como si la idea (pintura) se fuera a secar,"Revisar si el tema puede tener mejor empaque, título o ángulo.",packaging_problem,Señal packaging_problem activada con score ajustado 67.54 y confianza high.,49.7282,high,this_week,content_opportunities
opp_act_46a1f021e8aa8c4e,repackage_idea,6_o0OElprPo,Vida MRR - Programacion web,GITHUB Copilot va a COBRAR por TOKEN...,"Revisar si el tema puede tener mejor empaque, título o ángulo.",packaging_problem,Señal packaging_problem activada con score ajustado 63.19 y confianza high.,49.5622,high,this_week,content_opportunities
opp_act_59a17dbb90c55293,repackage_idea,F2VZtrSncAg,Mister Krax,Porque USA 🇺🇸 celebra más el 5 de Mayo que 🇲🇽? #mexico #5demayo,"Revisar si el tema puede tener mejor empaque, título o ángulo.",packaging_problem,Señal packaging_problem activada con score ajustado 71.83 y confianza medium.,49.2227,medium,this_week,content_opportunities
opp_act_8c85c3eecc73ad60,repackage_idea,rg1PhRvmFXk,Sapiencia práctica,Cómo  DEJAR de PREOCUPARTE por lo que OTROS PIENSAN de ti,"Revisar si el tema puede tener mejor empaque, título o ángulo.",packaging_problem,Señal packaging_problem activada con score ajustado 65.77 y confianza high.,49.1088,high,this_week,content_opportunities
opp_act_832c3d64bdde1815,repackage_idea,ve_y3EI_VeA,Ali Abdaal,The Dry Well Effect,Analizar como tema con interés pero baja distribución.,high_engagement_low_reach,Señal high_engagement_low_reach activada con score ajustado 72.26 y confianza medium.,49.0725,medium,this_week,content_opportunities
opp_act_1655fd6837ac83a0,repackage_idea,oIr5NyY01EQ,Sapiencia práctica,5 cosas que NUNCA debes DECIRLE a alguien con TDAH (y qué puedes decirle),Analizar como tema con interés pero baja distribución.,high_engagement_low_reach,Señal high_engagement_low_reach activada con score ajustado 70.68 y confianza medium.,49.0247,medium,this_week,content_opportunities
opp_act_2fc810a2a43bf27a,repackage_idea,w_Z0cdu9c9I,Atherion,¿miedo al abandono?,Analizar como tema con interés pero baja distribución.,high_engagement_low_reach,Señal high_engagement_low_reach activada con score ajustado 61.05 y confianza medium.,48.5647,medium,this_week,content_opportunities
opp_act_8d896abf55899e2b,repackage_idea,0lt4j7GTtGU,El Consejero,7 cosas que debes abandonar ahora para vibrar en una frecuencia más elevada – Carl Jung,Analizar como tema con interés pero baja distribución.,high_engagement_low_reach,Señal high_engagement_low_reach activada con score ajustado 60.42 y confianza medium.,48.3281,medium,this_week,content_opportunities
opp_act_cfc501176f036abf,repackage_idea,-Ap6qWvqk0I,Itzcalli,"SI ERES MUJER, TU BELLEZA ES UNA MONEDA DE CAMBIO: Barbie y los Diarios de una boticaria","Revisar si el tema puede tener mejor empaque, título o ángulo.",packaging_problem,Señal packaging_problem activada con score ajustado 62.28 y confianza high.,48.3016,high,this_week,content_opportunities
opp_act_94b5ab28f968239c,repackage_idea,vg9owOLbmvA,Santiago Amat,La verdad sobre el ARBITRAJE CCL y sus ganancias,"Revisar si el tema puede tener mejor empaque, título o ángulo.",packaging_problem,Señal packaging_problem activada con score ajustado 61.98 y confianza medium.,48.2012,medium,this_week,content_opportunities
opp_act_3864cc4ff3697687,repackage_idea,5-0m5LUhiCc,El Consejero,Por qué las personas solitarias son IMANES para personas tóxicas - CARL JUNG,Analizar como tema con interés pero baja distribución.,high_engagement_low_reach,Señal high_engagement_low_reach activada con score ajustado 73.86 y confianza medium.,48.169,medium,this_week,content_opportunities
opp_act_08f118fedd1171be,repackage_idea,vN0MwkPIOF8,Doctor Fisión,La Historia de Cómo Medimos la Tierra - Domingo de Ciencia 226,Analizar como tema con interés pero baja distribución.,high_engagement_low_reach,Señal high_engagement_low_reach activada con score ajustado 69.8 y confianza medium.,47.6366,medium,this_week,content_opportunities
opp_act_f82aebd6166c9284,repackage_idea,2A0dbP8LJoA,Aprendiz Financiero,DEJA de PERDER el tiempo I 5 Cosas en las cuales DEBERÍA DOLERTE gastar tu tiempo,Analizar como tema con interés pero baja distribución.,high_engagement_low_reach,Señal high_engagement_low_reach activada con score ajustado 64.14 y confianza medium.,47.4893,medium,this_week,content_opportunities
opp_act_f755c1e43b302675,repackage_idea,RPePcFJDNds,Juan Villalvazo,Si Iniciara Nuevamente de Programador,Analizar como tema con interés pero baja distribución.,high_engagement_low_reach,Señal high_engagement_low_reach activada con score ajustado 64.97 y confianza medium.,46.0865,medium,this_week,content_opportunities
opp_act_f7ef72d236607a3a,repackage_idea,5-0m5LUhiCc,El Consejero,Por qué las personas solitarias son IMANES para personas tóxicas - CARL JUNG,"Revisar si el tema puede tener mejor empaque, título o ángulo.",packaging_problem,Señal packaging_problem activada con score ajustado 71.7 y confianza medium.,45.9406,medium,this_week,content_opportunities
opp_act_209f757a4ec6da57,repackage_idea,Xk3cJMA7UhE,Cristina Dayz ,7 Errores (muy caros) a EVITAR cuando empiezas a INVERTIR,Analizar como tema con interés pero baja distribución.,high_engagement_low_reach,Señal high_engagement_low_reach activada con score ajustado 58.95 y confianza medium.,45.8153,medium,this_week,content_opportunities
opp_act_cef4778e41a362db,repackage_idea,RNUjufFVGXs,MIGALA D,El aguacate,Analizar como tema con interés pero baja distribución.,high_engagement_low_reach,Señal high_engagement_low_reach activada con score ajustado 64.05 y confianza medium.,45.6633,medium,this_week,content_opportunities
opp_act_2e3e3d3567db10e8,repackage_idea,_88DyxJqY-4,Exito Financiero,Cómo Proteger Tus Inversiones Con Billeteras Frías ❄️,Analizar como tema con interés pero baja distribución.,high_engagement_low_reach,Señal high_engagement_low_reach activada con score ajustado 65.34 y confianza medium.,45.3322,medium,this_week,content_opportunities
opp_act_8ff835994f8dfd06,repackage_idea,ve_y3EI_VeA,Ali Abdaal,The Dry Well Effect,"Revisar si el tema puede tener mejor empaque, título o ángulo.",packaging_problem,Señal packaging_problem activada con score ajustado 65.63 y confianza medium.,44.7734,medium,this_week,content_opportunities
opp_act_e4def2aa3d76d2c5,repackage_idea,C4OiZ15VTxw,Ale Marin,soy una fracasada.,Analizar como tema con interés pero baja distribución.,high_engagement_low_reach,Señal high_engagement_low_reach activada con score ajustado 65.72 y confianza medium.,44.5532,medium,this_week,content_opportunities
opp_act_5eb1c59f3950199a,repackage_idea,qx6ZbgO8vtU,Alex Hormozi,The Goal Of Good Branding,"Revisar si el tema puede tener mejor empaque, título o ángulo.",packaging_problem,Señal packaging_problem activada con score ajustado 61.34 y confianza medium.,44.42,medium,this_week,content_opportunities
opp_act_26f12fcf1e5c7ac8,repackage_idea,oIr5NyY01EQ,Sapiencia práctica,5 cosas que NUNCA debes DECIRLE a alguien con TDAH (y qué puedes decirle),"Revisar si el tema puede tener mejor empaque, título o ángulo.",packaging_problem,Señal packaging_problem activada con score ajustado 60.69 y confianza medium.,44.1928,medium,this_week,content_opportunities
opp_act_c2b170da455788ff,repackage_idea,MmtdaRSSUZA,César Dabián Finanzas,Cómo salir de Deudas Para Siempre- Clase Completa,Analizar como tema con interés pero baja distribución.,high_engagement_low_reach,Señal high_engagement_low_reach activada con score ajustado 56.62 y confianza medium.,43.7416,medium,this_week,content_opportunities
opp_act_3da251286087ca2f,repackage_idea,_88DyxJqY-4,Exito Financiero,Cómo Proteger Tus Inversiones Con Billeteras Frías ❄️,"Revisar si el tema puede tener mejor empaque, título o ángulo.",packaging_problem,Señal packaging_problem activada con score ajustado 63.42 y confianza medium.,43.5668,medium,this_week,content_opportunities
opp_act_4b28335a58560038,repackage_idea,vN0MwkPIOF8,Doctor Fisión,La Historia de Cómo Medimos la Tierra - Domingo de Ciencia 226,"Revisar si el tema puede tener mejor empaque, título o ángulo.",packaging_problem,Señal packaging_problem activada con score ajustado 60.78 y confianza medium.,43.2493,medium,this_week,content_opportunities
opp_act_5eb2bdc090075760,repackage_idea,C4OiZ15VTxw,Ale Marin,soy una fracasada.,"Revisar si el tema puede tener mejor empaque, título o ángulo.",packaging_problem,Señal packaging_problem activada con score ajustado 62.23 y confianza medium.,42.234,medium,this_week,content_opportunities
opp_act_52d290e5da7d020b,repackage_idea,SzDnUAJkenI,Alex Hormozi,Do This If You Have No Money...,"Revisar si el tema puede tener mejor empaque, título o ángulo.",packaging_problem,Señal packaging_problem activada con score ajustado 56.49 y confianza medium.,42.2008,medium,this_week,content_opportunities
