execution_date,video_id,channel_id,channel_name,upload_date,video_age_days,views,views_delta,views_per_day_since_upload,lifecycle_stage
2026-04-28T11:18:51.307212+00:00,WgcdDVIUXcI,UC52hytXteCKmuOzMViTK8_w,CdeCiencia,2026-04-25T19:59:06+00:00,2.638719,3548612,779711,1344823.757285,early
2026-04-28T11:18:51.307212+00:00,Su0aCV35IFM,UC415bOPUcGSamy543abLmRA,Cleo Abram,2026-04-27T15:31:42+00:00,0.824413,1382950,697189,1677496.594547,first_24h
2026-04-28T11:18:51.307212+00:00,v_1Dhh8G84c,UCLe_q9axMaeTbjN0hy1Z9xA,Caleb Hammer,2026-04-27T19:00:56+00:00,0.679112,842884,482896,1241156.097963,first_24h
2026-04-28T11:18:51.307212+00:00,u_f8bJkfg68,UC52hytXteCKmuOzMViTK8_w,CdeCiencia,2026-04-26T21:13:59+00:00,1.586717,1795948,401425,1131864.094227,early
2026-04-28T11:18:51.307212+00:00,vmRbevilfpU,UCOWFKaCN-rzmYk502JFWnqg,Eze Martínez,2026-04-23T17:02:28+00:00,4.761381,5374140,291634,1128693.545003,early
2026-04-28T11:18:51.307212+00:00,pcAJLeGAtwc,UCLe_q9axMaeTbjN0hy1Z9xA,Caleb Hammer,2026-04-27T16:01:30+00:00,0.803719,513205,248843,638537.847183,first_24h
2026-04-28T11:18:51.307212+00:00,0Z1lChyi2W4,UCLe_q9axMaeTbjN0hy1Z9xA,Caleb Hammer,2026-04-27T22:00:03+00:00,0.554726,309235,245750,557455.392392,first_24h
2026-04-28T11:18:51.307212+00:00,QfUb5MEAOXA,UC4QZ_LsYcvcq7qOsOhpAX4A,ColdFusion,2026-04-28T00:05:38+00:00,0.467515,241802,232980,517206.934537,first_24h
2026-04-28T11:18:51.307212+00:00,EGTF9mGda4U,UCWBWgCD4oAqT3hUeq40SCUw,Sambucha,2026-04-27T19:15:00+00:00,0.669344,384778,204629,574858.368791,first_24h
2026-04-28T11:18:51.307212+00:00,39czcByvq7c,UCWBWgCD4oAqT3hUeq40SCUw,Sambucha,2026-04-27T23:00:03+00:00,0.513059,233422,196635,454961.320238,first_24h
2026-04-28T11:18:51.307212+00:00,iRach9lpIlg,UCHnyfMqiRRG1u-2MsSQLbXA,Veritasium,2026-04-27T13:18:46+00:00,0.916728,806304,191495,879545.514046,first_24h
2026-04-28T11:18:51.307212+00:00,gdjCR9h1yGc,UCWBWgCD4oAqT3hUeq40SCUw,Sambucha,2026-04-25T18:10:00+00:00,2.714483,1933226,178799,712189.392971,early
2026-04-28T11:18:51.307212+00:00,Bcag49Fk3zA,UCLe_q9axMaeTbjN0hy1Z9xA,Caleb Hammer,2026-04-26T22:00:19+00:00,1.554541,879152,169966,565537.994816,early
2026-04-28T11:18:51.307212+00:00,MVFd0qFB9TE,UCHnyfMqiRRG1u-2MsSQLbXA,Veritasium,2026-04-24T13:00:42+00:00,3.929274,3367296,165080,856976.632324,early
2026-04-28T11:18:51.307212+00:00,48hHo2WcAQI,UC1viRct91s1a3Z5yvk7FJXw,Diego Ruzzarin,2026-04-28T00:00:05+00:00,0.471369,160945,153912,341441.630655,first_24h
2026-04-28T11:18:51.307212+00:00,Hk-ARbCTKzM,UCWBWgCD4oAqT3hUeq40SCUw,Sambucha,2026-04-23T19:15:00+00:00,4.669344,4455535,153557,954210.056059,early
2026-04-28T11:18:51.307212+00:00,PnpHwhTWw0c,UCGq-a57w-aPwyi3pW7XLiHw,The Diary Of A CEO,2026-04-27T07:00:18+00:00,1.179552,649058,141055,550258.064079,early
2026-04-28T11:18:51.307212+00:00,XsY6iChNzf0,UCQHX6ViZmPsWiYSFAyS0a3Q,GothamChess,2026-04-27T12:40:02+00:00,0.943626,513784,140521,544478.426834,first_24h
2026-04-28T11:18:51.307212+00:00,roUppNywDks,UCLe_q9axMaeTbjN0hy1Z9xA,Caleb Hammer,2026-04-27T15:01:33+00:00,0.845351,421920,138999,499106.288394,first_24h
2026-04-28T11:18:51.307212+00:00,W41XcEogOB0,UCWBWgCD4oAqT3hUeq40SCUw,Sambucha,2026-04-24T19:15:01+00:00,3.669332,3003990,129262,818674.897774,early
2026-04-28T11:18:51.307212+00:00,vNXFk8iGHk8,UCWBWgCD4oAqT3hUeq40SCUw,Sambucha,2026-04-27T17:15:07+00:00,0.752596,295408,115696,392518.695289,first_24h
2026-04-28T11:18:51.307212+00:00,m-nnyNZ0TQ0,UCGq-a57w-aPwyi3pW7XLiHw,The Diary Of A CEO,2026-04-23T07:00:42+00:00,5.179274,1577974,115457,304670.886306,early
2026-04-28T11:18:51.307212+00:00,3LnNwS6rqk8,UC36xmz34q02JYaZYKrMwXng,Nate Gentile,2026-04-27T19:35:13+00:00,0.655304,189926,109058,289828.842797,first_24h
2026-04-28T11:18:51.307212+00:00,BOmc_wliaRg,UCyJbb85EUgWjl38GcF236Jg,Eva Maria Beristain,2026-04-27T01:00:06+00:00,1.429691,499273,103389,349217.418309,early
2026-04-28T11:18:51.307212+00:00,IMM5cm6xrXQ,UCLe_q9axMaeTbjN0hy1Z9xA,Caleb Hammer,2026-04-26T16:00:23+00:00,1.804494,1000475,102767,554435.20455,early
2026-04-28T11:18:51.307212+00:00,rc-xQnupse0,UCJQQVLyM6wtPleV4wFBK06g,VisualPolitik,2026-04-27T17:51:26+00:00,0.727376,223638,101055,307458.59088,first_24h
2026-04-28T11:18:51.307212+00:00,pUlUgkaTQZg,UC415bOPUcGSamy543abLmRA,Cleo Abram,2026-04-26T14:45:42+00:00,1.856358,1115113,96130,600699.326315,early
2026-04-28T11:18:51.307212+00:00,kH_bSvf7EVA,UCSju5G2aFaWMqn-_0YBtq5A,Stand-up Maths,2026-04-27T19:19:57+00:00,0.665906,161001,92723,241777.367977,first_24h
2026-04-28T11:18:51.307212+00:00,kf9ghd5-VII,UCPgVPrgqpALC1s2e63fgKyg,elWacky,2026-04-27T20:00:28+00:00,0.63777,154699,85530,242562.365743,first_24h
2026-04-28T11:18:51.307212+00:00,z7Qp9Q_Br88,UCsXVk37bltHxD1rDPwtNM8Q,Kurzgesagt – In a Nutshell,2026-04-27T14:01:38+00:00,0.88696,290896,80673,327969.694236,first_24h
2026-04-28T11:18:51.307212+00:00,DYkyYUjOZTk,UCWBWgCD4oAqT3hUeq40SCUw,Sambucha,2026-04-25T19:15:00+00:00,2.669344,1330951,79611,498606.024551,early
2026-04-28T11:18:51.307212+00:00,0t118SCf-2w,UCLe_q9axMaeTbjN0hy1Z9xA,Caleb Hammer,2026-04-25T22:00:06+00:00,2.554691,1456894,74302,570281.885363,early
2026-04-28T11:18:51.307212+00:00,31t_CBePs34,UCOWFKaCN-rzmYk502JFWnqg,Eze Martínez,2026-04-26T17:01:40+00:00,1.761936,583042,73635,330909.862787,early
2026-04-28T11:18:51.307212+00:00,UncqiOQc4rI,UCLe_q9axMaeTbjN0hy1Z9xA,Caleb Hammer,2026-04-24T16:01:01+00:00,3.804054,2387359,69739,627582.836626,early
2026-04-28T11:18:51.307212+00:00,shkHigLwBnM,UCyJbb85EUgWjl38GcF236Jg,Eva Maria Beristain,2026-04-27T19:11:09+00:00,0.672017,76929,66571,114474.782632,first_24h
2026-04-28T11:18:51.307212+00:00,Czf68kDF_7Y,UCLe_q9axMaeTbjN0hy1Z9xA,Caleb Hammer,2026-04-23T16:00:20+00:00,4.804529,1571561,65808,327099.909273,early
2026-04-28T11:18:51.307212+00:00,VsLOWe6VuyQ,UCQHX6ViZmPsWiYSFAyS0a3Q,GothamChess,2026-04-26T18:34:00+00:00,1.697816,571837,60717,336807.404336,early
2026-04-28T11:18:51.307212+00:00,kijJaXVri7Q,UCNYW2vfGrUE6R5mIJYzkRyQ,DrossRotzank,2026-04-26T16:01:07+00:00,1.803985,528061,59323,292719.174494,early
2026-04-28T11:18:51.307212+00:00,0HSNPIttevk,UCLe_q9axMaeTbjN0hy1Z9xA,Caleb Hammer,2026-04-26T19:00:00+00:00,1.679761,783155,56105,466230.017247,early
2026-04-28T11:18:51.307212+00:00,oqoBSeL5GIU,UCGq-a57w-aPwyi3pW7XLiHw,The Diary Of A CEO,2026-04-27T15:38:49+00:00,0.819471,148260,52888,180921.594541,first_24h
2026-04-28T11:18:51.307212+00:00,ucN2hf0CgI8,UCLe_q9axMaeTbjN0hy1Z9xA,Caleb Hammer,2026-04-22T19:00:50+00:00,5.679182,1162273,50602,204655.001372,early
2026-04-28T11:18:51.307212+00:00,iaYdIU5n6vw,UCFBpVaKCC0ajGps1vf0AgBg,Humphrey Yang,2026-04-23T18:00:45+00:00,4.720906,482498,48978,102204.534469,early
2026-04-28T11:18:51.307212+00:00,wy3a_xJI3so,UCWBWgCD4oAqT3hUeq40SCUw,Sambucha,2026-04-26T17:15:03+00:00,1.752642,637494,47762,363733.152578,early
2026-04-28T11:18:51.307212+00:00,Cr7oGnSzmb4,UC415bOPUcGSamy543abLmRA,Cleo Abram,2026-04-21T14:52:40+00:00,6.85152,1724242,46914,251658.318154,early
2026-04-28T11:18:51.307212+00:00,dNNyCZwEa6k,UC415bOPUcGSamy543abLmRA,Cleo Abram,2026-04-24T14:20:33+00:00,3.873823,1961103,41906,506244.864569,early
2026-04-28T11:18:51.307212+00:00,vgwG6e9TFcw,UC415bOPUcGSamy543abLmRA,Cleo Abram,2026-04-22T16:15:33+00:00,5.793962,1107695,39589,191180.922484,early
2026-04-28T11:18:51.307212+00:00,FYMdllTCrc0,UCR1IuLEqb6UEA_zQ81kwXfg,Real Engineering,2026-04-25T15:00:32+00:00,2.846057,598289,38144,210216.801701,early
2026-04-28T11:18:51.307212+00:00,VjqsnOrW3AM,UCFBpVaKCC0ajGps1vf0AgBg,Humphrey Yang,2026-04-27T20:15:00+00:00,0.627677,56256,36666,89625.715137,first_24h
2026-04-28T11:18:51.307212+00:00,UPbaPjDGQIE,UCWBWgCD4oAqT3hUeq40SCUw,Sambucha,2026-04-22T17:15:03+00:00,5.752642,2084880,36474,362421.301378,early
2026-04-28T11:18:51.307212+00:00,PN8bHAr0f1M,UCOHxDwCcOzBaLkeTazanwcw,Bravos Research,2026-04-27T16:32:30+00:00,0.782191,104617,35880,133748.662411,first_24h
2026-04-28T11:18:51.307212+00:00,6UPfq3KETg4,UCEQXxiYxNZbym9Fad7-n2Lg,Doctor Fisión,2026-04-27T16:30:04+00:00,0.783881,63118,35237,80519.874828,first_24h
2026-04-28T11:18:51.307212+00:00,sKME5er1OKc,UCDOSaJ0pnglwzfkR6fYbisA,Luis Mi Negocios,2026-04-27T16:01:23+00:00,0.8038,52314,34725,65083.354068,first_24h
2026-04-28T11:18:51.307212+00:00,3OUrr_2UCYs,UCGq-a57w-aPwyi3pW7XLiHw,The Diary Of A CEO,2026-04-23T09:33:43+00:00,5.073013,839454,33701,165474.4429,early
2026-04-28T11:18:51.307212+00:00,tbvteFr4SPQ,UCNYW2vfGrUE6R5mIJYzkRyQ,DrossRotzank,2026-04-22T16:01:36+00:00,5.803649,1230540,32881,212028.673684,early
2026-04-28T11:18:51.307212+00:00,S0WQP5GeTZs,UCLe_q9axMaeTbjN0hy1Z9xA,Caleb Hammer,2026-04-24T22:00:22+00:00,3.554506,780431,32757,219561.030422,early
2026-04-28T11:18:51.307212+00:00,TET8fTKH1e8,UCtIdb7KRqOTcOogKsos_QRw,Lord Draugr,2026-04-26T16:00:42+00:00,1.804274,377160,30782,209036.986622,early
2026-04-28T11:18:51.307212+00:00,wEb6ULf3TzU,UCWBWgCD4oAqT3hUeq40SCUw,Sambucha,2026-04-26T19:15:08+00:00,1.669251,489754,30171,293397.457902,early
2026-04-28T11:18:51.307212+00:00,3era1_feC3U,UCQHX6ViZmPsWiYSFAyS0a3Q,GothamChess,2026-04-26T10:57:00+00:00,2.015177,866806,29327,430138.891025,early
2026-04-28T11:18:51.307212+00:00,8u7HqZJQHDM,UCLe_q9axMaeTbjN0hy1Z9xA,Caleb Hammer,2026-04-24T15:00:28+00:00,3.846103,787685,28225,204800.807467,early
2026-04-28T11:18:51.307212+00:00,aZVcAlzBIp4,UCWBWgCD4oAqT3hUeq40SCUw,Sambucha,2026-04-23T23:05:00+00:00,4.509622,644167,27340,142842.792589,early
2026-04-28T11:18:51.307212+00:00,dl0-TveDDGA,UCsXVk37bltHxD1rDPwtNM8Q,Kurzgesagt – In a Nutshell,2026-04-21T14:00:01+00:00,6.888082,1560233,27082,226511.966611,early
2026-04-28T11:18:51.307212+00:00,er7v-GJj_V0,UCQX_MZRCaluNKxkywkLEgfA,Date un Vlog,2026-04-25T17:07:06+00:00,2.758163,355504,26448,128891.584725,early
2026-04-28T11:18:51.307212+00:00,MqpQhyjFZQU,UCbUYAYd1WUznxEEl498z7vA,Woshingo Streams,2026-04-26T23:00:31+00:00,1.512735,131003,26137,86600.098497,early
2026-04-28T11:18:51.307212+00:00,GybLbhXj2Nw,UCPdaxSov0mgwh77JvjQO2jQ,Man Carrying Thing,2026-04-27T16:00:22+00:00,0.804506,99119,25910,123204.79897,first_24h
2026-04-28T11:18:51.307212+00:00,T7_l896OH20,UCDfbsXLRCyk_LIkrtaTmliQ,PlanetaJuan,2026-04-26T14:00:41+00:00,1.887619,235005,25791,124498.111112,early
2026-04-28T11:18:51.307212+00:00,BdUzhVM5w1U,UCQHX6ViZmPsWiYSFAyS0a3Q,GothamChess,2026-04-24T10:47:00+00:00,4.022122,2193785,25151,545429.750763,early
2026-04-28T11:18:51.307212+00:00,Ycdklm6W1_o,UC7DdEm33SyaTDtWYGO2CwdA,Physics Girl,2026-04-26T13:00:50+00:00,1.929182,232205,24873,120364.486088,early
2026-04-28T11:18:51.307212+00:00,UUzxEVhRQgQ,UCNYW2vfGrUE6R5mIJYzkRyQ,DrossRotzank,2026-04-24T16:00:54+00:00,3.804136,624378,24271,164131.355977,early
2026-04-28T11:18:51.307212+00:00,PoHZWjU54jY,UCQHX6ViZmPsWiYSFAyS0a3Q,GothamChess,2026-04-23T11:06:00+00:00,5.008927,1634857,23783,326388.665676,early
2026-04-28T11:18:51.307212+00:00,NlW_R21cBXs,UC1viRct91s1a3Z5yvk7FJXw,Diego Ruzzarin,2026-04-27T00:30:18+00:00,1.450386,169529,23657,116885.436015,early
2026-04-28T11:18:51.307212+00:00,XeN7wKfDOPk,UC1yNl2E66ZzKApQdRuTQ4tw,Sabine Hossenfelder,2026-04-27T15:01:01+00:00,0.845721,101675,23535,120222.863096,first_24h
2026-04-28T11:18:51.307212+00:00,eBbqRceO2qY,UCWBWgCD4oAqT3hUeq40SCUw,Sambucha,2026-04-22T19:15:01+00:00,5.669332,1180078,22665,208151.154316,early
2026-04-28T11:18:51.307212+00:00,WeliLUboy3M,UCLe_q9axMaeTbjN0hy1Z9xA,Caleb Hammer,2026-04-23T19:00:34+00:00,4.679367,960827,22373,205332.687092,early
2026-04-28T11:18:51.307212+00:00,ERWIJPTNZVM,UCQHX6ViZmPsWiYSFAyS0a3Q,GothamChess,2026-04-23T19:36:00+00:00,4.654761,914725,21970,196513.848939,early
2026-04-28T11:18:51.307212+00:00,UM9dcnJXX0k,UCM55RjebjSevVWPnj2LEymw,viyaura,2026-04-25T14:59:59+00:00,2.846439,212643,21662,74704.92078,early
2026-04-28T11:18:51.307212+00:00,VKaslzzv1QM,UCl5-lvQyfILb-l2abPk4Ntg,Inteligencia Artificial,2026-04-27T18:00:00+00:00,0.721427,52940,21588,73382.338061,first_24h
2026-04-28T11:18:51.307212+00:00,OwbaFLtBpkQ,UCLe_q9axMaeTbjN0hy1Z9xA,Caleb Hammer,2026-04-24T19:00:32+00:00,3.67939,541736,20704,147235.275413,early
2026-04-28T11:18:51.307212+00:00,BPt0fwBCDbQ,UCl5-lvQyfILb-l2abPk4Ntg,Inteligencia Artificial,2026-04-22T09:51:17+00:00,6.060814,221203,20381,36497.24278,early
2026-04-28T11:18:51.307212+00:00,ktkpd9A8MD8,UCOWFKaCN-rzmYk502JFWnqg,Eze Martínez,2026-04-25T17:00:54+00:00,2.762469,248030,19950,89785.622934,early
2026-04-28T11:18:51.307212+00:00,KGeCwEOLPGE,UCWBWgCD4oAqT3hUeq40SCUw,Sambucha,2026-04-23T17:15:02+00:00,4.752654,1790745,19614,376788.421795,early
2026-04-28T11:18:51.307212+00:00,0kHJZFOuMWc,UC52hytXteCKmuOzMViTK8_w,CdeCiencia,2026-04-22T19:31:24+00:00,5.657955,735188,18904,129938.820652,early
2026-04-28T11:18:51.307212+00:00,THMW7bXTog4,UCDOSaJ0pnglwzfkR6fYbisA,Luis Mi Negocios,2026-04-25T16:00:47+00:00,2.804217,122093,18779,43539.069908,early
2026-04-28T11:18:51.307212+00:00,Cp3DxMyEBIM,UCxFACDJ98idvo9Gq9M9AQgg,Moris Dieck | Finanzas e Inversiones ,2026-04-27T11:00:19+00:00,1.012874,46651,17566,46058.048681,early
2026-04-28T11:18:51.307212+00:00,UEBpQgCIFTk,UC52hytXteCKmuOzMViTK8_w,CdeCiencia,2026-04-24T21:22:57+00:00,3.58049,518935,17317,144934.073269,early
2026-04-28T11:18:51.307212+00:00,LLK879SXq_w,UCBBWpss2iXVXtTzl7-4eWbg,Jessica Fernández García,2026-04-27T16:18:25+00:00,0.791971,29033,16818,36659.170601,first_24h
2026-04-28T11:18:51.307212+00:00,-uSQcEfnKp0,UCLe_q9axMaeTbjN0hy1Z9xA,Caleb Hammer,2026-04-25T16:00:01+00:00,2.804749,461355,16353,164490.654957,early
2026-04-28T11:18:51.307212+00:00,IJJbQTVdAtE,UCUyDOdBWhC1MCxEjC46d-zw,Alex Hormozi,2026-04-27T15:00:00+00:00,0.846427,40007,15432,47265.741759,first_24h
2026-04-28T11:18:51.307212+00:00,EFhMcL3Kf1c,UC1VLQPn9cYSqx8plbk9RxxQ,The Action Lab,2026-04-25T15:02:00+00:00,2.845038,271393,15324,95391.695998,early
2026-04-28T11:18:51.307212+00:00,_WrHMsTYlOU,UCLe_q9axMaeTbjN0hy1Z9xA,Caleb Hammer,2026-04-25T19:00:29+00:00,2.679425,771619,15246,287979.323922,early
2026-04-28T11:18:51.307212+00:00,msYTFQ4OIu8,UCLe_q9axMaeTbjN0hy1Z9xA,Caleb Hammer,2026-04-22T15:01:21+00:00,5.84549,888327,14939,151967.927411,early
2026-04-28T11:18:51.307212+00:00,hXPy19kPego,UCaVPhFg-Ax873wvhbNitsrQ,El Robot de Platón,2026-04-26T18:00:04+00:00,1.721381,79445,14674,46151.897808,early
2026-04-28T11:18:51.307212+00:00,tQCVAU-fZPA,UCF0L4jd9LcSIxsj5gKITMqQ,Jaime Higuera,2026-04-21T20:30:14+00:00,6.617098,247578,14555,37414.890939,early
2026-04-28T11:18:51.307212+00:00,zyJ1yZwX_tE,UCUyDOdBWhC1MCxEjC46d-zw,Alex Hormozi,2026-04-27T19:00:00+00:00,0.679761,27790,14542,40882.015885,first_24h
2026-04-28T11:18:51.307212+00:00,87jnYKGVetM,UCUyDOdBWhC1MCxEjC46d-zw,Alex Hormozi,2026-04-27T23:00:00+00:00,0.513094,17898,14370,34882.497164,first_24h
2026-04-28T11:18:51.307212+00:00,5wuHYQMnYhA,UCLe_q9axMaeTbjN0hy1Z9xA,Caleb Hammer,2026-04-21T16:00:09+00:00,6.804656,783553,13449,115149.538786,early
2026-04-28T11:18:51.307212+00:00,fpmYvXCzO1c,UCWBWgCD4oAqT3hUeq40SCUw,Sambucha,2026-04-21T19:15:02+00:00,6.669321,1130229,13190,169466.876763,early
2026-04-28T11:18:51.307212+00:00,K9S3YgFZN9Y,UCLe_q9axMaeTbjN0hy1Z9xA,Caleb Hammer,2026-04-23T22:00:20+00:00,4.554529,564964,12717,124044.440161,early
2026-04-28T11:18:51.307212+00:00,x2r3FTy9HHE,UCPdaxSov0mgwh77JvjQO2jQ,Man Carrying Thing,2026-04-25T18:57:26+00:00,2.681543,210719,12694,78581.249676,early
2026-04-28T11:18:51.307212+00:00,crrTHKN_R58,UCTfQ65AxquXmih3r6rZmK-Q,jefillysh,2026-04-26T21:33:31+00:00,1.573152,69628,12370,44260.18592,early
2026-04-28T11:18:51.307212+00:00,FZbMPtLRr00,UCsXVk37bltHxD1rDPwtNM8Q,Kurzgesagt – In a Nutshell,2026-04-23T14:00:23+00:00,4.887828,491633,12364,100583.121992,early
2026-04-28T11:18:51.307212+00:00,HRxULulg_hM,UCLe_q9axMaeTbjN0hy1Z9xA,Caleb Hammer,2026-04-21T19:00:26+00:00,6.67946,824022,11988,123366.559572,early
2026-04-28T11:18:51.307212+00:00,OEqMxMEBQQY,UCP15FVAA2UL-QOcGhy7-ezA,EDteam,2026-04-28T00:04:34+00:00,0.468256,12109,11413,25859.7861,first_24h
2026-04-28T11:18:51.307212+00:00,QIKiQjEMUjY,UC5mQQ4Ur6oA8lsGFkvH2lyg,Noche De Chicxs,2026-04-24T00:00:32+00:00,4.471057,182064,11093,40720.572339,early
2026-04-28T11:18:51.307212+00:00,GXeBi91SkIw,UCQHX6ViZmPsWiYSFAyS0a3Q,GothamChess,2026-04-22T17:35:00+00:00,5.738788,553124,10953,96383.417544,early
2026-04-28T11:18:51.307212+00:00,Fy8H9I2kJkI,UCFBpVaKCC0ajGps1vf0AgBg,Humphrey Yang,2026-04-22T23:00:29+00:00,5.512758,289550,9895,52523.618849,early
2026-04-28T11:18:51.307212+00:00,up__2flbXw4,UCLe_q9axMaeTbjN0hy1Z9xA,Caleb Hammer,2026-04-22T16:01:33+00:00,5.803684,740485,9892,127588.786709,early
2026-04-28T11:18:51.307212+00:00,J7ieKmP96Hc,UCMOqf8ab-42UUQIdVoKwjlQ,Practical Engineering,2026-04-21T13:00:28+00:00,6.929436,864162,9219,124708.850764,early
2026-04-28T11:18:51.307212+00:00,na5Enw8P18A,UCM55RjebjSevVWPnj2LEymw,viyaura,2026-04-26T16:18:15+00:00,1.792087,129432,8875,72224.172152,early
2026-04-28T11:18:51.307212+00:00,bfENsVP77VQ,UCoOae5nYA7VqaXzerajD0lg,Ali Abdaal,2026-04-23T13:01:06+00:00,4.928997,113928,8766,23113.830258,early
2026-04-28T11:18:51.307212+00:00,dVb9vyCwM2s,UCPgVPrgqpALC1s2e63fgKyg,elWacky,2026-04-26T20:00:17+00:00,1.637897,170143,8604,103878.937442,early
2026-04-28T11:18:51.307212+00:00,8hN5PF2oXGs,UCGq-a57w-aPwyi3pW7XLiHw,The Diary Of A CEO,2026-04-23T18:38:00+00:00,4.695038,148956,8560,31726.260789,early
2026-04-28T11:18:51.307212+00:00,U14_qm5y38o,UC5PwIMtLiIBCBhsu8f_-6UQ,Santiago Bilinkis,2026-04-26T17:34:05+00:00,1.739425,87469,8546,50286.157782,early
2026-04-28T11:18:51.307212+00:00,Lqq78q17jDY,UCVt4ugq2txl_szlXAO7B3-g,Adrián Sáenz,2026-04-21T15:59:55+00:00,6.804818,247493,8137,36370.260013,early
2026-04-28T11:18:51.307212+00:00,jIj6PuMrDGA,UCF0L4jd9LcSIxsj5gKITMqQ,Jaime Higuera,2026-04-27T18:30:12+00:00,0.700455,12129,8110,17315.88753,first_24h
2026-04-28T11:18:51.307212+00:00,GMXWOLJHnJc,UCUyDOdBWhC1MCxEjC46d-zw,Alex Hormozi,2026-04-26T03:00:00+00:00,2.346427,45463,7943,19375.416324,early
2026-04-28T11:18:51.307212+00:00,TfojYStTlZE,UC0N6ZYT8Q9bdQkGrgl9g9Ug,Pinwin,2026-04-24T22:00:37+00:00,3.554332,71689,7732,20169.47207,early
2026-04-28T11:18:51.307212+00:00,Ff0AYRWrnGY,UC1yNl2E66ZzKApQdRuTQ4tw,Sabine Hossenfelder,2026-04-25T15:00:33+00:00,2.846045,171739,7716,60343.037443,early
2026-04-28T11:18:51.307212+00:00,-txFIHA4ez8,UCP15FVAA2UL-QOcGhy7-ezA,EDteam,2026-04-26T22:10:26+00:00,1.547515,33024,7685,21340.019321,early
2026-04-28T11:18:51.307212+00:00,_twN29IEQlc,UC7MkZfrLCeE4Xwh9h2QnN0A,Arcade's Books,2026-04-27T22:34:04+00:00,0.531103,9468,7633,17827.050497,first_24h
2026-04-28T11:18:51.307212+00:00,-pNi4dh7VFo,UCQX_MZRCaluNKxkywkLEgfA,Date un Vlog,2026-04-23T18:44:52+00:00,4.69027,315634,7609,67295.486187,early
2026-04-28T11:18:51.307212+00:00,uSjcVPbJayU,UCDOSaJ0pnglwzfkR6fYbisA,Luis Mi Negocios,2026-04-22T16:15:08+00:00,5.794251,270474,7341,46679.717534,early
2026-04-28T11:18:51.307212+00:00,_9bYQ2tvc_s,UCV5cU7ORoUCCAT79kSrOJmg,Ricardo Alcaraz,2026-04-23T19:08:53+00:00,4.673592,202725,7295,43376.700405,early
2026-04-28T11:18:51.307212+00:00,WEnvorobhEE,UC1yNl2E66ZzKApQdRuTQ4tw,Sabine Hossenfelder,2026-04-22T15:00:55+00:00,5.845791,665566,7129,113853.882221,early
2026-04-28T11:18:51.307212+00:00,XFpBgNMBNNI,UCQHX6ViZmPsWiYSFAyS0a3Q,GothamChess,2026-04-25T13:00:55+00:00,2.929124,307975,7077,105142.356554,early
2026-04-28T11:18:51.307212+00:00,wd_xh6gSSOs,UCUyDOdBWhC1MCxEjC46d-zw,Alex Hormozi,2026-04-27T07:00:00+00:00,1.179761,30634,7009,25966.27622,early
2026-04-28T11:18:51.307212+00:00,tUmd3tWCDKs,UCGq-a57w-aPwyi3pW7XLiHw,The Diary Of A CEO,2026-04-26T13:45:15+00:00,1.898337,113281,6908,59673.809234,early
2026-04-28T11:18:51.307212+00:00,kTlm_3HwRFg,UCLe_q9axMaeTbjN0hy1Z9xA,Caleb Hammer,2026-04-22T22:01:02+00:00,5.554043,289279,6893,52084.400499,early
2026-04-28T11:18:51.307212+00:00,zxQJIBt9CBI,UCmE44gpkHmf5bKIVTPSwxnQ,Judith Tiral,2026-04-26T18:01:00+00:00,1.720733,76040,6866,44190.469992,early
2026-04-28T11:18:51.307212+00:00,Xy09nfcwZ3E,UC5mQQ4Ur6oA8lsGFkvH2lyg,Noche De Chicxs,2026-04-26T17:00:40+00:00,1.762631,15356,6816,8711.976585,early
2026-04-28T11:18:51.307212+00:00,DQiQ30VepbU,UCP15FVAA2UL-QOcGhy7-ezA,EDteam,2026-04-27T18:27:04+00:00,0.702631,11378,6748,16193.421583,first_24h
2026-04-28T11:18:51.307212+00:00,r6AB_e8Rk1I,UCDOSaJ0pnglwzfkR6fYbisA,Luis Mi Negocios,2026-04-26T18:00:42+00:00,1.720941,118389,6729,68793.177686,early
2026-04-28T11:18:51.307212+00:00,g_7mUw6Xt2E,UCoXtmmnLCbXDiSo8GxsmOzA,La gata de Schrödinger,2026-04-25T16:00:57+00:00,2.804101,118586,6461,42290.202814,early
2026-04-28T11:18:51.307212+00:00,SZ8r5VKtGes,UC1viRct91s1a3Z5yvk7FJXw,Diego Ruzzarin,2026-04-23T18:00:25+00:00,4.721138,329838,6333,69864.087853,early
2026-04-28T11:18:51.307212+00:00,bFO0uAMPx1g,UCqcbQf6yw5KzRoDDcZ_wBSw,Wes Roth,2026-04-27T07:13:28+00:00,1.170409,41434,6135,35401.299887,early
2026-04-28T11:18:51.307212+00:00,p5zWy46yWxU,UCUyDOdBWhC1MCxEjC46d-zw,Alex Hormozi,2026-04-26T23:00:00+00:00,1.513094,52349,6054,34597.321779,early
2026-04-28T11:18:51.307212+00:00,D4fkiQfzw_I,UChhw6DlKKTQ9mYSpTfXUYqA,Starter Story,2026-04-26T17:00:00+00:00,1.763094,43454,6036,24646.445397,early
2026-04-28T11:18:51.307212+00:00,8Uk97zU2GCg,UC1viRct91s1a3Z5yvk7FJXw,Diego Ruzzarin,2026-04-24T18:00:08+00:00,3.721335,221567,5874,59539.654452,early
2026-04-28T11:18:51.307212+00:00,07T7V-Szcx0,UCUyDOdBWhC1MCxEjC46d-zw,Alex Hormozi,2026-04-21T15:00:00+00:00,6.846427,373401,5859,54539.543035,early
2026-04-28T11:18:51.307212+00:00,ZhRgnBzcYHQ,UCvzk_MwdXD6jQa4Se-6B9ZQ,Adrià Solà Pastor,2026-04-27T17:01:54+00:00,0.761774,13452,5846,17658.780688,first_24h
2026-04-28T11:18:51.307212+00:00,DSRfs1qKWR0,UCQHX6ViZmPsWiYSFAyS0a3Q,GothamChess,2026-04-22T20:30:05+00:00,5.617203,399855,5756,71184.003854,early
2026-04-28T11:18:51.307212+00:00,dhbt8y_LXQY,UCWBWgCD4oAqT3hUeq40SCUw,Sambucha,2026-04-24T17:15:03+00:00,3.752642,461167,5725,122891.28566,early
2026-04-28T11:18:51.307212+00:00,8QsAx7s9PmQ,UCQHX6ViZmPsWiYSFAyS0a3Q,GothamChess,2026-04-21T01:00:06+00:00,7.429691,1233814,5725,166065.318194,active
2026-04-28T11:18:51.307212+00:00,UkbeRKmr5kM,UCjSVqRtdOsxQDss_pJpp_Yg,COMPUESTOS Podcast,2026-04-23T00:30:22+00:00,5.450339,51283,5428,9409.139505,early
2026-04-28T11:18:51.307212+00:00,myMj_ZfZ_xI,UCUyDOdBWhC1MCxEjC46d-zw,Alex Hormozi,2026-04-27T09:00:00+00:00,1.096427,28111,5406,25638.733814,early
2026-04-28T11:18:51.307212+00:00,Y9HJ_U3TdXk,UCUyDOdBWhC1MCxEjC46d-zw,Alex Hormozi,2026-04-24T15:00:00+00:00,3.846427,129764,5361,33736.244052,early
2026-04-28T11:18:51.307212+00:00,h9kh7KssnMc,UCPTlwyaEoJOVyvDLzHagzNQ,WATOP,2026-04-23T17:00:00+00:00,4.763094,82467,5359,17313.746065,early
2026-04-28T11:18:51.307212+00:00,q1l42BPzbIk,UC4mg-nKTVI9CWodPPqB5d3A,Luna Martínez ,2026-04-25T19:02:51+00:00,2.677781,88226,5274,32947.429233,early
2026-04-28T11:18:51.307212+00:00,rhVEOqNhjKo,UCUyDOdBWhC1MCxEjC46d-zw,Alex Hormozi,2026-04-27T11:00:00+00:00,1.013094,22969,5267,22672.131115,early
2026-04-28T11:18:51.307212+00:00,XX7hskkX1AA,UC1viRct91s1a3Z5yvk7FJXw,Diego Ruzzarin,2026-04-25T18:30:49+00:00,2.700027,77567,5212,28728.231236,early
2026-04-28T11:18:51.307212+00:00,0VjrLsr61pk,UC55-mxUj5Nj3niXFReG44OQ,Platzi,2026-04-25T15:00:02+00:00,2.846404,114649,5191,40278.540924,early
2026-04-28T11:18:51.307212+00:00,5tW7CPAVii0,UCUyDOdBWhC1MCxEjC46d-zw,Alex Hormozi,2026-04-23T03:00:00+00:00,5.346427,199550,4994,37323.992266,early
2026-04-28T11:18:51.307212+00:00,vTXoE7BLv9s,UC1viRct91s1a3Z5yvk7FJXw,Diego Ruzzarin,2026-04-25T00:01:05+00:00,3.470675,235144,4801,67751.662141,early
2026-04-28T11:18:51.307212+00:00,sjbKZ4CY1Ow,UCFBpVaKCC0ajGps1vf0AgBg,Humphrey Yang,2026-04-24T15:45:15+00:00,3.815004,99456,4760,26069.697437,early
2026-04-28T11:18:51.307212+00:00,cdOcjUyQr8A,UCGq-a57w-aPwyi3pW7XLiHw,The Diary Of A CEO,2026-04-21T17:07:00+00:00,6.758233,179331,4704,26535.190485,early
2026-04-28T11:18:51.307212+00:00,wnoSOSgBNHk,UC3nwmvE2aDzUSJ4evQ1NhoA,IA Innova,2026-04-27T18:45:05+00:00,0.690119,7726,4649,11195.170688,first_24h
2026-04-28T11:18:51.307212+00:00,OuOIrxBXB0M,UCUyDOdBWhC1MCxEjC46d-zw,Alex Hormozi,2026-04-24T03:00:00+00:00,4.346427,106718,4639,24553.040923,early
2026-04-28T11:18:51.307212+00:00,6WqWhSmCbXk,UCvzk_MwdXD6jQa4Se-6B9ZQ,Adrià Solà Pastor,2026-04-23T17:00:38+00:00,4.762654,61686,4556,12952.022129,early
2026-04-28T11:18:51.307212+00:00,rk2b7fH_Gcc,UCZRsSEs1OX74qBh0x5T22tg,EL CACHONDO,2026-04-27T00:00:07+00:00,1.471346,30226,4556,20543.094554,early
2026-04-28T11:18:51.307212+00:00,gPmmDEGCQLg,UC52hytXteCKmuOzMViTK8_w,CdeCiencia,2026-04-21T19:14:50+00:00,6.66946,264164,4537,39608.004246,early
2026-04-28T11:18:51.307212+00:00,F1gM7N-WXdU,UCQHX6ViZmPsWiYSFAyS0a3Q,GothamChess,2026-04-21T20:45:00+00:00,6.606844,346060,4503,52379.017879,early
2026-04-28T11:18:51.307212+00:00,6AKlPLtjBR8,UC55-mxUj5Nj3niXFReG44OQ,Platzi,2026-04-27T18:53:27+00:00,0.684309,8233,4470,12031.114599,first_24h
2026-04-28T11:18:51.307212+00:00,Cd5EHfRerGI,UC52kszkc08-acFOuogFl5jw,Tibees,2026-04-24T08:43:54+00:00,4.107608,192573,4429,46882.029639,early
2026-04-28T11:18:51.307212+00:00,YPboGQjMxNY,UCQHX6ViZmPsWiYSFAyS0a3Q,GothamChess,2026-04-22T11:17:01+00:00,6.001277,257729,4396,42945.693058,early
2026-04-28T11:18:51.307212+00:00,XfY_L8MLOsU,UCWBWgCD4oAqT3hUeq40SCUw,Sambucha,2026-04-21T17:15:02+00:00,6.752654,360052,4312,53320.072375,early
2026-04-28T11:18:51.307212+00:00,EXOQ7vN2NXk,UC4FHiPgS1KXkUMx3dxBUtPg,HolaMundo,2026-04-27T13:00:32+00:00,0.92939,12802,4183,13774.626368,first_24h
2026-04-28T11:18:51.307212+00:00,zj0BKLv9r8Y,UC4jlzJyMNQkkcEcCN3EFG7g,Brin,2026-04-23T22:33:25+00:00,4.531554,69192,4169,15268.934233,early
2026-04-28T11:18:51.307212+00:00,Cs1nC8kqS5k,UC1viRct91s1a3Z5yvk7FJXw,Diego Ruzzarin,2026-04-26T18:00:10+00:00,1.721311,36527,4111,21220.45348,early
2026-04-28T11:18:51.307212+00:00,B2ag364pRgQ,UCoOae5nYA7VqaXzerajD0lg,Ali Abdaal,2026-04-25T10:00:16+00:00,3.054575,55681,4070,18228.72249,early
2026-04-28T11:18:51.307212+00:00,x3P8Zqux4A4,UCUyDOdBWhC1MCxEjC46d-zw,Alex Hormozi,2026-04-26T15:00:00+00:00,1.846427,41789,4040,22632.359687,early
2026-04-28T11:18:51.307212+00:00,UgfrzicHc80,UC5mQQ4Ur6oA8lsGFkvH2lyg,Noche De Chicxs,2026-04-22T00:00:39+00:00,6.470976,173745,4019,26849.890959,early
2026-04-28T11:18:51.307212+00:00,rfnB9MhBI44,UCbdSYaPD-lr1kW27UJuk8Pw,QuantumFracture,2026-04-24T13:10:46+00:00,3.922284,150175,3683,38287.640569,early
2026-04-28T11:18:51.307212+00:00,-IhdnUzV64Y,UCb8GKeOvI7WsFUkB4UVAeXA,Cordura Artificial,2026-04-21T19:40:46+00:00,6.65145,158061,3675,23763.389938,early
2026-04-28T11:18:51.307212+00:00,4ZK7Ms4IZ7g,UCoOae5nYA7VqaXzerajD0lg,Ali Abdaal,2026-04-27T12:03:26+00:00,0.969043,14318,3671,14775.402124,first_24h
2026-04-28T11:18:51.307212+00:00,ZOPXzlpBVoM,UCPgVPrgqpALC1s2e63fgKyg,elWacky,2026-04-25T20:00:18+00:00,2.637886,99872,3601,37860.620209,early
2026-04-28T11:18:51.307212+00:00,ABoKfabPQyY,UCUyDOdBWhC1MCxEjC46d-zw,Alex Hormozi,2026-04-23T15:00:00+00:00,4.846427,201738,3488,41626.12993,early
2026-04-28T11:18:51.307212+00:00,IwjPma4PPTM,UCVt4ugq2txl_szlXAO7B3-g,Adrián Sáenz,2026-04-25T15:59:58+00:00,2.804784,56057,3460,19986.209277,early
2026-04-28T11:18:51.307212+00:00,K38w2QlgHPQ,UC5PwIMtLiIBCBhsu8f_-6UQ,Santiago Bilinkis,2026-04-27T18:07:13+00:00,0.716416,7269,3334,10146.339557,first_24h
2026-04-28T11:18:51.307212+00:00,NM-bwZZoX80,UCbUYAYd1WUznxEEl498z7vA,Woshingo Streams,2026-04-25T21:00:20+00:00,2.596196,66933,3245,25781.18139,early
2026-04-28T11:18:51.307212+00:00,GmTuhpMe1oM,UC52hytXteCKmuOzMViTK8_w,CdeCiencia,2026-04-23T20:51:09+00:00,4.602573,150929,3233,32792.309867,early
2026-04-28T11:18:51.307212+00:00,XXZ2wOom1l0,UCVt4ugq2txl_szlXAO7B3-g,Adrián Sáenz,2026-04-23T17:55:38+00:00,4.72446,66938,3160,14168.391732,early
2026-04-28T11:18:51.307212+00:00,rXs8JlFIS-U,UCF0L4jd9LcSIxsj5gKITMqQ,Jaime Higuera,2026-04-26T19:00:43+00:00,1.679263,12557,3033,7477.685151,early
2026-04-28T11:18:51.307212+00:00,x0HFad-M2iE,UC30ajuhy8cViP2DiM1QLjmg,98grados,2026-04-28T00:07:14+00:00,0.466404,3611,2999,7742.214904,first_24h
2026-04-28T11:18:51.307212+00:00,-0FsgHxwxgQ,UCbUYAYd1WUznxEEl498z7vA,Woshingo Streams,2026-04-23T23:00:00+00:00,4.513094,66969,2972,14838.822325,early
2026-04-28T11:18:51.307212+00:00,OWkM5YoEhgM,UCEQXxiYxNZbym9Fad7-n2Lg,Doctor Fisión,2026-04-23T16:30:18+00:00,4.783719,61565,2901,12869.69406,early
2026-04-28T11:18:51.307212+00:00,KXpgCNB6Dcs,UC52hytXteCKmuOzMViTK8_w,CdeCiencia,2026-04-21T20:45:40+00:00,6.606381,443997,2786,67207.295492,early
2026-04-28T11:18:51.307212+00:00,95KqKaDsIAM,UCxcDzs-4quJV4QsairlFYNg,Alejavi Rivera,2026-04-26T17:00:09+00:00,1.76299,24291,2742,13778.297098,early
2026-04-28T11:18:51.307212+00:00,XzkJ2WrHR2c,UCF0L4jd9LcSIxsj5gKITMqQ,Jaime Higuera,2026-04-27T12:43:22+00:00,0.941311,12674,2684,13464.200461,first_24h
2026-04-28T11:18:51.307212+00:00,qsJSGpOs5q4,UCF0L4jd9LcSIxsj5gKITMqQ,Jaime Higuera,2026-04-27T20:00:27+00:00,0.637781,5939,2645,9311.973859,first_24h
2026-04-28T11:18:51.307212+00:00,lvw8Fe5wcBo,UCP15FVAA2UL-QOcGhy7-ezA,EDteam,2026-04-27T15:00:15+00:00,0.846254,7292,2599,8616.798266,first_24h
2026-04-28T11:18:51.307212+00:00,ERxzxl6fXbw,UCRDQzsHtx2cXvzEXnEhbxBg,Mister Krax,2026-04-26T06:03:50+00:00,2.218765,9560,2599,4308.703265,early
2026-04-28T11:18:51.307212+00:00,lYpHv3Tg0Vg,UCjSVqRtdOsxQDss_pJpp_Yg,COMPUESTOS Podcast,2026-04-27T02:00:40+00:00,1.387631,11228,2562,8091.488299,early
2026-04-28T11:18:51.307212+00:00,pVXm6lt1F7w,UCF0L4jd9LcSIxsj5gKITMqQ,Jaime Higuera,2026-04-27T19:00:43+00:00,0.679263,4703,2509,6923.680518,first_24h
2026-04-28T11:18:51.307212+00:00,U4gpio58908,UC1yNl2E66ZzKApQdRuTQ4tw,Sabine Hossenfelder,2026-04-23T15:00:58+00:00,4.845756,225272,2457,46488.514898,early
2026-04-28T11:18:51.307212+00:00,HEW0VJx9iw0,UCUyDOdBWhC1MCxEjC46d-zw,Alex Hormozi,2026-04-26T05:00:00+00:00,2.263094,47359,2449,20926.660581,early
2026-04-28T11:18:51.307212+00:00,dYJM9jmLBzY,UCPgVPrgqpALC1s2e63fgKyg,elWacky,2026-04-25T15:00:57+00:00,2.845767,155687,2435,54708.273727,early
2026-04-28T11:18:51.307212+00:00,yIUDe9YH0ac,UCUyDOdBWhC1MCxEjC46d-zw,Alex Hormozi,2026-04-22T19:00:00+00:00,5.679761,186311,2423,32802.612645,early
2026-04-28T11:18:51.307212+00:00,2JhSWzxzLXA,UCJQQVLyM6wtPleV4wFBK06g,VisualPolitik,2026-04-22T16:05:43+00:00,5.800791,192451,2392,33176.682284,early
2026-04-28T11:18:51.307212+00:00,AzNb2nQrM7U,UC-bFpJCtP1lXn5vBxJ0b9dw,Diego Revuelta,2026-04-26T14:00:27+00:00,1.887781,28163,2379,14918.573712,early
2026-04-28T11:18:51.307212+00:00,CZe8DucT3qA,UCPgVPrgqpALC1s2e63fgKyg,elWacky,2026-04-24T20:00:17+00:00,3.637897,235965,2326,64863.023884,early
2026-04-28T11:18:51.307212+00:00,fr78adfAnuA,UCUyDOdBWhC1MCxEjC46d-zw,Alex Hormozi,2026-04-21T23:10:34+00:00,6.505756,129238,2285,19865.177852,early
2026-04-28T11:18:51.307212+00:00,tg0LuGGeOPA,UC1viRct91s1a3Z5yvk7FJXw,Diego Ruzzarin,2026-04-24T00:30:52+00:00,4.449992,112860,2272,25361.843347,early
2026-04-28T11:18:51.307212+00:00,M_FKC2NTb24,UCxFACDJ98idvo9Gq9M9AQgg,Moris Dieck | Finanzas e Inversiones ,2026-04-26T20:00:10+00:00,1.637978,13542,2260,8267.510308,early
2026-04-28T11:18:51.307212+00:00,SK8tkpErsm8,UCF0L4jd9LcSIxsj5gKITMqQ,Jaime Higuera,2026-04-26T18:42:51+00:00,1.69167,15034,2250,8887.076085,early
2026-04-28T11:18:51.307212+00:00,TekYNY3eGC0,UCEQXxiYxNZbym9Fad7-n2Lg,Doctor Fisión,2026-04-24T16:30:13+00:00,3.783777,98784,2239,26107.246807,early
2026-04-28T11:18:51.307212+00:00,9LsgBjswQZY,UCLe_q9axMaeTbjN0hy1Z9xA,Caleb Hammer,2026-04-21T22:00:18+00:00,6.554552,110900,2212,16919.539276,early
2026-04-28T11:18:51.307212+00:00,H3lUaL6-XQQ,UCPgVPrgqpALC1s2e63fgKyg,elWacky,2026-04-23T20:00:09+00:00,4.63799,182096,2204,39261.835407,early
2026-04-28T11:18:51.307212+00:00,_O6ICkmg1Zg,UCyM-2pRapEv6V2q7UNO9icg,Emprende Aprendiendo,2026-04-27T16:30:12+00:00,0.783788,7168,2156,9145.330115,first_24h
2026-04-28T11:18:51.307212+00:00,nOR-IY0SnEY,UCRDQzsHtx2cXvzEXnEhbxBg,Mister Krax,2026-04-23T21:10:37+00:00,4.589054,36538,2113,7961.989552,early
2026-04-28T11:18:51.307212+00:00,yemarhfhVA0,UCrdWRLq10OHuy7HmSckV3Vg,Nathaniel Drew,2026-04-22T14:01:39+00:00,5.886948,99910,2085,16971.442588,early
2026-04-28T11:18:51.307212+00:00,-APimd6TUro,UC5mQQ4Ur6oA8lsGFkvH2lyg,Noche De Chicxs,2026-04-26T02:00:00+00:00,2.388094,17754,1999,7434.380724,early
2026-04-28T11:18:51.307212+00:00,ZjtJALByo70,UC55-mxUj5Nj3niXFReG44OQ,Platzi,2026-04-27T16:08:20+00:00,0.798973,4021,1989,5032.710742,first_24h
2026-04-28T11:18:51.307212+00:00,7vdW8a6jEfw,UCUyDOdBWhC1MCxEjC46d-zw,Alex Hormozi,2026-04-26T11:00:00+00:00,2.013094,33371,1964,16576.970574,early
2026-04-28T11:18:51.307212+00:00,krqt6eg3UoI,UCbUYAYd1WUznxEEl498z7vA,Woshingo Streams,2026-04-22T23:00:48+00:00,5.512538,51229,1960,9293.178569,early
2026-04-28T11:18:51.307212+00:00,AHyZdLVYJfc,UCPdaxSov0mgwh77JvjQO2jQ,Man Carrying Thing,2026-04-22T21:12:51+00:00,5.587504,171930,1951,30770.447771,early
2026-04-28T11:18:51.307212+00:00,Xf_v62TQOx4,UCbfYPyITQ-7l4upoX8nvctg,Two Minute Papers,2026-04-25T17:09:47+00:00,2.7563,63273,1950,22955.774045,early
2026-04-28T11:18:51.307212+00:00,4vHF2qU89Jo,UCwd_qoS94df5orGoPLPnsxQ,Franco Pisso,2026-04-21T12:45:24+00:00,6.939899,57513,1895,8287.2964,early
2026-04-28T11:18:51.307212+00:00,5ymn2oV1Zls,UCPgVPrgqpALC1s2e63fgKyg,elWacky,2026-04-21T20:00:04+00:00,6.638048,299031,1875,45048.032193,early
2026-04-28T11:18:51.307212+00:00,-JTeDTLElVg,UC5mQQ4Ur6oA8lsGFkvH2lyg,Noche De Chicxs,2026-04-25T00:00:00+00:00,3.471427,14348,1874,4133.170595,early
2026-04-28T11:18:51.307212+00:00,nHH771Vtkxw,UC1viRct91s1a3Z5yvk7FJXw,Diego Ruzzarin,2026-04-21T18:00:46+00:00,6.720895,340630,1872,50682.238006,early
2026-04-28T11:18:51.307212+00:00,664cs6FZEZo,UCUyDOdBWhC1MCxEjC46d-zw,Alex Hormozi,2026-04-23T19:00:00+00:00,4.679761,63259,1845,13517.570662,early
2026-04-28T11:18:51.307212+00:00,QDZUOBnmf4Q,UCEQXxiYxNZbym9Fad7-n2Lg,Doctor Fisión,2026-04-25T16:30:10+00:00,2.783811,32393,1824,11636.206625,early
2026-04-28T11:18:51.307212+00:00,jdrW-vJOD1w,UC55-mxUj5Nj3niXFReG44OQ,Platzi,2026-04-27T20:56:38+00:00,0.598765,3128,1795,5224.086244,first_24h
2026-04-28T11:18:51.307212+00:00,vd8fb3noIgY,UCF0L4jd9LcSIxsj5gKITMqQ,Jaime Higuera,2026-04-27T21:55:00+00:00,0.558233,2909,1791,5211.085694,first_24h
2026-04-28T11:18:51.307212+00:00,3skIuC1lP00,UCOvzFyIAr32yspwxx77BHcQ,Rob Paper Clips,2026-04-26T21:20:03+00:00,1.582504,6885,1790,4350.699903,early
2026-04-28T11:18:51.307212+00:00,-6t20SnbOyc,UCYZLVhSSwdBllvn4tw5a4uQ,Rob Paper Sheet,2026-04-22T23:16:10+00:00,5.501867,69588,1735,12648.070191,early
2026-04-28T11:18:51.307212+00:00,0ShXZN7aHqA,UCP15FVAA2UL-QOcGhy7-ezA,EDteam,2026-04-27T22:20:58+00:00,0.5402,2195,1727,4063.309885,first_24h
2026-04-28T11:18:51.307212+00:00,NkWtrW-9GDY,UCX9NJ471o7Wie1DQe94RVIg,Fazt,2026-04-27T18:56:11+00:00,0.682411,3173,1726,4649.690582,first_24h
2026-04-28T11:18:51.307212+00:00,nJ0oh5u6YbM,UCUyDOdBWhC1MCxEjC46d-zw,Alex Hormozi,2026-04-21T19:00:00+00:00,6.679761,105537,1714,15799.517378,early
2026-04-28T11:18:51.307212+00:00,nZlhHf8vSbU,UCF0L4jd9LcSIxsj5gKITMqQ,Jaime Higuera,2026-04-27T21:52:08+00:00,0.560223,3153,1692,5628.115947,first_24h
2026-04-28T11:18:51.307212+00:00,T34ygnCahZc,UC5PwIMtLiIBCBhsu8f_-6UQ,Santiago Bilinkis,2026-04-25T17:32:42+00:00,2.740386,32159,1658,11735.208106,early
2026-04-28T11:18:51.307212+00:00,AVyYMXc_t9s,UCEK0oX3X2yK9y27khCsrNKg,Mis Propias Finanzas,2026-04-28T01:43:59+00:00,0.399217,2070,1644,5185.149931,first_24h
2026-04-28T11:18:51.307212+00:00,LPTQADIf6Xk,UCaVPhFg-Ax873wvhbNitsrQ,El Robot de Platón,2026-04-21T19:50:44+00:00,6.644529,117046,1644,17615.39456,early
2026-04-28T11:18:51.307212+00:00,DHk0gFHyHeE,UCl5-lvQyfILb-l2abPk4Ntg,Inteligencia Artificial,2026-04-24T12:35:43+00:00,3.946624,140673,1622,35643.881961,early
2026-04-28T11:18:51.307212+00:00,0SSctcuOy0o,UCb8GKeOvI7WsFUkB4UVAeXA,Cordura Artificial,2026-04-26T22:46:02+00:00,1.522793,13792,1593,9057.041896,early
2026-04-28T11:18:51.307212+00:00,6-PunI-5Ts4,UCEQXxiYxNZbym9Fad7-n2Lg,Doctor Fisión,2026-04-26T16:30:02+00:00,1.783904,22726,1592,12739.47477,early
2026-04-28T11:18:51.307212+00:00,UszcZZ1QZho,UCLYoURyGHMUuQ5YrfX55PWg,Aprendiz Financiero,2026-04-26T12:38:09+00:00,1.944934,7814,1564,4017.61705,early
2026-04-28T11:18:51.307212+00:00,0EqJD2o-Mnk,UCUyDOdBWhC1MCxEjC46d-zw,Alex Hormozi,2026-04-24T16:59:31+00:00,3.763429,28466,1561,7563.846694,early
2026-04-28T11:18:51.307212+00:00,nLlqkXdlNsM,UCF0L4jd9LcSIxsj5gKITMqQ,Jaime Higuera,2026-04-26T09:00:54+00:00,2.095802,20686,1508,9870.207205,early
2026-04-28T11:18:51.307212+00:00,4IeYytwcpuQ,UCM55RjebjSevVWPnj2LEymw,viyaura,2026-04-22T17:19:53+00:00,5.749286,88838,1507,15452.005693,early
2026-04-28T11:18:51.307212+00:00,Mxv60XerzG4,UCF0L4jd9LcSIxsj5gKITMqQ,Jaime Higuera,2026-04-27T19:30:02+00:00,0.658904,3602,1468,5466.653716,first_24h
2026-04-28T11:18:51.307212+00:00,EnLpF9i3I4I,UC9mrBfjgyOsqJ0J-zw7kZLQ,Atherion,2026-04-27T06:11:44+00:00,1.213279,4321,1429,3561.423218,early
2026-04-28T11:18:51.307212+00:00,B18aH00d8oE,UCJQQVLyM6wtPleV4wFBK06g,VisualPolitik,2026-04-23T17:06:26+00:00,4.758626,274032,1401,57586.37052,early
2026-04-28T11:18:51.307212+00:00,DB1fSfulSJQ,UCUyDOdBWhC1MCxEjC46d-zw,Alex Hormozi,2026-04-25T15:00:00+00:00,2.846427,48542,1393,17053.660607,early
2026-04-28T11:18:51.307212+00:00,uvfU2B8b4G4,UCDOSaJ0pnglwzfkR6fYbisA,Luis Mi Negocios,2026-04-24T16:01:38+00:00,3.803626,38460,1382,10111.404223,early
2026-04-28T11:18:51.307212+00:00,z-7AhJ55htQ,UCJQQVLyM6wtPleV4wFBK06g,VisualPolitik,2026-04-24T16:37:59+00:00,3.778383,400555,1362,106012.280915,early
2026-04-28T11:18:51.307212+00:00,y3HkZSayX2s,UC30ajuhy8cViP2DiM1QLjmg,98grados,2026-04-27T01:59:21+00:00,1.388545,4969,1361,3578.566053,early
2026-04-28T11:18:51.307212+00:00,IQZiAOokKXo,UCUyDOdBWhC1MCxEjC46d-zw,Alex Hormozi,2026-04-26T19:00:00+00:00,1.679761,23028,1355,13709.093139,early
2026-04-28T11:18:51.307212+00:00,pqIZk9qrBEM,UC30ajuhy8cViP2DiM1QLjmg,98grados,2026-04-25T02:03:21+00:00,3.385767,17601,1354,5198.526656,early
2026-04-28T11:18:51.307212+00:00,OkuWh46I4m4,UCDOSaJ0pnglwzfkR6fYbisA,Luis Mi Negocios,2026-04-26T16:00:06+00:00,1.804691,10067,1330,5578.240264,early
2026-04-28T11:18:51.307212+00:00,NuoEsHIW5JA,UCzR-rom72PHN9Zg7RML9EbA,PBS Eons,2026-04-23T16:15:03+00:00,4.794309,77699,1288,16206.506506,early
2026-04-28T11:18:51.307212+00:00,L8_m7pOI2-A,UCOvzFyIAr32yspwxx77BHcQ,Rob Paper Clips,2026-04-22T23:00:32+00:00,5.512723,79109,1275,14350.258484,early
2026-04-28T11:18:51.307212+00:00,PCAPjDDY-h4,UC1viRct91s1a3Z5yvk7FJXw,Diego Ruzzarin,2026-04-22T19:08:26+00:00,5.673904,62680,1262,11047.067416,early
2026-04-28T11:18:51.307212+00:00,a8LrJMGoVL4,UCoXtmmnLCbXDiSo8GxsmOzA,La gata de Schrödinger,2026-04-23T16:00:01+00:00,4.804749,118239,1259,24608.777691,early
2026-04-28T11:18:51.307212+00:00,5Z4z2oEoxw8,UCQIUhtP5WYIx_pMG8UvMYHg,Cristina Dayz ,2026-04-23T14:00:15+00:00,4.88792,24962,1258,5106.875726,early
2026-04-28T11:18:51.307212+00:00,I-rogofBX8c,UCUyDOdBWhC1MCxEjC46d-zw,Alex Hormozi,2026-04-26T07:00:00+00:00,2.179761,20322,1249,9323.040462,early
2026-04-28T11:18:51.307212+00:00,pdNaIhcp3z4,UCaZ5txM63JGqgzRTVXy5e9g,César Dabián Finanzas,2026-04-24T12:39:39+00:00,3.943892,13401,1195,3397.912519,early
2026-04-28T11:18:51.307212+00:00,dINRvKoLQ-c,UCF0L4jd9LcSIxsj5gKITMqQ,Jaime Higuera,2026-04-23T16:01:11+00:00,4.803939,30584,1175,6366.442205,early
2026-04-28T11:18:51.307212+00:00,FOyH5MIRyD4,UCF0L4jd9LcSIxsj5gKITMqQ,Jaime Higuera,2026-04-25T14:30:10+00:00,2.867145,17289,1172,6030.040336,early
2026-04-28T11:18:51.307212+00:00,6_o0OElprPo,UCOD6LXgeBoeiUZTsPLdG-0g,Vida MRR - Programacion web,2026-04-27T23:30:06+00:00,0.492191,1332,1172,2706.26647,first_24h
2026-04-28T11:18:51.307212+00:00,RBz3O-4xBYE,UCF0L4jd9LcSIxsj5gKITMqQ,Jaime Higuera,2026-04-26T14:00:44+00:00,1.887585,11908,1167,6308.590077,early
2026-04-28T11:18:51.307212+00:00,iq599kyAjVA,UCOHxDwCcOzBaLkeTazanwcw,Bravos Research,2026-04-23T16:34:23+00:00,4.780883,142546,1123,29815.831092,early
2026-04-28T11:18:51.307212+00:00,l1-D1s67YU4,UCP15FVAA2UL-QOcGhy7-ezA,EDteam,2026-04-24T19:28:22+00:00,3.660061,47041,1112,12852.518032,early
2026-04-28T11:18:51.307212+00:00,X9fGa-F_ars,UCPgVPrgqpALC1s2e63fgKyg,elWacky,2026-04-22T20:00:21+00:00,5.637851,154475,1110,27399.624431,early
2026-04-28T11:18:51.307212+00:00,oeymdn1d4qg,UCRDQzsHtx2cXvzEXnEhbxBg,Mister Krax,2026-04-27T05:49:47+00:00,1.228522,4052,1107,3298.272233,early
2026-04-28T11:18:51.307212+00:00,0IGNbK4bbXA,UCHMSzZaVrEjK35aYK3J7Htw,Pequeño Cerdo Capitalista,2026-04-23T22:01:00+00:00,4.554066,6832,1090,1500.197845,early
2026-04-28T11:18:51.307212+00:00,7Ocx3WwDK_c,UCxFACDJ98idvo9Gq9M9AQgg,Moris Dieck | Finanzas e Inversiones ,2026-04-27T20:00:03+00:00,0.638059,2157,1087,3380.56512,first_24h
2026-04-28T11:18:51.307212+00:00,UQXupr6-Wmg,UCUyDOdBWhC1MCxEjC46d-zw,Alex Hormozi,2026-04-23T11:00:00+00:00,5.013094,63092,1085,12585.441246,early
2026-04-28T11:18:51.307212+00:00,TUSbI3pqiCM,UCRlBDnRQduDk4tmm1OtpSRg,UN POCO MEJOR,2026-04-26T17:38:14+00:00,1.736543,12520,1060,7209.726451,early
2026-04-28T11:18:51.307212+00:00,3QRWlCFdzyE,UCF0L4jd9LcSIxsj5gKITMqQ,Jaime Higuera,2026-04-26T20:00:02+00:00,1.638071,12467,1050,7610.781218,early
2026-04-28T11:18:51.307212+00:00,3W1KfxQnQiU,UCOxW1h1VV379Q8GDdUJOhgw,Mariano Trejo,2026-04-26T16:30:00+00:00,1.783927,4720,1008,2645.848177,early
2026-04-28T11:18:51.307212+00:00,SYdW3cZKdmY,UCl5-lvQyfILb-l2abPk4Ntg,Inteligencia Artificial,2026-04-24T15:35:41+00:00,3.821647,10391,1002,2718.984773,early
2026-04-28T11:18:51.307212+00:00,v8z-clVwRxM,UC9WGON3pXofvE958Uq3Lw3Q,Exito Financiero,2026-04-23T21:14:38+00:00,4.586265,29592,938,6452.309232,early
2026-04-28T11:18:51.307212+00:00,F4ZxeuNDoUw,UCRDQzsHtx2cXvzEXnEhbxBg,Mister Krax,2026-04-27T06:17:21+00:00,1.209379,10284,932,8503.537766,early
2026-04-28T11:18:51.307212+00:00,QSe13hyv68o,UCl5-lvQyfILb-l2abPk4Ntg,Inteligencia Artificial,2026-04-24T12:02:26+00:00,3.969737,26028,928,6556.605639,early
2026-04-28T11:18:51.307212+00:00,-5kkpHpexIA,UC5mQQ4Ur6oA8lsGFkvH2lyg,Noche De Chicxs,2026-04-25T02:00:00+00:00,3.388094,28352,916,8368.12674,early
2026-04-28T11:18:51.307212+00:00,1lx0bttCAbs,UCF0L4jd9LcSIxsj5gKITMqQ,Jaime Higuera,2026-04-22T19:00:01+00:00,5.679749,28328,915,4987.544344,early
2026-04-28T11:18:51.307212+00:00,wJwQm_aqC8U,UCUyDOdBWhC1MCxEjC46d-zw,Alex Hormozi,2026-04-26T09:00:00+00:00,2.096427,23025,884,10982.972457,early
2026-04-28T11:18:51.307212+00:00,uWOLkr7S47A,UCUyDOdBWhC1MCxEjC46d-zw,Alex Hormozi,2026-04-22T11:00:00+00:00,6.013094,70573,873,11736.553595,early
2026-04-28T11:18:51.307212+00:00,FpwEaued1Hc,UCUyDOdBWhC1MCxEjC46d-zw,Alex Hormozi,2026-04-24T23:00:00+00:00,3.513094,43922,872,12502.369706,early
2026-04-28T11:18:51.307212+00:00,5ov8sBSV-pc,UCDnUOd6PIlQAL9bPUTf9BkQ,Sapiencia práctica,2026-04-27T18:00:00+00:00,0.721427,1828,854,2533.866905,first_24h
2026-04-28T11:18:51.307212+00:00,L7fVqlOzegQ,UCs0QXHkbkBDM_NwnRiGFoTA,Crea Y Transforma,2026-04-23T03:26:11+00:00,5.328244,57144,850,10724.734077,early
2026-04-28T11:18:51.307212+00:00,5BbGrGFI2gQ,UCRDQzsHtx2cXvzEXnEhbxBg,Mister Krax,2026-04-27T05:33:45+00:00,1.239656,2935,841,2367.5923,early
2026-04-28T11:18:51.307212+00:00,9QKOkpu78CQ,UCV5G678sZwW5IcF3pCfRbHQ,La Hiperactina,2026-04-23T16:00:00+00:00,4.804761,92205,806,19190.340581,early
2026-04-28T11:18:51.307212+00:00,XV4eV0wnx-c,UCoOae5nYA7VqaXzerajD0lg,Ali Abdaal,2026-04-26T10:00:57+00:00,2.054101,16319,801,7944.59474,early
2026-04-28T11:18:51.307212+00:00,k0ZYVWoVWAc,UCEK0oX3X2yK9y27khCsrNKg,Mis Propias Finanzas,2026-04-25T11:01:21+00:00,3.012156,15116,800,5018.332384,early
2026-04-28T11:18:51.307212+00:00,MdYM6kw372Q,UCF0L4jd9LcSIxsj5gKITMqQ,Jaime Higuera,2026-04-26T20:30:06+00:00,1.617191,15407,787,9527.013198,early
2026-04-28T11:18:51.307212+00:00,s47EWzAbZL4,UCUyDOdBWhC1MCxEjC46d-zw,Alex Hormozi,2026-04-23T09:00:00+00:00,5.096427,44454,761,8722.581526,early
2026-04-28T11:18:51.307212+00:00,S3JuEF7RQ5k,UC5PwIMtLiIBCBhsu8f_-6UQ,Santiago Bilinkis,2026-04-24T18:33:02+00:00,3.698487,58786,758,15894.607714,early
2026-04-28T11:18:51.307212+00:00,UacKz43AiDQ,UCHMSzZaVrEjK35aYK3J7Htw,Pequeño Cerdo Capitalista,2026-04-27T22:01:17+00:00,0.553869,1122,753,2025.749771,first_24h
2026-04-28T11:18:51.307212+00:00,03uRM4Uz5t8,UCF0L4jd9LcSIxsj5gKITMqQ,Jaime Higuera,2026-04-26T10:28:53+00:00,2.034703,17133,732,8420.393541,early
2026-04-28T11:18:51.307212+00:00,TSAh8dzN0cw,UCl5-lvQyfILb-l2abPk4Ntg,Inteligencia Artificial,2026-04-24T14:34:18+00:00,3.864274,10159,725,2628.954365,early
2026-04-28T11:18:51.307212+00:00,f1rK6WfCjCQ,UCoOae5nYA7VqaXzerajD0lg,Ali Abdaal,2026-04-22T10:01:19+00:00,6.053846,34329,724,5670.610055,early
2026-04-28T11:18:51.307212+00:00,PfdNPN9Jv6s,UCF0L4jd9LcSIxsj5gKITMqQ,Jaime Higuera,2026-04-24T14:30:19+00:00,3.867041,16855,701,4358.629764,early
2026-04-28T11:18:51.307212+00:00,nxCFXdIgxmw,UCRDQzsHtx2cXvzEXnEhbxBg,Mister Krax,2026-04-26T05:57:09+00:00,2.223406,7842,695,3527.021156,early
2026-04-28T11:18:51.307212+00:00,bouvNyq8xCY,UCX6b17PVsYBQ0ip5gyeme-Q,CrashCourse,2026-04-23T16:01:04+00:00,4.80402,25883,694,5387.779401,early
2026-04-28T11:18:51.307212+00:00,wB2Kb0MiyAc,UC5mQQ4Ur6oA8lsGFkvH2lyg,Noche De Chicxs,2026-04-23T02:00:58+00:00,5.387423,27837,687,5167.034406,early
2026-04-28T11:18:51.307212+00:00,kp1dLUox9_Y,UCxFACDJ98idvo9Gq9M9AQgg,Moris Dieck | Finanzas e Inversiones ,2026-04-24T22:07:22+00:00,3.549645,19579,671,5515.762844,early
2026-04-28T11:18:51.307212+00:00,XyFrfcsbDGY,UCPTlwyaEoJOVyvDLzHagzNQ,WATOP,2026-04-21T17:00:00+00:00,6.763094,55545,669,8212.956969,early
2026-04-28T11:18:51.307212+00:00,G9L3zK57X6Y,UCDOSaJ0pnglwzfkR6fYbisA,Luis Mi Negocios,2026-04-23T18:20:30+00:00,4.707191,82935,661,17618.787935,early
2026-04-28T11:18:51.307212+00:00,gtdao7DVsBo,UCUyDOdBWhC1MCxEjC46d-zw,Alex Hormozi,2026-04-25T23:00:00+00:00,2.513094,24471,648,9737.399397,early
2026-04-28T11:18:51.307212+00:00,EZLeWRbCEbA,UCEK0oX3X2yK9y27khCsrNKg,Mis Propias Finanzas,2026-04-21T22:00:25+00:00,6.554471,30985,642,4727.307513,early
2026-04-28T11:18:51.307212+00:00,raie7EtagZk,UCxFACDJ98idvo9Gq9M9AQgg,Moris Dieck | Finanzas e Inversiones ,2026-04-24T00:55:18+00:00,4.433024,9277,640,2092.702408,early
2026-04-28T11:18:51.307212+00:00,AXvou3mSGQA,UC55-mxUj5Nj3niXFReG44OQ,Platzi,2026-04-24T00:56:40+00:00,4.432075,29085,634,6562.388949,early
2026-04-28T11:18:51.307212+00:00,ckyeC880OPA,UC55-mxUj5Nj3niXFReG44OQ,Platzi,2026-04-22T01:37:58+00:00,6.403395,43029,609,6719.71665,early
2026-04-28T11:18:51.307212+00:00,DgX6SMZaC_8,UCEQXxiYxNZbym9Fad7-n2Lg,Doctor Fisión,2026-04-22T16:30:11+00:00,5.7838,43777,599,7568.89934,early
2026-04-28T11:18:51.307212+00:00,uAOfsghz2NY,UCl5-lvQyfILb-l2abPk4Ntg,Inteligencia Artificial,2026-04-23T15:44:54+00:00,4.815247,24765,597,5143.038353,early
2026-04-28T11:18:51.307212+00:00,aFvAFWzCwF8,UCF0L4jd9LcSIxsj5gKITMqQ,Jaime Higuera,2026-04-21T18:32:55+00:00,6.698568,21444,597,3201.281229,early
2026-04-28T11:18:51.307212+00:00,fQK8Lx-oRIU,UCPTlwyaEoJOVyvDLzHagzNQ,WATOP,2026-04-25T17:00:00+00:00,2.763094,13256,597,4797.520461,early
2026-04-28T11:18:51.307212+00:00,7u0DJM1SNPs,UCxFACDJ98idvo9Gq9M9AQgg,Moris Dieck | Finanzas e Inversiones ,2026-04-22T01:00:11+00:00,6.429633,19168,595,2981.196594,early
2026-04-28T11:18:51.307212+00:00,AxM96v9ZCzI,UC36xmz34q02JYaZYKrMwXng,Nate Gentile,2026-04-23T16:48:57+00:00,4.770767,61339,590,12857.261736,early
2026-04-28T11:18:51.307212+00:00,MSl5mD3E7PE,UC3IEYr87JpgBeVbbc0gP9DA,Irene Albacete,2026-04-22T19:43:33+00:00,5.649517,17182,589,3041.32194,early
2026-04-28T11:18:51.307212+00:00,OkVrrVAG9yg,UCRDQzsHtx2cXvzEXnEhbxBg,Mister Krax,2026-04-24T01:00:06+00:00,4.429691,29725,585,6710.400342,early
2026-04-28T11:18:51.307212+00:00,xO5diVmgE8Y,UCM55RjebjSevVWPnj2LEymw,viyaura,2026-04-21T13:01:45+00:00,6.928545,44835,580,6471.055611,early
2026-04-28T11:18:51.307212+00:00,BYv6i1MhiRA,UCjSVqRtdOsxQDss_pJpp_Yg,COMPUESTOS Podcast,2026-04-27T22:33:16+00:00,0.531659,1264,574,2377.46375,first_24h
2026-04-28T11:18:51.307212+00:00,DWt3zfqtI6g,UC2UXDak6o7rBm23k3Vv5dww,Tina Huang,2026-04-26T15:00:16+00:00,1.846242,11901,568,6446.0672,early
2026-04-28T11:18:51.307212+00:00,2FdfXwODkr4,UCyM-2pRapEv6V2q7UNO9icg,Emprende Aprendiendo,2026-04-25T19:05:51+00:00,2.675698,24802,556,9269.357005,early
2026-04-28T11:18:51.307212+00:00,Zu3g28TTetU,UC55-mxUj5Nj3niXFReG44OQ,Platzi,2026-04-23T14:00:55+00:00,4.887457,46338,548,9481.00413,early
2026-04-28T11:18:51.307212+00:00,_BHe9R7pYNw,UCQIUhtP5WYIx_pMG8UvMYHg,Cristina Dayz ,2026-04-26T15:01:01+00:00,1.845721,6074,544,3290.854902,early
2026-04-28T11:18:51.307212+00:00,vrW0swCG3Kg,UCUyDOdBWhC1MCxEjC46d-zw,Alex Hormozi,2026-04-22T23:00:00+00:00,5.513094,28717,538,5208.871824,early
2026-04-28T11:18:51.307212+00:00,01NMf5-J_P4,UCUyDOdBWhC1MCxEjC46d-zw,Alex Hormozi,2026-04-24T05:00:00+00:00,4.263094,51522,535,12085.588542,early
2026-04-28T11:18:51.307212+00:00,X5MyBjZ8Jgw,UCF0L4jd9LcSIxsj5gKITMqQ,Jaime Higuera,2026-04-25T14:01:02+00:00,2.887376,22473,524,7783.191382,early
2026-04-28T11:18:51.307212+00:00,La4ogJrxI0g,UCTfQ65AxquXmih3r6rZmK-Q,jefillysh,2026-04-22T18:24:40+00:00,5.704298,44598,521,7818.315242,early
2026-04-28T11:18:51.307212+00:00,J9p4GMskefU,UC3IEYr87JpgBeVbbc0gP9DA,Irene Albacete,2026-04-22T15:38:40+00:00,5.819575,26855,514,4614.598145,early
2026-04-28T11:18:51.307212+00:00,fHes8kAGJHs,UCUyDOdBWhC1MCxEjC46d-zw,Alex Hormozi,2026-04-22T03:00:00+00:00,6.346427,37302,510,5877.637921,early
2026-04-28T11:18:51.307212+00:00,u7sbQBw3X3g,UC5mQQ4Ur6oA8lsGFkvH2lyg,Noche De Chicxs,2026-04-24T02:00:49+00:00,4.387527,19186,506,4372.850583,early
2026-04-28T11:18:51.307212+00:00,u03PlL13QDw,UCjSVqRtdOsxQDss_pJpp_Yg,COMPUESTOS Podcast,2026-04-27T00:30:52+00:00,1.449992,2345,484,1617.250302,early
2026-04-28T11:18:51.307212+00:00,Nq-c06vj5PM,UCxFACDJ98idvo9Gq9M9AQgg,Moris Dieck | Finanzas e Inversiones ,2026-04-22T11:00:42+00:00,6.012608,20076,481,3338.983682,early
2026-04-28T11:18:51.307212+00:00,5zwotvZ1rl0,UCxFACDJ98idvo9Gq9M9AQgg,Moris Dieck | Finanzas e Inversiones ,2026-04-25T11:00:22+00:00,3.012839,9329,480,3096.415042,early
2026-04-28T11:18:51.307212+00:00,MX1a5garnwc,UC9WGON3pXofvE958Uq3Lw3Q,Exito Financiero,2026-04-25T17:29:36+00:00,2.742538,6291,474,2293.86065,early
2026-04-28T11:18:51.307212+00:00,0xTKuxdSrRI,UCF0L4jd9LcSIxsj5gKITMqQ,Jaime Higuera,2026-04-25T12:49:04+00:00,2.937353,23573,474,8025.252668,early
2026-04-28T11:18:51.307212+00:00,sPHe-L95K0o,UCP7PV59jal4PobLeo5cSG_Q,Santiago Amat,2026-04-27T21:44:06+00:00,0.565802,743,461,1313.180229,first_24h
2026-04-28T11:18:51.307212+00:00,gS87TtB9nk4,UCUyDOdBWhC1MCxEjC46d-zw,Alex Hormozi,2026-04-21T11:00:00+00:00,7.013094,107060,456,15265.730076,active
2026-04-28T11:18:51.307212+00:00,tveRHTJJyy8,UCUyDOdBWhC1MCxEjC46d-zw,Alex Hormozi,2026-04-25T19:00:00+00:00,2.679761,20366,433,7599.931486,early
2026-04-28T11:18:51.307212+00:00,94PJFiyaSrs,UCyJbb85EUgWjl38GcF236Jg,Eva Maria Beristain,2026-04-23T00:01:29+00:00,5.470397,34749,409,6352.189795,early
2026-04-28T11:18:51.307212+00:00,SY53rwqE2i0,UCaVPhFg-Ax873wvhbNitsrQ,El Robot de Platón,2026-04-21T21:57:36+00:00,6.556427,24138,396,3681.578396,early
2026-04-28T11:18:51.307212+00:00,VvBy9AkhR2w,UCBBWpss2iXVXtTzl7-4eWbg,Jessica Fernández García,2026-04-27T01:11:41+00:00,1.421647,4578,372,3220.208673,early
2026-04-28T11:18:51.307212+00:00,e7IyFScAa-Q,UC9WGON3pXofvE958Uq3Lw3Q,Exito Financiero,2026-04-21T23:02:42+00:00,6.511219,13755,369,2112.507658,early
2026-04-28T11:18:51.307212+00:00,-tzJJPnAenI,UCjSVqRtdOsxQDss_pJpp_Yg,COMPUESTOS Podcast,2026-04-27T23:30:00+00:00,0.492261,902,365,1832.361288,first_24h
2026-04-28T11:18:51.307212+00:00,7m9uIc31Egw,UCEK0oX3X2yK9y27khCsrNKg,Mis Propias Finanzas,2026-04-23T22:00:19+00:00,4.554541,2965,362,650.998641,early
2026-04-28T11:18:51.307212+00:00,N14hiQw7Wdk,UCiqJoWIT-vm-hJoXilFGiUQ,Inversión Inteligente - Alain Cortés,2026-04-27T19:00:00+00:00,0.679761,530,355,779.685801,first_24h
2026-04-28T11:18:51.307212+00:00,yaBzATxyEYs,UCaVPhFg-Ax873wvhbNitsrQ,El Robot de Platón,2026-04-22T21:39:54+00:00,5.568719,37909,352,6807.490197,early
2026-04-28T11:18:51.307212+00:00,Wj8owIKaQKQ,UCUyDOdBWhC1MCxEjC46d-zw,Alex Hormozi,2026-04-23T07:00:00+00:00,5.179761,31034,346,5991.396128,early
2026-04-28T11:18:51.307212+00:00,1a5xOhqvm-I,UCoOae5nYA7VqaXzerajD0lg,Ali Abdaal,2026-04-24T10:00:04+00:00,4.054714,11051,344,2725.469663,early
2026-04-28T11:18:51.307212+00:00,EvauKuWaNmk,UCl5-lvQyfILb-l2abPk4Ntg,Inteligencia Artificial,2026-04-21T18:00:00+00:00,6.721427,58567,334,8713.477064,early
2026-04-28T11:18:51.307212+00:00,-Ap6qWvqk0I,UCF7UoUGGOUcSSNcVDndq7KQ,Itzcalli,2026-04-21T03:16:15+00:00,7.335142,17349,333,2365.189386,active
2026-04-28T11:18:51.307212+00:00,MK-6-YuFzC4,UCdNnEDbRWhanA1O8zhCn3ZA,Omar - Educación Financiera,2026-04-21T01:00:30+00:00,7.429413,13293,320,1789.239607,active
2026-04-28T11:18:51.307212+00:00,W1js1spTUPs,UCWn_0MmgojB711LFX-jaCDQ,El Rincón Del Dev,2026-04-27T16:39:26+00:00,0.777376,1899,320,2442.833326,first_24h
2026-04-28T11:18:51.307212+00:00,VREVC0wXPfs,UChhw6DlKKTQ9mYSpTfXUYqA,Starter Story,2026-04-22T17:44:35+00:00,5.732133,23178,314,4043.520972,early
2026-04-28T11:18:51.307212+00:00,1gyuiKoSc-w,UCjSVqRtdOsxQDss_pJpp_Yg,COMPUESTOS Podcast,2026-04-28T00:30:01+00:00,0.450582,315,303,699.095836,first_24h
2026-04-28T11:18:51.307212+00:00,uZ6Nbwp8GtU,UCX9NJ471o7Wie1DQe94RVIg,Fazt,2026-04-25T16:22:08+00:00,2.78939,9510,303,3409.347563,early
2026-04-28T11:18:51.307212+00:00,wR8P970sqH8,UCUyDOdBWhC1MCxEjC46d-zw,Alex Hormozi,2026-04-23T23:00:00+00:00,4.513094,24528,299,5434.852454,early
2026-04-28T11:18:51.307212+00:00,CZtseHx5dAM,UCUyDOdBWhC1MCxEjC46d-zw,Alex Hormozi,2026-04-21T07:00:00+00:00,7.179761,31853,295,4436.498652,active
2026-04-28T11:18:51.307212+00:00,G-i7hiu_yPU,UCrr-NczCJHrwi1oBS97uwnw,Finanzas con Gus,2026-04-24T18:23:10+00:00,3.705339,6744,289,1820.076382,early
2026-04-28T11:18:51.307212+00:00,jjSaUeqJi4s,UCX9NJ471o7Wie1DQe94RVIg,Fazt,2026-04-22T17:06:01+00:00,5.758916,15639,283,2715.61523,early
2026-04-28T11:18:51.307212+00:00,ZB9IMq0ee0k,UCl5-lvQyfILb-l2abPk4Ntg,Inteligencia Artificial,2026-04-22T17:29:37+00:00,5.742527,64214,280,11182.185125,early
2026-04-28T11:18:51.307212+00:00,9361MUAmA24,UCLYoURyGHMUuQ5YrfX55PWg,Aprendiz Financiero,2026-04-22T12:08:10+00:00,5.965756,12561,276,2105.516887,early
2026-04-28T11:18:51.307212+00:00,-wkZoxeFIpM,UCEQXxiYxNZbym9Fad7-n2Lg,Doctor Fisión,2026-04-26T21:04:21+00:00,1.593406,3657,276,2295.083613,early
2026-04-28T11:18:51.307212+00:00,8MhnMHlXk7Q,UCRDQzsHtx2cXvzEXnEhbxBg,Mister Krax,2026-04-26T05:54:22+00:00,2.225339,4380,274,1968.239446,early
2026-04-28T11:18:51.307212+00:00,f7fbvRa4eJE,UCUyDOdBWhC1MCxEjC46d-zw,Alex Hormozi,2026-04-24T15:00:00+00:00,3.846427,25743,271,6692.704684,early
2026-04-28T11:18:51.307212+00:00,jq7ocNZXg_s,UCUyDOdBWhC1MCxEjC46d-zw,Alex Hormozi,2026-04-22T05:00:00+00:00,6.263094,24102,271,3848.257746,early
2026-04-28T11:18:51.307212+00:00,PMX-urJB7uw,UCF0L4jd9LcSIxsj5gKITMqQ,Jaime Higuera,2026-04-26T21:00:20+00:00,1.596196,2247,271,1407.721859,early
2026-04-28T11:18:51.307212+00:00,ax0ogeQpq3E,UCBBWpss2iXVXtTzl7-4eWbg,Jessica Fernández García,2026-04-23T18:00:12+00:00,4.721288,15160,262,3210.988188,early
2026-04-28T11:18:51.307212+00:00,F1D4G7VTBnY,UCxFACDJ98idvo9Gq9M9AQgg,Moris Dieck | Finanzas e Inversiones ,2026-04-25T01:00:25+00:00,3.429471,3196,260,931.922154,early
2026-04-28T11:18:51.307212+00:00,w9LJSjmwufQ,UCP15FVAA2UL-QOcGhy7-ezA,EDteam,2026-04-24T01:13:11+00:00,4.420605,9026,260,2041.801971,early
2026-04-28T11:18:51.307212+00:00,0moz0GJcIHg,UCUyDOdBWhC1MCxEjC46d-zw,Alex Hormozi,2026-04-23T05:00:00+00:00,5.263094,26740,249,5080.661679,early
2026-04-28T11:18:51.307212+00:00,eEfZlpKPAIU,UCP15FVAA2UL-QOcGhy7-ezA,EDteam,2026-04-24T22:06:31+00:00,3.550235,16844,241,4744.474662,early
2026-04-28T11:18:51.307212+00:00,evVs-Jtor50,UCqcbQf6yw5KzRoDDcZ_wBSw,Wes Roth,2026-04-24T05:27:54+00:00,4.243719,57604,240,13573.943044,early
2026-04-28T11:18:51.307212+00:00,4RmcHqjzw-A,UCOQEA3qmyzFmJdi6Z137yrA,Monitor fantasma,2026-04-23T12:00:17+00:00,4.97123,10965,239,2205.691549,early
2026-04-28T11:18:51.307212+00:00,HOwVuamQvTc,UCEK0oX3X2yK9y27khCsrNKg,Mis Propias Finanzas,2026-04-26T15:09:05+00:00,1.840119,4207,236,2286.265182,early
2026-04-28T11:18:51.307212+00:00,5jOtf3OIgHg,UCP15FVAA2UL-QOcGhy7-ezA,EDteam,2026-04-24T15:10:23+00:00,3.839217,8587,229,2236.653984,early
2026-04-28T11:18:51.307212+00:00,lkM12v2VZyE,UCP15FVAA2UL-QOcGhy7-ezA,EDteam,2026-04-22T00:06:14+00:00,6.467098,43626,225,6745.838705,early
2026-04-28T11:18:51.307212+00:00,Zqmsoqo2fJs,UCyM-2pRapEv6V2q7UNO9icg,Emprende Aprendiendo,2026-04-26T17:20:57+00:00,1.748545,3617,223,2068.577017,early
2026-04-28T11:18:51.307212+00:00,8XfsycyMf48,UCjSVqRtdOsxQDss_pJpp_Yg,COMPUESTOS Podcast,2026-04-24T00:00:15+00:00,4.471254,4340,218,970.644924,early
2026-04-28T11:18:51.307212+00:00,rzHYdFYDjcQ,UC5mQQ4Ur6oA8lsGFkvH2lyg,Noche De Chicxs,2026-04-25T17:01:07+00:00,2.762318,2274,216,823.221657,early
2026-04-28T11:18:51.307212+00:00,OPDzJP8iWLo,UCEQXxiYxNZbym9Fad7-n2Lg,Doctor Fisión,2026-04-21T16:30:08+00:00,6.783835,29613,211,4365.229992,early
2026-04-28T11:18:51.307212+00:00,E6IrH04B8wg,UCl5-lvQyfILb-l2abPk4Ntg,Inteligencia Artificial,2026-04-24T17:00:52+00:00,3.762492,5616,209,1492.627758,early
2026-04-28T11:18:51.307212+00:00,gGvkfd-LiKA,UCP15FVAA2UL-QOcGhy7-ezA,EDteam,2026-04-23T21:03:27+00:00,4.594031,10871,209,2366.331442,early
2026-04-28T11:18:51.307212+00:00,R6VQrYkJf74,UCP15FVAA2UL-QOcGhy7-ezA,EDteam,2026-04-21T21:00:33+00:00,6.596045,19104,209,2896.281029,early
2026-04-28T11:18:51.307212+00:00,PZ2yduZysf0,UCl5-lvQyfILb-l2abPk4Ntg,Inteligencia Artificial,2026-04-24T10:07:32+00:00,4.049529,5649,208,1394.977045,early
2026-04-28T11:18:51.307212+00:00,m8mdQGF-Pmw,UCF0L4jd9LcSIxsj5gKITMqQ,Jaime Higuera,2026-04-21T10:01:19+00:00,7.053846,22466,206,3184.929186,active
2026-04-28T11:18:51.307212+00:00,HnafDG2aj1I,UCUyDOdBWhC1MCxEjC46d-zw,Alex Hormozi,2026-04-21T23:00:00+00:00,6.513094,29126,205,4471.914577,early
2026-04-28T11:18:51.307212+00:00,ITT9xWeicWM,UCqcbQf6yw5KzRoDDcZ_wBSw,Wes Roth,2026-04-22T05:19:31+00:00,6.249541,53530,204,8565.429045,early
2026-04-28T11:18:51.307212+00:00,DykSRxbFZZo,UCUyDOdBWhC1MCxEjC46d-zw,Alex Hormozi,2026-04-21T05:00:00+00:00,7.263094,28813,198,3967.042145,active
2026-04-28T11:18:51.307212+00:00,mPbb2Gk3fr4,UCUyDOdBWhC1MCxEjC46d-zw,Alex Hormozi,2026-04-21T09:00:00+00:00,7.096427,52621,194,7415.140042,active
2026-04-28T11:18:51.307212+00:00,8ImVuaOhTf4,UCF0L4jd9LcSIxsj5gKITMqQ,Jaime Higuera,2026-04-23T17:00:10+00:00,4.762978,12111,191,2542.736918,early
2026-04-28T11:18:51.307212+00:00,pVwkpXd5PCA,UC2UXDak6o7rBm23k3Vv5dww,Tina Huang,2026-04-23T15:01:32+00:00,4.845362,16219,189,3347.32472,early
2026-04-28T11:18:51.307212+00:00,n16KlvFN28c,UCdNnEDbRWhanA1O8zhCn3ZA,Omar - Educación Financiera,2026-04-21T18:51:29+00:00,6.685675,20505,188,3067.005201,early
2026-04-28T11:18:51.307212+00:00,Ux-bi7bqrUU,UCF0L4jd9LcSIxsj5gKITMqQ,Jaime Higuera,2026-04-25T13:30:36+00:00,2.908511,6143,180,2112.077279,early
2026-04-28T11:18:51.307212+00:00,MbX7gs6huVE,UC55-mxUj5Nj3niXFReG44OQ,Platzi,2026-04-22T17:53:17+00:00,5.726092,12029,180,2100.734672,early
2026-04-28T11:18:51.307212+00:00,AxHTi--S-sU,UCP15FVAA2UL-QOcGhy7-ezA,EDteam,2026-04-22T21:22:48+00:00,5.580594,35811,177,6417.058829,early
2026-04-28T11:18:51.307212+00:00,uay_qpfTJOE,UC55-mxUj5Nj3niXFReG44OQ,Platzi,2026-04-24T19:12:23+00:00,3.671161,3118,174,849.322598,early
2026-04-28T11:18:51.307212+00:00,9R7IaubJFhA,UCP15FVAA2UL-QOcGhy7-ezA,EDteam,2026-04-22T18:34:26+00:00,5.697515,10210,172,1792.009323,early
2026-04-28T11:18:51.307212+00:00,6Np0FPnWdMs,UCP15FVAA2UL-QOcGhy7-ezA,EDteam,2026-04-21T18:10:38+00:00,6.714043,18995,167,2829.144824,early
2026-04-28T11:18:51.307212+00:00,qCFEWA_Nu3k,UCl5-lvQyfILb-l2abPk4Ntg,Inteligencia Artificial,2026-04-23T14:30:18+00:00,4.867052,23711,164,4871.737553,early
2026-04-28T11:18:51.307212+00:00,NLrfMQ0dqpQ,UCsmEAwbV7WbYndpQKbY4Ntw,Juan Villalvazo,2026-04-26T14:00:00+00:00,1.888094,2884,164,1527.466323,early
2026-04-28T11:18:51.307212+00:00,FfMFahO2VE4,UCUyDOdBWhC1MCxEjC46d-zw,Alex Hormozi,2026-04-22T07:00:00+00:00,6.179761,30409,162,4920.740462,early
2026-04-28T11:18:51.307212+00:00,rzqgWnJPamU,UCF0L4jd9LcSIxsj5gKITMqQ,Jaime Higuera,2026-04-26T10:01:14+00:00,2.053904,2675,161,1302.397775,early
2026-04-28T11:18:51.307212+00:00,sa3zzPEnz_4,UCP15FVAA2UL-QOcGhy7-ezA,EDteam,2026-04-21T02:13:20+00:00,7.378835,33373,159,4522.800686,active
2026-04-28T11:18:51.307212+00:00,QduEFho6dLg,UCEK0oX3X2yK9y27khCsrNKg,Mis Propias Finanzas,2026-04-21T01:24:32+00:00,7.412723,8291,158,1118.482371,active
2026-04-28T11:18:51.307212+00:00,rg1PhRvmFXk,UCDnUOd6PIlQAL9bPUTf9BkQ,Sapiencia práctica,2026-04-23T17:00:00+00:00,4.763094,3025,157,635.091392,early
2026-04-28T11:18:51.307212+00:00,2Z1aJVGA1-M,UCxFACDJ98idvo9Gq9M9AQgg,Moris Dieck | Finanzas e Inversiones ,2026-04-23T18:04:34+00:00,4.718256,7088,154,1502.249984,early
2026-04-28T11:18:51.307212+00:00,UN6X2Jj-qrQ,UCLYoURyGHMUuQ5YrfX55PWg,Aprendiz Financiero,2026-04-23T12:15:03+00:00,4.960976,7823,154,1576.907447,early
2026-04-28T11:18:51.307212+00:00,0YCyZKuGPmA,UC9mrBfjgyOsqJ0J-zw7kZLQ,Atherion,2026-04-23T23:30:33+00:00,4.491879,7134,152,1588.199504,early
2026-04-28T11:18:51.307212+00:00,Xq-4lUaLIp8,UCl5-lvQyfILb-l2abPk4Ntg,Inteligencia Artificial,2026-04-23T09:54:36+00:00,5.058511,6840,151,1352.176559,early
2026-04-28T11:18:51.307212+00:00,RtCDqPRlu48,UCP15FVAA2UL-QOcGhy7-ezA,EDteam,2026-04-24T18:42:21+00:00,3.692017,16335,150,4424.41083,early
2026-04-28T11:18:51.307212+00:00,Z-xAO96GQtU,UCF0L4jd9LcSIxsj5gKITMqQ,Jaime Higuera,2026-04-25T21:00:37+00:00,2.595999,9588,149,3693.375845,early
2026-04-28T11:18:51.307212+00:00,HgD5P0gQxOk,UCyM-2pRapEv6V2q7UNO9icg,Emprende Aprendiendo,2026-04-24T18:03:11+00:00,3.719217,11087,146,2981.003797,early
2026-04-28T11:18:51.307212+00:00,xUWqMdypNsM,UC5PwIMtLiIBCBhsu8f_-6UQ,Santiago Bilinkis,2026-04-23T17:13:30+00:00,4.753719,12250,142,2576.929768,early
2026-04-28T11:18:51.307212+00:00,EJfh57hfc_E,UCF0L4jd9LcSIxsj5gKITMqQ,Jaime Higuera,2026-04-22T13:30:13+00:00,5.908777,20261,141,3428.966773,early
2026-04-28T11:18:51.307212+00:00,TeheJAFWwYs,UCDOSaJ0pnglwzfkR6fYbisA,Luis Mi Negocios,2026-04-23T00:00:06+00:00,5.471358,6952,139,1270.616911,early
2026-04-28T11:18:51.307212+00:00,ra8QknbAJs4,UCEK0oX3X2yK9y27khCsrNKg,Mis Propias Finanzas,2026-04-24T15:01:37+00:00,3.845304,4552,138,1183.781568,early
2026-04-28T11:18:51.307212+00:00,XAQ275WwWnw,UChhw6DlKKTQ9mYSpTfXUYqA,Starter Story,2026-04-24T15:53:29+00:00,3.809286,14634,137,3841.664816,early
2026-04-28T11:18:51.307212+00:00,TpncXdKNLTQ,UCEK0oX3X2yK9y27khCsrNKg,Mis Propias Finanzas,2026-04-24T15:00:51+00:00,3.845837,3695,135,960.779149,early
2026-04-28T11:18:51.307212+00:00,QCcQpkBhOvI,UCP15FVAA2UL-QOcGhy7-ezA,EDteam,2026-04-21T21:06:41+00:00,6.591786,11704,133,1775.543077,early
2026-04-28T11:18:51.307212+00:00,ZVnXmeZZDw0,UCWn_0MmgojB711LFX-jaCDQ,El Rincón Del Dev,2026-04-25T15:24:41+00:00,2.829286,3976,133,1405.30155,early
2026-04-28T11:18:51.307212+00:00,oXKkhajzwgE,UCRDQzsHtx2cXvzEXnEhbxBg,Mister Krax,2026-04-23T20:57:09+00:00,4.598406,13161,132,2862.078729,early
2026-04-28T11:18:51.307212+00:00,au_CNv7ZBS4,UCDOSaJ0pnglwzfkR6fYbisA,Luis Mi Negocios,2026-04-21T16:27:16+00:00,6.785825,14874,130,2191.922132,early
2026-04-28T11:18:51.307212+00:00,qO9602XOIfY,UCF0L4jd9LcSIxsj5gKITMqQ,Jaime Higuera,2026-04-24T16:01:25+00:00,3.803777,15839,127,4164.019079,early
2026-04-28T11:18:51.307212+00:00,yqwGsf5XVkI,UCOD6LXgeBoeiUZTsPLdG-0g,Vida MRR - Programacion web,2026-04-21T23:01:07+00:00,6.512318,5767,126,885.552579,early
2026-04-28T11:18:51.307212+00:00,9dIy1d0jmXw,UCYZLVhSSwdBllvn4tw5a4uQ,Rob Paper Sheet,2026-04-22T00:20:58+00:00,6.456867,11243,120,1741.246955,early
2026-04-28T11:18:51.307212+00:00,h_G5spN1nJk,UC30ajuhy8cViP2DiM1QLjmg,98grados,2026-04-22T22:20:30+00:00,5.540524,17829,118,3217.92668,early
2026-04-28T11:18:51.307212+00:00,sujVZ7316qo,UCyM-2pRapEv6V2q7UNO9icg,Emprende Aprendiendo,2026-04-22T16:30:24+00:00,5.783649,16611,116,2872.062257,early
2026-04-28T11:18:51.307212+00:00,Z0uWs_W9S1A,UCUyDOdBWhC1MCxEjC46d-zw,Alex Hormozi,2026-04-22T15:00:00+00:00,5.846427,14627,114,2501.869946,early
2026-04-28T11:18:51.307212+00:00,5Tsi4Beca6g,UCP15FVAA2UL-QOcGhy7-ezA,EDteam,2026-04-23T18:09:43+00:00,4.714679,9031,112,1915.506867,early
2026-04-28T11:18:51.307212+00:00,t3oZncJYgwE,UCF0L4jd9LcSIxsj5gKITMqQ,Jaime Higuera,2026-04-25T21:45:02+00:00,2.565154,3507,109,1367.169379,early
2026-04-28T11:18:51.307212+00:00,E7PxcFm-Xs8,UCUyDOdBWhC1MCxEjC46d-zw,Alex Hormozi,2026-04-22T09:00:00+00:00,6.096427,29557,98,4848.249639,early
2026-04-28T11:18:51.307212+00:00,6cUe6qrXxJU,UCxFACDJ98idvo9Gq9M9AQgg,Moris Dieck | Finanzas e Inversiones ,2026-04-23T01:00:11+00:00,5.429633,14357,97,2644.193447,early
2026-04-28T11:18:51.307212+00:00,9T90MfOpaZY,UCHMSzZaVrEjK35aYK3J7Htw,Pequeño Cerdo Capitalista,2026-04-26T22:01:50+00:00,1.553487,1589,97,1022.860185,early
2026-04-28T11:18:51.307212+00:00,vm8Yn0BN-TQ,UCbUYAYd1WUznxEEl498z7vA,Woshingo Streams,2026-04-25T06:17:42+00:00,3.209136,5833,95,1817.623186,early
2026-04-28T11:18:51.307212+00:00,YldxYShWvGE,UCl5-lvQyfILb-l2abPk4Ntg,Inteligencia Artificial,2026-04-21T12:17:33+00:00,6.95924,6989,94,1004.276329,early
2026-04-28T11:18:51.307212+00:00,pe_HkAV9yJM,UC5PwIMtLiIBCBhsu8f_-6UQ,Santiago Bilinkis,2026-04-21T17:05:20+00:00,6.75939,13664,93,2021.484187,early
2026-04-28T11:18:51.307212+00:00,tLlucpJbi5E,UCiqJoWIT-vm-hJoXilFGiUQ,Inversión Inteligente - Alain Cortés,2026-04-27T17:17:15+00:00,0.751115,295,92,392.749446,first_24h
2026-04-28T11:18:51.307212+00:00,bjFyP8D_XvM,UCjSVqRtdOsxQDss_pJpp_Yg,COMPUESTOS Podcast,2026-04-26T02:00:36+00:00,2.387677,1662,91,696.07405,early
2026-04-28T11:18:51.307212+00:00,40kncAedwjs,UCuhw3KIv3wM14By2-LcxDGw,El Consejero,2026-04-25T03:59:47+00:00,3.304911,2185,89,661.13732,early
2026-04-28T11:18:51.307212+00:00,woNfdYrmVGw,UCyM-2pRapEv6V2q7UNO9icg,Emprende Aprendiendo,2026-04-23T16:30:33+00:00,4.783545,10038,88,2098.443727,early
2026-04-28T11:18:51.307212+00:00,YPM2Fep2P3A,UCjSVqRtdOsxQDss_pJpp_Yg,COMPUESTOS Podcast,2026-04-26T00:00:37+00:00,2.470999,1600,85,647.511391,early
2026-04-28T11:18:51.307212+00:00,VszurX3VCPE,UCP15FVAA2UL-QOcGhy7-ezA,EDteam,2026-04-24T01:34:09+00:00,4.406045,13054,85,2962.74777,early
2026-04-28T11:18:51.307212+00:00,q__FKs64J28,UCEK0oX3X2yK9y27khCsrNKg,Mis Propias Finanzas,2026-04-23T15:01:25+00:00,4.845443,2992,84,617.4874,early
2026-04-28T11:18:51.307212+00:00,TlwFNKM1OyA,UCF0L4jd9LcSIxsj5gKITMqQ,Jaime Higuera,2026-04-25T20:43:34+00:00,2.607839,5764,83,2210.259146,early
2026-04-28T11:18:51.307212+00:00,zEUstENVghI,UCl5-lvQyfILb-l2abPk4Ntg,Inteligencia Artificial,2026-04-21T15:12:37+00:00,6.837666,11208,82,1639.155817,early
2026-04-28T11:18:51.307212+00:00,seu69-hMmGw,UCRDQzsHtx2cXvzEXnEhbxBg,Mister Krax,2026-04-23T21:03:25+00:00,4.594054,11582,82,2521.084863,early
2026-04-28T11:18:51.307212+00:00,qGa8y4tPUkc,UC2RIppRBTTa6JBY-Zwv6lQw,El Maikini Dev,2026-04-22T13:01:36+00:00,5.928649,3775,79,636.738657,early
2026-04-28T11:18:51.307212+00:00,SHPKe7pGqMk,UCbUYAYd1WUznxEEl498z7vA,Woshingo Streams,2026-04-24T06:01:26+00:00,4.220432,6156,78,1458.618454,early
2026-04-28T11:18:51.307212+00:00,sQoa8y7eN-8,UCLYoURyGHMUuQ5YrfX55PWg,Aprendiz Financiero,2026-04-21T12:15:17+00:00,6.960814,7999,77,1149.147212,early
2026-04-28T11:18:51.307212+00:00,g47pe7T6-KE,UCUyDOdBWhC1MCxEjC46d-zw,Alex Hormozi,2026-04-21T03:00:00+00:00,7.346427,25230,76,3434.322563,active
2026-04-28T11:18:51.307212+00:00,weyrpnOTB-A,UCF0L4jd9LcSIxsj5gKITMqQ,Jaime Higuera,2026-04-24T15:30:38+00:00,3.825154,3702,76,967.804172,early
2026-04-28T11:18:51.307212+00:00,-bFkzPRxH4w,UCHMSzZaVrEjK35aYK3J7Htw,Pequeño Cerdo Capitalista,2026-04-21T22:03:06+00:00,6.552608,14923,75,2277.413818,early
2026-04-28T11:18:51.307212+00:00,uJzhn5czGL4,UCjSVqRtdOsxQDss_pJpp_Yg,COMPUESTOS Podcast,2026-04-25T18:00:54+00:00,2.720802,1412,75,518.964629,early
2026-04-28T11:18:51.307212+00:00,6q8iEtd0IGE,UCbUYAYd1WUznxEEl498z7vA,Woshingo Streams,2026-04-25T03:30:10+00:00,3.325478,1646,74,494.966438,early
2026-04-28T11:18:51.307212+00:00,kLZUfQUWNNw,UCF0L4jd9LcSIxsj5gKITMqQ,Jaime Higuera,2026-04-25T20:28:11+00:00,2.618522,2098,73,801.215342,early
2026-04-28T11:18:51.307212+00:00,lrl7lslhv2s,UCl5-lvQyfILb-l2abPk4Ntg,Inteligencia Artificial,2026-04-22T12:01:15+00:00,5.970559,8382,71,1403.888648,early
2026-04-28T11:18:51.307212+00:00,dCJJcNtrNjo,UCjSVqRtdOsxQDss_pJpp_Yg,COMPUESTOS Podcast,2026-04-25T00:00:51+00:00,3.470837,1062,71,305.978068,early
2026-04-28T11:18:51.307212+00:00,Q9qmcTjw89Q,UC30ajuhy8cViP2DiM1QLjmg,98grados,2026-04-23T22:06:29+00:00,4.550258,24326,70,5346.070487,early
2026-04-28T11:18:51.307212+00:00,PiKd0maLI6o,UCl5-lvQyfILb-l2abPk4Ntg,Inteligencia Artificial,2026-04-22T15:43:08+00:00,5.816473,9975,69,1714.956813,early
2026-04-28T11:18:51.307212+00:00,Rdfd1KAX6NU,UCl5-lvQyfILb-l2abPk4Ntg,Inteligencia Artificial,2026-04-23T17:09:42+00:00,4.756358,7159,64,1505.143221,early
2026-04-28T11:18:51.307212+00:00,9Ke8dmefEqo,UCF0L4jd9LcSIxsj5gKITMqQ,Jaime Higuera,2026-04-22T12:41:55+00:00,5.942318,8229,63,1384.813132,early
2026-04-28T11:18:51.307212+00:00,vcL1MMmXeO8,UCyM-2pRapEv6V2q7UNO9icg,Emprende Aprendiendo,2026-04-21T19:31:47+00:00,6.657689,10142,61,1523.351421,early
2026-04-28T11:18:51.307212+00:00,h5Snd8uqih8,UCF0L4jd9LcSIxsj5gKITMqQ,Jaime Higuera,2026-04-25T21:15:02+00:00,2.585987,2613,58,1010.445915,early
2026-04-28T11:18:51.307212+00:00,SxYWhC51qFo,UCF0L4jd9LcSIxsj5gKITMqQ,Jaime Higuera,2026-04-23T15:00:52+00:00,4.845825,8035,58,1658.128389,early
2026-04-28T11:18:51.307212+00:00,7y8W9bita7o,UC9mrBfjgyOsqJ0J-zw7kZLQ,Atherion,2026-04-23T00:38:38+00:00,5.444598,3983,58,731.550796,early
2026-04-28T11:18:51.307212+00:00,aNfOwttNQcg,UCl5-lvQyfILb-l2abPk4Ntg,Inteligencia Artificial,2026-04-23T11:52:09+00:00,4.976879,4114,57,826.622468,early
2026-04-28T11:18:51.307212+00:00,fIZkXHaOuvY,UCF0L4jd9LcSIxsj5gKITMqQ,Jaime Higuera,2026-04-26T08:00:41+00:00,2.137619,2410,57,1127.422614,early
2026-04-28T11:18:51.307212+00:00,jKwIvjb9kgM,UCF0L4jd9LcSIxsj5gKITMqQ,Jaime Higuera,2026-04-24T14:01:15+00:00,3.887226,7988,56,2054.935833,early
2026-04-28T11:18:51.307212+00:00,H1fy1Brpa3Q,UCBBWpss2iXVXtTzl7-4eWbg,Jessica Fernández García,2026-04-22T18:26:14+00:00,5.70321,8751,56,1534.399049,early
2026-04-28T11:18:51.307212+00:00,YY3pLnSX1W4,UCF0L4jd9LcSIxsj5gKITMqQ,Jaime Higuera,2026-04-24T17:00:47+00:00,3.76255,3779,55,1004.372035,early
2026-04-28T11:18:51.307212+00:00,XvLttG6zZck,UCRDQzsHtx2cXvzEXnEhbxBg,Mister Krax,2026-04-21T16:29:08+00:00,6.784529,15800,55,2328.827838,early
2026-04-28T11:18:51.307212+00:00,FAerQflosns,UCxFACDJ98idvo9Gq9M9AQgg,Moris Dieck | Finanzas e Inversiones ,2026-04-21T20:00:09+00:00,6.63799,7662,54,1154.265071,early
2026-04-28T11:18:51.307212+00:00,WBBOTxvDook,UCF0L4jd9LcSIxsj5gKITMqQ,Jaime Higuera,2026-04-24T16:01:02+00:00,3.804043,3604,48,947.413055,early
2026-04-28T11:18:51.307212+00:00,rbbMgCB90fk,UCuhw3KIv3wM14By2-LcxDGw,El Consejero,2026-04-24T03:57:06+00:00,4.306774,1561,47,362.452267,early
2026-04-28T11:18:51.307212+00:00,oYu0ZgihU8Q,UCP15FVAA2UL-QOcGhy7-ezA,EDteam,2026-04-23T20:38:24+00:00,4.611427,3335,46,723.203468,early
2026-04-28T11:18:51.307212+00:00,hrIY-clbdg8,UCqcbQf6yw5KzRoDDcZ_wBSw,Wes Roth,2026-04-21T05:12:58+00:00,7.254089,82211,46,11333.056432,active
2026-04-28T11:18:51.307212+00:00,_EHKT75Ir0g,UC5mQQ4Ur6oA8lsGFkvH2lyg,Noche De Chicxs,2026-04-23T18:00:38+00:00,4.720987,2807,45,594.579057,early
2026-04-28T11:18:51.307212+00:00,erf6YdpSakA,UCBBWpss2iXVXtTzl7-4eWbg,Jessica Fernández García,2026-04-21T22:26:55+00:00,6.536068,11808,45,1806.590752,early
2026-04-28T11:18:51.307212+00:00,g8NWmUdMh_E,UCqcbQf6yw5KzRoDDcZ_wBSw,Wes Roth,2026-04-23T20:28:48+00:00,4.618094,20427,44,4423.253403,early
2026-04-28T11:18:51.307212+00:00,jr8lgZvzA34,UCOD6LXgeBoeiUZTsPLdG-0g,Vida MRR - Programacion web,2026-04-22T23:00:46+00:00,5.512561,7891,44,1431.458083,early
2026-04-28T11:18:51.307212+00:00,Lw3RJgDjXh0,UCl5-lvQyfILb-l2abPk4Ntg,Inteligencia Artificial,2026-04-22T16:03:08+00:00,5.802585,7072,42,1218.767153,early
2026-04-28T11:18:51.307212+00:00,vaEGXlhFrJQ,UCjSVqRtdOsxQDss_pJpp_Yg,COMPUESTOS Podcast,2026-04-27T23:00:58+00:00,0.512423,46,42,89.769585,first_24h
2026-04-28T11:18:51.307212+00:00,KW2YQ1C0ECs,UCP7PV59jal4PobLeo5cSG_Q,Santiago Amat,2026-04-26T18:57:59+00:00,1.681161,576,42,342.620368,early
2026-04-28T11:18:51.307212+00:00,wFTojQEC2eE,UCP7PV59jal4PobLeo5cSG_Q,Santiago Amat,2026-04-23T18:04:55+00:00,4.718013,1114,42,236.116348,early
2026-04-28T11:18:51.307212+00:00,5cynqLNd1gA,UC9mrBfjgyOsqJ0J-zw7kZLQ,Atherion,2026-04-21T22:50:12+00:00,6.519899,4730,42,725.471361,early
2026-04-28T11:18:51.307212+00:00,vyUuhcDRcf4,UCF0L4jd9LcSIxsj5gKITMqQ,Jaime Higuera,2026-04-22T13:01:46+00:00,5.928534,9885,41,1667.359924,early
2026-04-28T11:18:51.307212+00:00,ZrTIAjdcBGM,UCP15FVAA2UL-QOcGhy7-ezA,EDteam,2026-04-22T01:19:03+00:00,6.416531,13233,41,2062.329318,early
2026-04-28T11:18:51.307212+00:00,1WQetpMA8-k,UC3nwmvE2aDzUSJ4evQ1NhoA,IA Innova,2026-04-21T18:45:01+00:00,6.690166,6369,39,951.994315,early
2026-04-28T11:18:51.307212+00:00,SrN39dykl7A,UCF0L4jd9LcSIxsj5gKITMqQ,Jaime Higuera,2026-04-24T18:00:33+00:00,3.721045,3751,38,1008.050158,early
2026-04-28T11:18:51.307212+00:00,uHx1N_qFfTw,UCF0L4jd9LcSIxsj5gKITMqQ,Jaime Higuera,2026-04-24T18:00:50+00:00,3.720848,2807,36,754.397922,early
2026-04-28T11:18:51.307212+00:00,C9V8L2emj9M,UCEK0oX3X2yK9y27khCsrNKg,Mis Propias Finanzas,2026-04-22T15:00:21+00:00,5.846184,3721,33,636.483559,early
2026-04-28T11:18:51.307212+00:00,l8F9Omk197E,UCxFACDJ98idvo9Gq9M9AQgg,Moris Dieck | Finanzas e Inversiones ,2026-04-21T01:00:45+00:00,7.42924,8874,33,1194.469421,active
2026-04-28T11:18:51.307212+00:00,Jlw306k4Sv0,UCF0L4jd9LcSIxsj5gKITMqQ,Jaime Higuera,2026-04-24T15:00:28+00:00,3.846103,2150,33,559.00739,early
2026-04-28T11:18:51.307212+00:00,FjxyqtLuh_M,UCbUYAYd1WUznxEEl498z7vA,Woshingo Streams,2026-04-21T05:34:45+00:00,7.238962,7208,33,995.722867,active
2026-04-28T11:18:51.307212+00:00,BwIlVEvq7mU,UCl5-lvQyfILb-l2abPk4Ntg,Inteligencia Artificial,2026-04-22T13:48:56+00:00,5.895779,6701,32,1136.575845,early
2026-04-28T11:18:51.307212+00:00,WVEngsk1RuQ,UCjSVqRtdOsxQDss_pJpp_Yg,COMPUESTOS Podcast,2026-04-24T02:00:34+00:00,4.3877,1698,32,386.990906,early
2026-04-28T11:18:51.307212+00:00,2F50vE7VUIw,UC5mQQ4Ur6oA8lsGFkvH2lyg,Noche De Chicxs,2026-04-21T23:08:19+00:00,6.507318,4588,31,705.052373,early
2026-04-28T11:18:51.307212+00:00,mTqDtRTKvqE,UCl5-lvQyfILb-l2abPk4Ntg,Inteligencia Artificial,2026-04-22T14:45:26+00:00,5.856543,6189,30,1056.766765,early
2026-04-28T11:18:51.307212+00:00,rWwPAnF8Qeo,UCRDQzsHtx2cXvzEXnEhbxBg,Mister Krax,2026-04-21T16:33:10+00:00,6.781728,8593,30,1267.081192,early
2026-04-28T11:18:51.307212+00:00,Bv4wqAVZ6Ps,UCuhw3KIv3wM14By2-LcxDGw,El Consejero,2026-04-22T03:18:47+00:00,6.333383,2288,29,361.260325,early
2026-04-28T11:18:51.307212+00:00,bGis_LtFRRo,UC5mQQ4Ur6oA8lsGFkvH2lyg,Noche De Chicxs,2026-04-22T00:00:40+00:00,6.470964,1231,27,190.234407,early
2026-04-28T11:18:51.307212+00:00,uOGqRV25LOc,UCF0L4jd9LcSIxsj5gKITMqQ,Jaime Higuera,2026-04-25T18:12:57+00:00,2.712434,1897,25,699.371856,early
2026-04-28T11:18:51.307212+00:00,qC_5K9u8nY4,UC5mQQ4Ur6oA8lsGFkvH2lyg,Noche De Chicxs,2026-04-21T18:10:16+00:00,6.714298,5773,25,859.806937,early
2026-04-28T11:18:51.307212+00:00,IiPyKNs5dtg,UC3nwmvE2aDzUSJ4evQ1NhoA,IA Innova,2026-04-23T18:45:01+00:00,4.690166,3398,25,724.494613,early
2026-04-28T11:18:51.307212+00:00,FR04V2DkErI,UCxFACDJ98idvo9Gq9M9AQgg,Moris Dieck | Finanzas e Inversiones ,2026-04-24T01:15:01+00:00,4.419332,2183,24,493.966056,early
2026-04-28T11:18:51.307212+00:00,ppy-SwlSnEo,UCHMSzZaVrEjK35aYK3J7Htw,Pequeño Cerdo Capitalista,2026-04-22T22:02:17+00:00,5.553175,2304,23,414.897784,early
2026-04-28T11:18:51.307212+00:00,RNi5EAKHQ_I,UCBBWpss2iXVXtTzl7-4eWbg,Jessica Fernández García,2026-04-21T17:06:40+00:00,6.758464,4317,23,638.754605,early
2026-04-28T11:18:51.307212+00:00,tysrC1PivVE,UCF0L4jd9LcSIxsj5gKITMqQ,Jaime Higuera,2026-04-23T10:01:33+00:00,5.053684,3614,22,715.121879,early
2026-04-28T11:18:51.307212+00:00,tqD_yn5Y_zQ,UCl5-lvQyfILb-l2abPk4Ntg,Inteligencia Artificial,2026-04-21T08:41:37+00:00,7.109193,3973,21,558.853867,active
2026-04-28T11:18:51.307212+00:00,kLhNERKdwd4,UCiqJoWIT-vm-hJoXilFGiUQ,Inversión Inteligente - Alain Cortés,2026-04-26T20:18:24+00:00,1.625316,787,21,484.213531,early
2026-04-28T11:18:51.307212+00:00,WSSQ8mtQicE,UC5mQQ4Ur6oA8lsGFkvH2lyg,Noche De Chicxs,2026-04-21T15:00:54+00:00,6.845802,3949,21,576.849871,early
2026-04-28T11:18:51.307212+00:00,HyTkdC8bhCg,UCbUYAYd1WUznxEEl498z7vA,Woshingo Streams,2026-04-22T05:23:07+00:00,6.247041,5505,21,881.217203,early
2026-04-28T11:18:51.307212+00:00,5qoKwHygsy8,UCHMSzZaVrEjK35aYK3J7Htw,Pequeño Cerdo Capitalista,2026-04-24T00:35:53+00:00,4.446508,3350,20,753.400196,early
2026-04-28T11:18:51.307212+00:00,kyojR7HQsVs,UCF0L4jd9LcSIxsj5gKITMqQ,Jaime Higuera,2026-04-24T13:29:27+00:00,3.909309,4433,20,1133.959991,early
2026-04-28T11:18:51.307212+00:00,LikC_lxkVEg,UCF0L4jd9LcSIxsj5gKITMqQ,Jaime Higuera,2026-04-23T13:00:44+00:00,4.929251,5958,20,1208.702904,early
2026-04-28T11:18:51.307212+00:00,QeK4l-iH51Y,UCl5-lvQyfILb-l2abPk4Ntg,Inteligencia Artificial,2026-04-21T10:14:12+00:00,7.044899,4319,19,613.067696,active
2026-04-28T11:18:51.307212+00:00,ymxpml7CipE,UCF0L4jd9LcSIxsj5gKITMqQ,Jaime Higuera,2026-04-23T14:01:37+00:00,4.886971,5149,19,1053.617875,early
2026-04-28T11:18:51.307212+00:00,hx45I5QyAFw,UCF0L4jd9LcSIxsj5gKITMqQ,Jaime Higuera,2026-04-22T15:01:23+00:00,5.845467,7170,18,1226.591477,early
2026-04-28T11:18:51.307212+00:00,kFVzax1iFW8,UCjSVqRtdOsxQDss_pJpp_Yg,COMPUESTOS Podcast,2026-04-27T01:00:41+00:00,1.429286,163,17,114.042956,early
2026-04-28T11:18:51.307212+00:00,vW1rzDI4KhM,UCF0L4jd9LcSIxsj5gKITMqQ,Jaime Higuera,2026-04-21T20:00:41+00:00,6.637619,3263,17,491.59194,early
2026-04-28T11:18:51.307212+00:00,eoXIFY2GZTw,UCF0L4jd9LcSIxsj5gKITMqQ,Jaime Higuera,2026-04-21T08:01:09+00:00,7.137295,21407,17,2999.315567,active
2026-04-28T11:18:51.307212+00:00,saLXbA_OCkE,UCiqJoWIT-vm-hJoXilFGiUQ,Inversión Inteligente - Alain Cortés,2026-04-27T02:00:00+00:00,1.388094,387,17,278.799563,early
2026-04-28T11:18:51.307212+00:00,wlOrP9Q1akA,UCiqJoWIT-vm-hJoXilFGiUQ,Inversión Inteligente - Alain Cortés,2026-04-23T15:30:42+00:00,4.825108,725,16,150.255704,early
2026-04-28T11:18:51.307212+00:00,IkNEALHWXUo,UCjSVqRtdOsxQDss_pJpp_Yg,COMPUESTOS Podcast,2026-04-24T01:00:25+00:00,4.429471,595,15,134.327553,early
2026-04-28T11:18:51.307212+00:00,cRKwXRLqKQM,UCF0L4jd9LcSIxsj5gKITMqQ,Jaime Higuera,2026-04-22T14:30:23+00:00,5.866994,3317,15,565.366182,early
2026-04-28T11:18:51.307212+00:00,5aR4agCS1OM,UCF0L4jd9LcSIxsj5gKITMqQ,Jaime Higuera,2026-04-21T19:00:11+00:00,6.679633,6328,15,947.357437,early
2026-04-28T11:18:51.307212+00:00,i6WQdQsE0kc,UCqcbQf6yw5KzRoDDcZ_wBSw,Wes Roth,2026-04-21T20:49:53+00:00,6.603453,10393,15,1573.873548,early
2026-04-28T11:18:51.307212+00:00,OHGtOI47r4M,UCWn_0MmgojB711LFX-jaCDQ,El Rincón Del Dev,2026-04-21T21:09:10+00:00,6.590061,5405,14,820.174502,early
2026-04-28T11:18:51.307212+00:00,2Ylfj8r_-V8,UCF0L4jd9LcSIxsj5gKITMqQ,Jaime Higuera,2026-04-23T09:00:07+00:00,5.096346,9215,13,1808.158237,early
2026-04-28T11:18:51.307212+00:00,VsjETURd7No,UCF0L4jd9LcSIxsj5gKITMqQ,Jaime Higuera,2026-04-22T14:01:00+00:00,5.887399,1757,13,298.433994,early
2026-04-28T11:18:51.307212+00:00,wm1qu3D9-ho,UCF0L4jd9LcSIxsj5gKITMqQ,Jaime Higuera,2026-04-21T09:01:18+00:00,7.095524,4054,13,571.346105,active
2026-04-28T11:18:51.307212+00:00,3wJvtiigDcg,UCF0L4jd9LcSIxsj5gKITMqQ,Jaime Higuera,2026-04-23T08:00:07+00:00,5.138013,2591,12,504.280546,early
2026-04-28T11:18:51.307212+00:00,Tx6waClZSYM,UCjSVqRtdOsxQDss_pJpp_Yg,COMPUESTOS Podcast,2026-04-23T02:00:22+00:00,5.387839,2878,11,534.165924,early
2026-04-28T11:18:51.307212+00:00,xSS2WTAglww,UCF0L4jd9LcSIxsj5gKITMqQ,Jaime Higuera,2026-04-23T11:01:25+00:00,5.01211,2890,11,576.603466,early
2026-04-28T11:18:51.307212+00:00,dA8XrnlFY5w,UCiqJoWIT-vm-hJoXilFGiUQ,Inversión Inteligente - Alain Cortés,2026-04-23T19:00:00+00:00,4.679761,953,11,203.642878,early
2026-04-28T11:18:51.307212+00:00,2q62qBqugJE,UCP7PV59jal4PobLeo5cSG_Q,Santiago Amat,2026-04-25T13:16:17+00:00,2.918453,874,11,299.473728,early
2026-04-28T11:18:51.307212+00:00,MOpYEt-XfaU,UCiqJoWIT-vm-hJoXilFGiUQ,Inversión Inteligente - Alain Cortés,2026-04-24T23:00:00+00:00,3.513094,791,10,225.157653,early
2026-04-28T11:18:51.307212+00:00,sZoT8IoDJTU,UCiqJoWIT-vm-hJoXilFGiUQ,Inversión Inteligente - Alain Cortés,2026-04-23T17:00:00+00:00,4.763094,657,9,137.935552,early
2026-04-28T11:18:51.307212+00:00,d4AaggbJACU,UCOD6LXgeBoeiUZTsPLdG-0g,Vida MRR - Programacion web,2026-04-25T15:54:23+00:00,2.808661,1059,9,377.047995,early
2026-04-28T11:18:51.307212+00:00,izQP0WI1i9A,UCF0L4jd9LcSIxsj5gKITMqQ,Jaime Higuera,2026-04-22T16:01:13+00:00,5.803916,4313,8,743.118956,early
2026-04-28T11:18:51.307212+00:00,50Esq3fgXzA,UCF0L4jd9LcSIxsj5gKITMqQ,Jaime Higuera,2026-04-21T21:30:01+00:00,6.575582,4005,8,609.071562,early
2026-04-28T11:18:51.307212+00:00,5DilrEUdYnY,UCxFACDJ98idvo9Gq9M9AQgg,Moris Dieck | Finanzas e Inversiones ,2026-04-22T17:59:56+00:00,5.721473,4624,7,808.183487,early
2026-04-28T11:18:51.307212+00:00,dUo1R8tp6zQ,UCjSVqRtdOsxQDss_pJpp_Yg,COMPUESTOS Podcast,2026-04-26T01:00:43+00:00,2.429263,242,7,99.618691,early
2026-04-28T11:18:51.307212+00:00,AWWSm291p7c,UCF0L4jd9LcSIxsj5gKITMqQ,Jaime Higuera,2026-04-22T18:00:15+00:00,5.721254,4756,6,831.286288,early
2026-04-28T11:18:51.307212+00:00,GQtuLY1Qs1Q,UCF0L4jd9LcSIxsj5gKITMqQ,Jaime Higuera,2026-04-22T17:00:20+00:00,5.762862,3639,6,631.457078,early
2026-04-28T11:18:51.307212+00:00,wvJLjIR3nRI,UCiqJoWIT-vm-hJoXilFGiUQ,Inversión Inteligente - Alain Cortés,2026-04-22T17:00:00+00:00,5.763094,635,6,110.18387,early
2026-04-28T11:18:51.307212+00:00,Enic64S66_s,UCl5-lvQyfILb-l2abPk4Ntg,Inteligencia Artificial,2026-04-21T14:05:59+00:00,6.883939,6002,5,871.884542,early
2026-04-28T11:18:51.307212+00:00,V4tlvp9IP_8,UCjSVqRtdOsxQDss_pJpp_Yg,COMPUESTOS Podcast,2026-04-25T01:15:02+00:00,3.419321,159,5,46.50046,early
2026-04-28T11:18:51.307212+00:00,pgFxsauDXjc,UCP15FVAA2UL-QOcGhy7-ezA,EDteam,2026-04-21T02:05:21+00:00,7.384379,7886,5,1067.930018,active
2026-04-28T11:18:51.307212+00:00,YNW_D7b60I4,UCiqJoWIT-vm-hJoXilFGiUQ,Inversión Inteligente - Alain Cortés,2026-04-25T03:00:00+00:00,3.346427,689,5,205.891239,early
2026-04-28T11:18:51.307212+00:00,4NHnN9EmDk0,UCjSVqRtdOsxQDss_pJpp_Yg,COMPUESTOS Podcast,2026-04-23T01:00:04+00:00,5.429714,338,4,62.250056,early
2026-04-28T11:18:51.307212+00:00,TCGbMJYgaYA,UCF0L4jd9LcSIxsj5gKITMqQ,Jaime Higuera,2026-04-23T12:00:52+00:00,4.970825,4684,4,942.298311,early
2026-04-28T11:18:51.307212+00:00,MCnA_GAeAfg,UCiqJoWIT-vm-hJoXilFGiUQ,Inversión Inteligente - Alain Cortés,2026-04-26T23:30:00+00:00,1.492261,465,4,311.607688,early
2026-04-28T11:18:51.307212+00:00,SZLTZDoVcfA,UCF0L4jd9LcSIxsj5gKITMqQ,Jaime Higuera,2026-04-21T19:30:04+00:00,6.658881,3449,3,517.954894,early
2026-04-28T11:18:51.307212+00:00,Mm2C9CRyDxY,UCiqJoWIT-vm-hJoXilFGiUQ,Inversión Inteligente - Alain Cortés,2026-04-22T21:00:00+00:00,5.596427,646,3,115.430792,early
2026-04-28T11:18:51.307212+00:00,nIrSjC_gsk8,UCiqJoWIT-vm-hJoXilFGiUQ,Inversión Inteligente - Alain Cortés,2026-04-22T01:00:00+00:00,6.429761,614,2,95.493441,early
2026-04-28T11:18:51.307212+00:00,-rDMPyp2tvQ,UCF0L4jd9LcSIxsj5gKITMqQ,Jaime Higuera,2026-04-21T21:00:00+00:00,6.596427,5533,1,838.787422,early
2026-04-28T11:18:51.307212+00:00,G1xuyxMOUNM,UCiqJoWIT-vm-hJoXilFGiUQ,Inversión Inteligente - Alain Cortés,2026-04-24T19:06:32+00:00,3.675223,1411,1,383.922282,early
2026-04-28T11:18:51.307212+00:00,0O8CF6F7CVs,UCQIUhtP5WYIx_pMG8UvMYHg,Cristina Dayz ,2026-04-23T10:32:02+00:00,5.032515,0,0,0,early
2026-04-28T11:18:51.307212+00:00,IaUn-c8Lxss,UCiqJoWIT-vm-hJoXilFGiUQ,Inversión Inteligente - Alain Cortés,2026-04-21T23:26:44+00:00,6.494529,577,0,88.84401,early
2026-04-28T11:18:51.307212+00:00,IBBboS2nK3c,UCl5-lvQyfILb-l2abPk4Ntg,Inteligencia Artificial,2026-04-28T10:01:19+00:00,0.053846,440,,8171.451918,first_24h
2026-04-28T11:18:51.307212+00:00,iS1jGgfO9Z0,UCl5-lvQyfILb-l2abPk4Ntg,Inteligencia Artificial,2026-04-28T08:45:26+00:00,0.106543,570,,5349.952601,first_24h
2026-04-28T11:18:51.307212+00:00,0dwlHNDdn2s,UCxFACDJ98idvo9Gq9M9AQgg,Moris Dieck | Finanzas e Inversiones ,2026-04-28T01:00:01+00:00,0.429749,1589,,3697.50715,first_24h
2026-04-28T11:18:51.307212+00:00,if955Z_s4Ts,UCUyDOdBWhC1MCxEjC46d-zw,Alex Hormozi,2026-04-28T11:00:00+00:00,0.013094,1305,,31320,first_24h
2026-04-28T11:18:51.307212+00:00,1VSBgPn28zA,UCUyDOdBWhC1MCxEjC46d-zw,Alex Hormozi,2026-04-28T09:00:00+00:00,0.096427,4822,,50006.740851,first_24h
2026-04-28T11:18:51.307212+00:00,_dASAu79K0s,UCUyDOdBWhC1MCxEjC46d-zw,Alex Hormozi,2026-04-28T07:00:00+00:00,0.179761,3762,,20927.787451,first_24h
2026-04-28T11:18:51.307212+00:00,Hs6RxFMX1i4,UCUyDOdBWhC1MCxEjC46d-zw,Alex Hormozi,2026-04-28T05:00:00+00:00,0.263094,5459,,20749.237915,first_24h
2026-04-28T11:18:51.307212+00:00,cnCEUFzWspI,UCUyDOdBWhC1MCxEjC46d-zw,Alex Hormozi,2026-04-28T03:00:00+00:00,0.346427,14581,,42089.675458,first_24h
2026-04-28T11:18:51.307212+00:00,kLJNcHqVmJA,UC9WGON3pXofvE958Uq3Lw3Q,Exito Financiero,2026-04-28T00:50:32+00:00,0.436335,2007,,4599.676854,first_24h
2026-04-28T11:18:51.307212+00:00,UWRxdKxuOb8,UCF0L4jd9LcSIxsj5gKITMqQ,Jaime Higuera,2026-04-28T08:00:27+00:00,0.137781,1002,,7272.410565,first_24h
2026-04-28T11:18:51.307212+00:00,kXenRXelpKs,UCoOae5nYA7VqaXzerajD0lg,Ali Abdaal,2026-04-28T10:01:11+00:00,0.053939,1930,,35781.160199,first_24h
2026-04-28T11:18:51.307212+00:00,VVfMO6SJZLw,UCdNnEDbRWhanA1O8zhCn3ZA,Omar - Educación Financiera,2026-04-28T01:20:34+00:00,0.415478,7802,,18778.370937,first_24h
2026-04-28T11:18:51.307212+00:00,ieJE93iObcI,UCuhw3KIv3wM14By2-LcxDGw,El Consejero,2026-04-28T03:56:57+00:00,0.306879,563,,1834.599305,first_24h
2026-04-28T11:18:51.307212+00:00,YhNUPGphSM8,UCDV1MWcRLthxSrmb2Zv-jeg,Ricardo Alca2,2026-04-28T00:46:54+00:00,0.438858,22900,,52180.887668,first_24h
2026-04-28T11:18:51.307212+00:00,CF4oRpaLSqw,UCbUYAYd1WUznxEEl498z7vA,Woshingo Streams,2026-04-28T05:19:21+00:00,0.249656,3717,,14888.486558,first_24h
2026-04-28T11:18:51.307212+00:00,RVu1kgj-miw,UCRDQzsHtx2cXvzEXnEhbxBg,Mister Krax,2026-04-28T05:32:50+00:00,0.240293,1163,,4839.924592,first_24h
2026-04-28T11:18:51.307212+00:00,_QHAqfILwPk,UCBBWpss2iXVXtTzl7-4eWbg,Jessica Fernández García,2026-04-28T02:03:09+00:00,0.385906,1379,,3573.409069,first_24h
2026-04-28T11:18:51.307212+00:00,o8YcWD2ri9U,UC52kszkc08-acFOuogFl5jw,Tibees,2026-04-28T09:16:57+00:00,0.084656,2128,,25137.025137,first_24h
